2025-08-13T18:34:14.022Z [INFO] Application starting...
2025-08-13T18:34:14.024Z [INFO] Running pre-flight checks...
2025-08-13T18:34:14.024Z [INFO] Verifying mail server status for each configured domain...
2025-08-13T18:34:14.025Z [INFO] Constructed API URL: https://my.luxurydmc.travel/api/v1/mail/luxurydmc.travel/status
2025-08-13T18:34:14.025Z [DEBUG] Making API call with options: {}
2025-08-13T18:34:14.333Z [DEBUG] API call successful: GET https://my.luxurydmc.travel/api/v1/mail/luxurydmc.travel/status
2025-08-13T18:34:14.333Z [INFO] Domain 'luxurydmc.travel' is configured correctly for mail.
2025-08-13T18:34:14.334Z [INFO] Starting in development mode.
2025-08-13T18:34:14.334Z [INFO] Server starting on http://localhost:8020
2025-08-13T18:34:34.154Z [INFO] GET / - 200
2025-08-13T18:34:34.168Z [INFO] GET /style.css - 200
2025-08-13T18:34:34.171Z [INFO] GET /script.js - 200
2025-08-13T18:34:34.219Z [DEBUG] Basic Auth attempt for user: admin
2025-08-13T18:34:34.219Z [INFO] Basic Auth successful for user: admin
2025-08-13T18:34:34.219Z [INFO] Request received to list users.
2025-08-13T18:34:34.219Z [INFO] No cached group ID. Fetching group info for "luxurydmc"...
2025-08-13T18:34:34.219Z [INFO] Constructed API URL: https://my.luxurydmc.travel/api/v1/groups?search=luxurydmc
2025-08-13T18:34:34.220Z [DEBUG] Making API call with options: {}
2025-08-13T18:34:34.221Z [DEBUG] Basic Auth attempt for user: admin
2025-08-13T18:34:34.221Z [INFO] Basic Auth successful for user: admin
2025-08-13T18:34:34.221Z [INFO] Constructed API URL: https://my.luxurydmc.travel/api/v1/mail/luxurydmc.travel/mailboxes
2025-08-13T18:34:34.222Z [DEBUG] Making API call with options: {}
2025-08-13T18:34:34.222Z [INFO] Constructed API URL: https://my.luxurydmc.travel/api/v1/users
2025-08-13T18:34:34.222Z [DEBUG] Making API call with options: {}
2025-08-13T18:34:34.262Z [DEBUG] API call successful: GET https://my.luxurydmc.travel/api/v1/groups?search=luxurydmc
2025-08-13T18:34:34.263Z [INFO] Managing users for group: luxurydmc (ID: gid-5d8b1201-3e87-415f-ab4c-66bf5ed523f3)
2025-08-13T18:34:34.263Z [INFO] Constructed API URL: https://my.luxurydmc.travel/api/v1/users
2025-08-13T18:34:34.263Z [DEBUG] Making API call with options: {}
2025-08-13T18:34:34.263Z [INFO] Constructed API URL: https://my.luxurydmc.travel/api/v1/groups/gid-5d8b1201-3e87-415f-ab4c-66bf5ed523f3
2025-08-13T18:34:34.264Z [DEBUG] Making API call with options: {}
2025-08-13T18:34:34.308Z [DEBUG] API call successful: GET https://my.luxurydmc.travel/api/v1/users
2025-08-13T18:34:34.310Z [DEBUG] API call successful: GET https://my.luxurydmc.travel/api/v1/mail/luxurydmc.travel/mailboxes
2025-08-13T18:34:34.311Z [INFO] Found 4 total mailboxes, returning 3 after exclusions.
2025-08-13T18:34:34.311Z [INFO] GET /api/mailboxes - 200
2025-08-13T18:34:34.314Z [DEBUG] Basic Auth attempt for user: admin
2025-08-13T18:34:34.314Z [INFO] Basic Auth successful for user: admin
2025-08-13T18:34:34.315Z [INFO] Serving config with valid domains: {"domains":["luxurydmc.travel"],"brandName":"Streamway - Luxury Vacation "}
2025-08-13T18:34:34.315Z [INFO] GET /api/config - 200
2025-08-13T18:34:34.350Z [DEBUG] API call successful: GET https://my.luxurydmc.travel/api/v1/groups/gid-5d8b1201-3e87-415f-ab4c-66bf5ed523f3
2025-08-13T18:34:34.350Z [DEBUG] API call successful: GET https://my.luxurydmc.travel/api/v1/users
2025-08-13T18:34:34.351Z [INFO] Found 4 users in group, returning 3 after exclusions.
2025-08-13T18:34:34.351Z [INFO] GET /api/users - 200
2025-08-13T18:34:46.542Z [DEBUG] Basic Auth attempt for user: admin
2025-08-13T18:34:46.543Z [INFO] Basic Auth successful for user: admin
2025-08-13T18:34:46.543Z [INFO] Request received to generate password reset for user ID: uid-ce2f9381-4db7-44b1-bf1a-fd44a18ccbc7
2025-08-13T18:34:46.543Z [INFO] Constructed API URL: https://my.luxurydmc.travel/api/v1/users/uid-ce2f9381-4db7-44b1-bf1a-fd44a18ccbc7/password_reset_link
2025-08-13T18:34:46.543Z [DEBUG] Making API call with options: {"method":"GET"}
2025-08-13T18:34:46.590Z [DEBUG] API call successful: GET https://my.luxurydmc.travel/api/v1/users/uid-ce2f9381-4db7-44b1-bf1a-fd44a18ccbc7/password_reset_link
2025-08-13T18:34:46.599Z [INFO] [AUDIT] Generated password reset link for user ID 'uid-ce2f9381-4db7-44b1-bf1a-fd44a18ccbc7'
2025-08-13T18:34:46.600Z [INFO] Successfully generated password reset for user uid-ce2f9381-4db7-44b1-bf1a-fd44a18ccbc7.
2025-08-13T18:34:46.600Z [INFO] POST /api/users/uid-ce2f9381-4db7-44b1-bf1a-fd44a18ccbc7/reset-password - 200
2025-08-13T18:35:00.152Z [DEBUG] Basic Auth attempt for user: admin
2025-08-13T18:35:00.152Z [INFO] Basic Auth successful for user: admin
2025-08-13T18:35:00.152Z [INFO] Request received to generate password reset for user ID: uid-ce2f9381-4db7-44b1-bf1a-fd44a18ccbc7
2025-08-13T18:35:00.152Z [INFO] Constructed API URL: https://my.luxurydmc.travel/api/v1/users/uid-ce2f9381-4db7-44b1-bf1a-fd44a18ccbc7/password_reset_link
2025-08-13T18:35:00.152Z [DEBUG] Making API call with options: {"method":"GET"}
2025-08-13T18:35:00.200Z [DEBUG] API call successful: GET https://my.luxurydmc.travel/api/v1/users/uid-ce2f9381-4db7-44b1-bf1a-fd44a18ccbc7/password_reset_link
2025-08-13T18:35:00.205Z [INFO] [AUDIT] Generated password reset link for user ID 'uid-ce2f9381-4db7-44b1-bf1a-fd44a18ccbc7'
2025-08-13T18:35:00.206Z [INFO] Successfully generated password reset for user uid-ce2f9381-4db7-44b1-bf1a-fd44a18ccbc7.
2025-08-13T18:35:00.206Z [INFO] POST /api/users/uid-ce2f9381-4db7-44b1-bf1a-fd44a18ccbc7/reset-password - 200
2025-08-13T18:35:11.807Z [INFO] GET / - 200
2025-08-13T18:35:11.821Z [INFO] GET /style.css - 200
2025-08-13T18:35:11.823Z [INFO] GET /script.js - 200
2025-08-13T18:35:11.866Z [DEBUG] Basic Auth attempt for user: admin
2025-08-13T18:35:11.867Z [INFO] Basic Auth successful for user: admin
2025-08-13T18:35:11.867Z [INFO] Request received to list users.
2025-08-13T18:35:11.867Z [INFO] Constructed API URL: https://my.luxurydmc.travel/api/v1/users
2025-08-13T18:35:11.867Z [DEBUG] Making API call with options: {}
2025-08-13T18:35:11.868Z [INFO] Constructed API URL: https://my.luxurydmc.travel/api/v1/groups/gid-5d8b1201-3e87-415f-ab4c-66bf5ed523f3
2025-08-13T18:35:11.868Z [DEBUG] Making API call with options: {}
2025-08-13T18:35:11.870Z [DEBUG] Basic Auth attempt for user: admin
2025-08-13T18:35:11.870Z [INFO] Basic Auth successful for user: admin
2025-08-13T18:35:11.870Z [INFO] Constructed API URL: https://my.luxurydmc.travel/api/v1/mail/luxurydmc.travel/mailboxes
2025-08-13T18:35:11.871Z [DEBUG] Making API call with options: {}
2025-08-13T18:35:11.871Z [INFO] Constructed API URL: https://my.luxurydmc.travel/api/v1/users
2025-08-13T18:35:11.871Z [DEBUG] Making API call with options: {}
2025-08-13T18:35:11.872Z [DEBUG] Basic Auth attempt for user: admin
2025-08-13T18:35:11.872Z [INFO] Basic Auth successful for user: admin
2025-08-13T18:35:11.872Z [INFO] Serving config with valid domains: {"domains":["luxurydmc.travel"],"brandName":"Streamway - Luxury Vacation "}
2025-08-13T18:35:11.873Z [INFO] GET /api/config - 200
2025-08-13T18:35:11.912Z [DEBUG] API call successful: GET https://my.luxurydmc.travel/api/v1/groups/gid-5d8b1201-3e87-415f-ab4c-66bf5ed523f3
2025-08-13T18:35:11.913Z [DEBUG] API call successful: GET https://my.luxurydmc.travel/api/v1/users
2025-08-13T18:35:11.913Z [INFO] Found 4 users in group, returning 3 after exclusions.
2025-08-13T18:35:11.914Z [INFO] GET /api/users - 200
2025-08-13T18:35:11.962Z [DEBUG] API call successful: GET https://my.luxurydmc.travel/api/v1/mail/luxurydmc.travel/mailboxes
2025-08-13T18:35:11.963Z [DEBUG] API call successful: GET https://my.luxurydmc.travel/api/v1/users
2025-08-13T18:35:11.963Z [INFO] Found 4 total mailboxes, returning 3 after exclusions.
2025-08-13T18:35:11.964Z [INFO] GET /api/mailboxes - 200
2025-08-13T18:35:16.242Z [DEBUG] Basic Auth attempt for user: admin
2025-08-13T18:35:16.243Z [INFO] Basic Auth successful for user: admin
2025-08-13T18:35:16.243Z [INFO] Request received to generate password reset for user ID: uid-ce2f9381-4db7-44b1-bf1a-fd44a18ccbc7
2025-08-13T18:35:16.243Z [INFO] Constructed API URL: https://my.luxurydmc.travel/api/v1/users/uid-ce2f9381-4db7-44b1-bf1a-fd44a18ccbc7/password_reset_link
2025-08-13T18:35:16.243Z [DEBUG] Making API call with options: {"method":"GET"}
2025-08-13T18:35:16.288Z [DEBUG] API call successful: GET https://my.luxurydmc.travel/api/v1/users/uid-ce2f9381-4db7-44b1-bf1a-fd44a18ccbc7/password_reset_link
2025-08-13T18:35:16.296Z [INFO] [AUDIT] Generated password reset link for user ID 'uid-ce2f9381-4db7-44b1-bf1a-fd44a18ccbc7'
2025-08-13T18:35:16.296Z [INFO] Successfully generated password reset for user uid-ce2f9381-4db7-44b1-bf1a-fd44a18ccbc7.
2025-08-13T18:35:16.296Z [INFO] POST /api/users/uid-ce2f9381-4db7-44b1-bf1a-fd44a18ccbc7/reset-password - 200
2025-08-13T18:35:50.487Z [DEBUG] Basic Auth attempt for user: admin
2025-08-13T18:35:50.487Z [INFO] Basic Auth successful for user: admin
2025-08-13T18:35:50.488Z [INFO] Constructed API URL: https://my.luxurydmc.travel/api/v1/users/uid-ce2f9381-4db7-44b1-bf1a-fd44a18ccbc7/password
2025-08-13T18:35:50.488Z [DEBUG] Making API call with options: {"method":"POST","body":"{\"password\":\"testtest\"}"}
2025-08-13T18:35:50.613Z [DEBUG] API call successful: POST https://my.luxurydmc.travel/api/v1/users/uid-ce2f9381-4db7-44b1-bf1a-fd44a18ccbc7/password
2025-08-13T18:35:50.626Z [INFO] [AUDIT] Set password for user with ID 'uid-ce2f9381-4db7-44b1-bf1a-fd44a18ccbc7'
2025-08-13T18:35:50.636Z [INFO] [AUDIT] Stored password for user marketing
2025-08-13T18:35:50.636Z [INFO] Successfully set password for user uid-ce2f9381-4db7-44b1-bf1a-fd44a18ccbc7.
2025-08-13T18:35:50.637Z [INFO] POST /api/users/uid-ce2f9381-4db7-44b1-bf1a-fd44a18ccbc7/password - 200
2025-08-13T18:36:45.718Z [DEBUG] Basic Auth attempt for user: admin
2025-08-13T18:36:45.718Z [INFO] Basic Auth successful for user: admin
2025-08-13T18:36:45.718Z [INFO] Request received to view stored passwords.
2025-08-13T18:36:45.718Z [INFO] Retrieving stored passwords from KV store.
2025-08-13T18:36:45.722Z [DEBUG] Basic Auth attempt for user: admin
2025-08-13T18:36:45.723Z [INFO] Basic Auth successful for user: admin
2025-08-13T18:36:45.723Z [INFO] Request received to view audit logs.
2025-08-13T18:36:45.723Z [INFO] Retrieving audit logs from KV store.
2025-08-13T18:36:45.730Z [INFO] Retrieved 1 stored passwords.
2025-08-13T18:36:45.731Z [INFO] GET /api/logs/passwords - 200
2025-08-13T18:36:45.761Z [INFO] Retrieved 34 audit log entries.
2025-08-13T18:36:45.761Z [INFO] GET /api/logs - 200
2025-08-13T18:43:30.287Z [INFO] GET / - 200
2025-08-13T18:43:30.300Z [INFO] GET /style.css - 200
2025-08-13T18:43:30.301Z [INFO] GET /script.js - 200
2025-08-13T18:43:32.836Z [INFO] GET / - 200
2025-08-13T18:43:32.849Z [INFO] GET /style.css - 200
2025-08-13T18:43:32.850Z [INFO] GET /script.js - 200
2025-08-13T18:43:50.095Z [INFO] Application starting...
2025-08-13T18:43:50.096Z [INFO] Running pre-flight checks...
2025-08-13T18:43:50.097Z [INFO] Verifying mail server status for each configured domain...
2025-08-13T18:43:50.097Z [INFO] Constructed API URL: https://my.luxurydmc.travel/api/v1/mail/luxurydmc.travel/status
2025-08-13T18:43:50.097Z [DEBUG] Making API call with options: {}
2025-08-13T18:43:50.597Z [DEBUG] API call successful: GET https://my.luxurydmc.travel/api/v1/mail/luxurydmc.travel/status
2025-08-13T18:43:50.598Z [INFO] Domain 'luxurydmc.travel' is configured correctly for mail.
2025-08-13T18:43:50.599Z [INFO] Starting in development mode.
2025-08-13T18:43:50.599Z [INFO] Server starting on http://localhost:8020
2025-08-13T18:44:34.382Z [INFO] Application starting...
2025-08-13T18:44:34.383Z [INFO] Running pre-flight checks...
2025-08-13T18:44:34.384Z [INFO] Verifying mail server status for each configured domain...
2025-08-13T18:44:34.384Z [INFO] Constructed API URL: https://my.luxurydmc.travel/api/v1/mail/luxurydmc.travel/status
2025-08-13T18:44:34.384Z [DEBUG] Making API call with options: {}
2025-08-13T18:44:34.816Z [DEBUG] API call successful: GET https://my.luxurydmc.travel/api/v1/mail/luxurydmc.travel/status
2025-08-13T18:44:34.817Z [INFO] Domain 'luxurydmc.travel' is configured correctly for mail.
2025-08-13T18:44:34.818Z [INFO] Starting in development mode.
2025-08-13T18:44:34.818Z [INFO] Server starting on http://localhost:8020
2025-08-13T18:45:50.086Z [INFO] GET / - 200
2025-08-13T18:45:50.106Z [INFO] GET /script.js - 200
2025-08-13T18:45:50.106Z [INFO] GET /style.css - 200
2025-08-13T18:46:11.763Z [INFO] Application starting...
2025-08-13T18:46:11.765Z [INFO] Running pre-flight checks...
2025-08-13T18:46:11.766Z [INFO] Verifying mail server status for each configured domain...
2025-08-13T18:46:11.766Z [INFO] Constructed API URL: https://my.luxurydmc.travel/api/v1/mail/luxurydmc.travel/status
2025-08-13T18:46:11.766Z [DEBUG] Making API call with options: {}
2025-08-13T18:46:12.186Z [DEBUG] API call successful: GET https://my.luxurydmc.travel/api/v1/mail/luxurydmc.travel/status
2025-08-13T18:46:12.187Z [INFO] Domain 'luxurydmc.travel' is configured correctly for mail.
2025-08-13T18:46:12.188Z [INFO] Starting in development mode.
2025-08-13T18:46:12.188Z [INFO] Server starting on http://localhost:8020
2025-08-13T18:46:16.175Z [INFO] GET / - 200
2025-08-13T18:46:16.196Z [INFO] GET /style.css - 200
2025-08-13T18:46:16.201Z [INFO] GET /script.js - 200
2025-08-13T18:46:17.478Z [INFO] GET / - 200
2025-08-13T18:46:17.490Z [INFO] GET /style.css - 200
2025-08-13T18:46:17.492Z [INFO] GET /script.js - 200
2025-08-13T18:47:20.410Z [INFO] GET / - 200
2025-08-13T18:47:20.437Z [INFO] GET /style.css - 200
2025-08-13T18:47:20.440Z [INFO] GET /script.js - 200
2025-08-13T18:47:20.493Z [INFO] GET /favicon.ico - 404
2025-08-13T18:47:29.215Z [INFO] GET / - 200
2025-08-13T18:47:29.229Z [INFO] GET /style.css - 200
2025-08-13T18:47:29.230Z [INFO] GET /script.js - 200
2025-08-13T18:49:40.861Z [INFO] Application starting...
2025-08-13T18:49:40.862Z [INFO] Running pre-flight checks...
2025-08-13T18:49:40.863Z [INFO] Verifying mail server status for each configured domain...
2025-08-13T18:49:40.864Z [INFO] Constructed API URL: https://my.luxurydmc.travel/api/v1/mail/luxurydmc.travel/status
2025-08-13T18:49:40.864Z [DEBUG] Making API call with options: {}
2025-08-13T18:49:41.487Z [DEBUG] API call successful: GET https://my.luxurydmc.travel/api/v1/mail/luxurydmc.travel/status
2025-08-13T18:49:41.488Z [INFO] Domain 'luxurydmc.travel' is configured correctly for mail.
2025-08-13T18:49:41.488Z [INFO] Starting in development mode.
2025-08-13T18:49:41.489Z [INFO] Server starting on http://localhost:8020
2025-08-13T18:50:06.278Z [INFO] GET / - 200
2025-08-13T18:50:06.292Z [INFO] GET /style.css - 200
2025-08-13T18:50:06.293Z [INFO] GET /script.js - 200
2025-08-13T18:50:07.209Z [INFO] GET / - 200
2025-08-13T18:50:07.222Z [INFO] GET /style.css - 200
2025-08-13T18:50:07.222Z [INFO] GET /script.js - 200
2025-08-13T18:50:07.854Z [INFO] GET / - 200
2025-08-13T18:50:07.867Z [INFO] GET /style.css - 200
2025-08-13T18:50:07.868Z [INFO] GET /script.js - 200
2025-08-13T18:50:08.040Z [INFO] GET / - 200
2025-08-13T18:50:08.057Z [INFO] GET /style.css - 200
2025-08-13T18:50:08.059Z [INFO] GET /script.js - 200
2025-08-13T18:50:29.087Z [INFO] Application starting...
2025-08-13T18:50:29.088Z [INFO] Running pre-flight checks...
2025-08-13T18:50:29.089Z [INFO] Verifying mail server status for each configured domain...
2025-08-13T18:50:29.089Z [INFO] Constructed API URL: https://my.luxurydmc.travel/api/v1/mail/luxurydmc.travel/status
2025-08-13T18:50:29.090Z [DEBUG] Making API call with options: {}
2025-08-13T18:50:29.441Z [DEBUG] API call successful: GET https://my.luxurydmc.travel/api/v1/mail/luxurydmc.travel/status
2025-08-13T18:50:29.442Z [INFO] Domain 'luxurydmc.travel' is configured correctly for mail.
2025-08-13T18:50:29.443Z [INFO] Starting in development mode.
2025-08-13T18:50:29.444Z [INFO] Server starting on http://localhost:8020
2025-08-13T18:50:31.757Z [INFO] GET / - 200
2025-08-13T18:50:31.774Z [INFO] GET /style.css - 200
2025-08-13T18:50:31.778Z [INFO] GET /script.js - 200
2025-08-13T18:50:32.942Z [INFO] GET / - 200
2025-08-13T18:50:32.956Z [INFO] GET /style.css - 200
2025-08-13T18:50:32.958Z [INFO] GET /script.js - 200
2025-08-13T18:50:36.722Z [INFO] GET /style.css - 200
2025-08-13T18:50:36.779Z [INFO] GET /.well-known/appspecific/com.chrome.devtools.json - 404
2025-08-13T18:50:44.770Z [INFO] GET / - 200
2025-08-13T18:50:44.788Z [INFO] GET /style.css - 200
2025-08-13T18:50:44.791Z [INFO] GET /script.js - 200
2025-08-13T18:50:44.817Z [INFO] GET /.well-known/appspecific/com.chrome.devtools.json - 404
2025-08-13T19:00:49.002Z [INFO] Application starting...
2025-08-13T19:00:49.003Z [INFO] Running pre-flight checks...
2025-08-13T19:00:49.004Z [INFO] Verifying mail server status for each configured domain...
2025-08-13T19:00:49.004Z [INFO] Constructed API URL: https://my.luxurydmc.travel/api/v1/mail/luxurydmc.travel/status
2025-08-13T19:00:49.004Z [DEBUG] Making API call with options: {}
2025-08-13T19:00:49.568Z [DEBUG] API call successful: GET https://my.luxurydmc.travel/api/v1/mail/luxurydmc.travel/status
2025-08-13T19:00:49.569Z [INFO] Domain 'luxurydmc.travel' is configured correctly for mail.
2025-08-13T19:00:49.570Z [INFO] Starting in development mode.
2025-08-13T19:00:49.571Z [INFO] Server starting on http://localhost:8020
2025-08-13T19:00:55.499Z [INFO] GET / - 200
2025-08-13T19:00:55.518Z [INFO] GET /style.css - 200
2025-08-13T19:00:55.521Z [INFO] GET /script.js - 200
2025-08-13T19:04:43.403Z [INFO] Application starting...
2025-08-13T19:04:43.404Z [INFO] Running pre-flight checks...
2025-08-13T19:04:43.404Z [INFO] Verifying mail server status for each configured domain...
2025-08-13T19:04:43.405Z [INFO] Constructed API URL: https://my.luxurydmc.travel/api/v1/mail/luxurydmc.travel/status
2025-08-13T19:04:43.405Z [DEBUG] Making API call with options: {}
2025-08-13T19:04:43.956Z [DEBUG] API call successful: GET https://my.luxurydmc.travel/api/v1/mail/luxurydmc.travel/status
2025-08-13T19:04:43.957Z [INFO] Domain 'luxurydmc.travel' is configured correctly for mail.
2025-08-13T19:04:43.957Z [INFO] Starting in development mode.
2025-08-13T19:04:43.958Z [INFO] Server starting on http://localhost:8020
2025-08-13T19:05:05.971Z [INFO] GET / - 200
2025-08-13T19:05:05.989Z [INFO] GET /style.css - 200
2025-08-13T19:05:05.989Z [INFO] GET /script.js - 200
2025-08-13T19:05:06.993Z [INFO] GET / - 200
2025-08-13T19:05:07.005Z [INFO] GET /style.css - 200
2025-08-13T19:05:07.007Z [INFO] GET /script.js - 200
2025-08-13T19:07:00.566Z [INFO] Application starting...
2025-08-13T19:07:00.567Z [INFO] Running pre-flight checks...
2025-08-13T19:07:00.568Z [INFO] Verifying mail server status for each configured domain...
2025-08-13T19:07:00.568Z [INFO] Constructed API URL: https://my.luxurydmc.travel/api/v1/mail/luxurydmc.travel/status
2025-08-13T19:07:00.568Z [DEBUG] Making API call with options: {}
2025-08-13T19:07:01.187Z [DEBUG] API call successful: GET https://my.luxurydmc.travel/api/v1/mail/luxurydmc.travel/status
2025-08-13T19:07:01.187Z [INFO] Domain 'luxurydmc.travel' is configured correctly for mail.
2025-08-13T19:07:01.188Z [INFO] Starting in development mode.
2025-08-13T19:07:01.189Z [INFO] Server starting on http://localhost:8020
2025-08-13T19:08:15.732Z [INFO] GET / - 200
2025-08-13T19:08:15.751Z [INFO] GET /style.css - 200
2025-08-13T19:08:15.752Z [INFO] GET /script.js - 200
2025-08-13T19:08:16.771Z [INFO] GET / - 200
2025-08-13T19:08:16.784Z [INFO] GET /style.css - 200
2025-08-13T19:08:16.786Z [INFO] GET /script.js - 200
2025-08-13T19:10:22.174Z [INFO] Application starting...
2025-08-13T19:10:22.175Z [INFO] Running pre-flight checks...
2025-08-13T19:10:22.176Z [INFO] Verifying mail server status for each configured domain...
2025-08-13T19:10:22.176Z [INFO] Constructed API URL: https://my.luxurydmc.travel/api/v1/mail/luxurydmc.travel/status
2025-08-13T19:10:22.176Z [DEBUG] Making API call with options: {}
2025-08-13T19:10:22.536Z [DEBUG] API call successful: GET https://my.luxurydmc.travel/api/v1/mail/luxurydmc.travel/status
2025-08-13T19:10:22.537Z [INFO] Domain 'luxurydmc.travel' is configured correctly for mail.
2025-08-13T19:10:22.537Z [INFO] Starting in development mode.
2025-08-13T19:10:22.538Z [INFO] Server starting on http://localhost:8020
2025-08-13T19:10:41.815Z [INFO] Application starting...
2025-08-13T19:10:41.818Z [INFO] Running pre-flight checks...
2025-08-13T19:10:41.819Z [INFO] Verifying mail server status for each configured domain...
2025-08-13T19:10:41.820Z [INFO] Constructed API URL: https://my.luxurydmc.travel/api/v1/mail/luxurydmc.travel/status
2025-08-13T19:10:41.820Z [DEBUG] Making API call with options: {}
2025-08-13T19:10:42.262Z [DEBUG] API call successful: GET https://my.luxurydmc.travel/api/v1/mail/luxurydmc.travel/status
2025-08-13T19:10:42.263Z [INFO] Domain 'luxurydmc.travel' is configured correctly for mail.
2025-08-13T19:10:42.264Z [INFO] Starting in development mode.
2025-08-13T19:10:42.265Z [INFO] Server starting on http://localhost:8020
2025-08-13T19:10:45.973Z [INFO] GET / - 200
2025-08-13T19:10:45.990Z [INFO] GET /style.css - 200
2025-08-13T19:10:45.994Z [INFO] GET /script.js - 200
2025-08-13T19:10:47.356Z [INFO] GET / - 200
2025-08-13T19:10:47.369Z [INFO] GET /style.css - 200
2025-08-13T19:10:47.369Z [INFO] GET /script.js - 200
2025-08-13T19:12:56.891Z [INFO] Application starting...
2025-08-13T19:12:56.892Z [INFO] Running pre-flight checks...
2025-08-13T19:12:56.893Z [INFO] Verifying mail server status for each configured domain...
2025-08-13T19:12:56.893Z [INFO] --- Initiating Cloudron API Call ---
2025-08-13T19:12:56.893Z [INFO] Attempting to use CLOUDRON_API_URL: https://my.luxurydmc.travel,example.com
2025-08-13T19:12:56.894Z [INFO] Attempting to use CLOUDRON_API_TOKEN: e03ee...
2025-08-13T19:12:56.894Z [INFO] Making API call: GET https://my.luxurydmc.travel/api/v1/mail/luxurydmc.travel/status
2025-08-13T19:12:57.689Z [INFO] API call to https://my.luxurydmc.travel/api/v1/mail/luxurydmc.travel/status completed with status: 200
2025-08-13T19:12:57.690Z [DEBUG] API call successful.
2025-08-13T19:12:57.691Z [INFO] --- Cloudron API Call Finished ---
2025-08-13T19:12:57.692Z [INFO] Domain 'luxurydmc.travel' is configured correctly for mail.
2025-08-13T19:12:57.692Z [INFO] Starting in development mode.
2025-08-13T19:12:57.693Z [INFO] Server starting on http://localhost:8020
2025-08-13T19:13:45.896Z [INFO] Application starting...
2025-08-13T19:13:45.897Z [INFO] Running pre-flight checks...
2025-08-13T19:13:45.897Z [INFO] Verifying mail server status for each configured domain...
2025-08-13T19:13:45.898Z [DEBUG] Making API call: GET https://my.luxurydmc.travel/api/v1/mail/luxurydmc.travel/status
2025-08-13T19:13:46.234Z [DEBUG] API call successful: GET https://my.luxurydmc.travel/api/v1/mail/luxurydmc.travel/status
2025-08-13T19:13:46.234Z [INFO] Domain 'luxurydmc.travel' is configured correctly for mail.
2025-08-13T19:13:46.235Z [INFO] Starting in development mode.
2025-08-13T19:13:46.235Z [INFO] Server starting on http://localhost:8020
2025-08-13T19:15:00.544Z [INFO] Application starting...
2025-08-13T19:15:00.546Z [INFO] Running pre-flight checks...
2025-08-13T19:15:00.547Z [INFO] Verifying mail server status for each configured domain...
2025-08-13T19:15:00.547Z [DEBUG] Making API call: GET https://my.luxurydmc.travel/api/v1/mail/luxurydmc.travel/status
2025-08-13T19:15:01.019Z [DEBUG] API call successful: GET https://my.luxurydmc.travel/api/v1/mail/luxurydmc.travel/status
2025-08-13T19:15:01.020Z [INFO] Domain 'luxurydmc.travel' is configured correctly for mail.
2025-08-13T19:15:01.020Z [INFO] Starting in development mode.
2025-08-13T19:15:01.021Z [INFO] Server starting on http://localhost:8020
2025-08-13T19:15:07.886Z [INFO] GET / - 200
2025-08-13T19:15:07.905Z [INFO] GET /style.css - 200
2025-08-13T19:15:07.909Z [INFO] GET /script.js - 200
2025-08-13T19:15:10.572Z [INFO] GET / - 200
2025-08-13T19:15:10.586Z [INFO] GET /style.css - 200
2025-08-13T19:15:10.586Z [INFO] GET /script.js - 200
2025-08-13T19:15:10.751Z [INFO] GET / - 200
2025-08-13T19:15:10.763Z [INFO] GET /style.css - 200
2025-08-13T19:15:10.764Z [INFO] GET /script.js - 200
2025-08-13T19:15:12.501Z [INFO] GET / - 200
2025-08-13T19:15:12.521Z [INFO] GET /style.css - 200
2025-08-13T19:15:12.522Z [INFO] GET /script.js - 200
2025-08-13T19:15:12.576Z [INFO] GET /favicon.ico - 404
2025-08-13T19:18:13.727Z [INFO] Application starting...
2025-08-13T19:18:13.729Z [INFO] Running pre-flight checks...
2025-08-13T19:18:13.729Z [INFO] Verifying mail server status for each configured domain...
2025-08-13T19:18:13.730Z [DEBUG] Making API call: GET https://my.luxurydmc.travel/api/v1/mail/luxurydmc.travel/status
2025-08-13T19:18:14.322Z [DEBUG] API call successful: GET https://my.luxurydmc.travel/api/v1/mail/luxurydmc.travel/status
2025-08-13T19:18:14.323Z [INFO] Domain 'luxurydmc.travel' is configured correctly for mail.
2025-08-13T19:18:14.323Z [INFO] Starting in development mode.
2025-08-13T19:18:14.324Z [INFO] Server starting on http://localhost:8020
2025-08-13T19:18:20.383Z [INFO] GET / - 200
2025-08-13T19:18:20.403Z [INFO] GET /style.css - 200
2025-08-13T19:18:20.407Z [INFO] GET /script.js - 200
2025-08-13T19:18:52.832Z [DEBUG] Basic Auth attempt for user: admin
2025-08-13T19:18:52.832Z [INFO] Basic Auth successful for user: admin
2025-08-13T19:18:52.832Z [INFO] Request received to create a new user.
2025-08-13T19:18:52.834Z [INFO] No cached group ID. Fetching group info for "luxurydmc"...
2025-08-13T19:18:52.834Z [DEBUG] Making API call: GET https://my.luxurydmc.travel/api/v1/groups?search=luxurydmc
2025-08-13T19:18:52.896Z [DEBUG] API call successful: GET https://my.luxurydmc.travel/api/v1/groups?search=luxurydmc
2025-08-13T19:18:52.896Z [INFO] Managing users for group: luxurydmc (ID: gid-5d8b1201-3e87-415f-ab4c-66bf5ed523f3)
2025-08-13T19:18:52.897Z [DEBUG] Making API call: POST https://my.luxurydmc.travel/api/v1/users
2025-08-13T19:18:52.953Z [ERROR] API call failed: POST https://my.luxurydmc.travel/api/v1/users {"status":400,"body":"{\n  \"status\": \"Bad Request\",\n  \"message\": \"Password must be atleast 8 characters\"\n}"}
2025-08-13T19:18:52.953Z [ERROR] Error creating user: {"message":"Failed to create user: Unknown error"}
2025-08-13T19:18:52.954Z [INFO] POST /api/users - 500
2025-08-13T19:19:18.292Z [DEBUG] Basic Auth attempt for user: admin
2025-08-13T19:19:18.292Z [INFO] Basic Auth successful for user: admin
2025-08-13T19:19:18.292Z [INFO] Request received to create a new user.
2025-08-13T19:19:18.293Z [DEBUG] Making API call: POST https://my.luxurydmc.travel/api/v1/users
2025-08-13T19:19:18.427Z [DEBUG] API call successful: POST https://my.luxurydmc.travel/api/v1/users
2025-08-13T19:19:18.441Z [INFO] [AUDIT] Created user 'test6' (ID: uid-8787fa83-66a9-4af4-99c4-ca2e58ccb09f)
2025-08-13T19:19:18.446Z [INFO] [AUDIT] Stored password for user test6
2025-08-13T19:19:18.446Z [DEBUG] Making API call: GET https://my.luxurydmc.travel/api/v1/groups/gid-5d8b1201-3e87-415f-ab4c-66bf5ed523f3
2025-08-13T19:19:18.516Z [DEBUG] API call successful: GET https://my.luxurydmc.travel/api/v1/groups/gid-5d8b1201-3e87-415f-ab4c-66bf5ed523f3
2025-08-13T19:19:18.517Z [DEBUG] Making API call: PUT https://my.luxurydmc.travel/api/v1/groups/gid-5d8b1201-3e87-415f-ab4c-66bf5ed523f3/members
2025-08-13T19:19:18.595Z [DEBUG] API call successful: PUT https://my.luxurydmc.travel/api/v1/groups/gid-5d8b1201-3e87-415f-ab4c-66bf5ed523f3/members
2025-08-13T19:19:18.609Z [INFO] [AUDIT] Added user 'test6' to group 'luxurydmc'
2025-08-13T19:19:18.611Z [DEBUG] Making API call: POST https://my.luxurydmc.travel/api/v1/mail/luxurydmc.travel/mailboxes
2025-08-13T19:19:18.674Z [DEBUG] API call successful: POST https://my.luxurydmc.travel/api/v1/mail/luxurydmc.travel/mailboxes
2025-08-13T19:19:18.683Z [INFO] [AUDIT] Created default mailbox 'test6@luxurydmc.travel' for 'test6'
2025-08-13T19:19:18.683Z [INFO] Successfully created user 'test6'.
2025-08-13T19:19:18.684Z [INFO] POST /api/users - 201
2025-08-13T19:19:18.692Z [DEBUG] Basic Auth attempt for user: admin
2025-08-13T19:19:18.692Z [INFO] Basic Auth successful for user: admin
2025-08-13T19:19:18.693Z [INFO] Request received to list users.
2025-08-13T19:19:18.693Z [DEBUG] Making API call: GET https://my.luxurydmc.travel/api/v1/users
2025-08-13T19:19:18.694Z [DEBUG] Making API call: GET https://my.luxurydmc.travel/api/v1/groups/gid-5d8b1201-3e87-415f-ab4c-66bf5ed523f3
2025-08-13T19:19:18.703Z [DEBUG] Basic Auth attempt for user: admin
2025-08-13T19:19:18.703Z [INFO] Basic Auth successful for user: admin
2025-08-13T19:19:18.703Z [DEBUG] Making API call: GET https://my.luxurydmc.travel/api/v1/mail/luxurydmc.travel/mailboxes
2025-08-13T19:19:18.704Z [DEBUG] Making API call: GET https://my.luxurydmc.travel/api/v1/users
2025-08-13T19:19:18.705Z [DEBUG] Basic Auth attempt for user: admin
2025-08-13T19:19:18.705Z [INFO] Basic Auth successful for user: admin
2025-08-13T19:19:18.706Z [INFO] Serving config with valid domains: {"domains":["luxurydmc.travel"],"brandName":"Streamway"}
2025-08-13T19:19:18.706Z [INFO] GET /api/config - 200
2025-08-13T19:19:18.759Z [DEBUG] API call successful: GET https://my.luxurydmc.travel/api/v1/groups/gid-5d8b1201-3e87-415f-ab4c-66bf5ed523f3
2025-08-13T19:19:18.761Z [DEBUG] API call successful: GET https://my.luxurydmc.travel/api/v1/users
2025-08-13T19:19:18.765Z [INFO] Found 5 users in group, returning 4 after exclusions.
2025-08-13T19:19:18.765Z [INFO] GET /api/users - 200
2025-08-13T19:19:18.815Z [DEBUG] API call successful: GET https://my.luxurydmc.travel/api/v1/users
2025-08-13T19:19:18.816Z [DEBUG] API call successful: GET https://my.luxurydmc.travel/api/v1/mail/luxurydmc.travel/mailboxes
2025-08-13T19:19:18.816Z [INFO] Found 5 total mailboxes, returning 4 after exclusions.
2025-08-13T19:19:18.817Z [INFO] GET /api/mailboxes - 200
2025-08-13T19:19:25.067Z [INFO] GET / - 200
2025-08-13T19:19:25.083Z [INFO] GET /style.css - 200
2025-08-13T19:19:25.084Z [INFO] GET /script.js - 200
2025-08-13T19:22:38.137Z [INFO] GET /style.css - 200
2025-08-13T19:22:38.165Z [INFO] GET /.well-known/appspecific/com.chrome.devtools.json - 404
2025-08-13T19:22:42.443Z [INFO] GET / - 200
2025-08-13T19:22:42.454Z [INFO] GET /style.css - 200
2025-08-13T19:22:42.457Z [INFO] GET /script.js - 200
2025-08-13T19:22:42.476Z [INFO] GET /.well-known/appspecific/com.chrome.devtools.json - 404
2025-08-13T19:22:58.503Z [INFO] Application starting...
2025-08-13T19:22:58.505Z [INFO] Running pre-flight checks...
2025-08-13T19:22:58.506Z [INFO] Verifying mail server status for each configured domain...
2025-08-13T19:22:58.507Z [DEBUG] Making API call: GET https://my.luxurydmc.travel/api/v1/mail/luxurydmc.travel/status
2025-08-13T19:22:58.825Z [DEBUG] API call successful: GET https://my.luxurydmc.travel/api/v1/mail/luxurydmc.travel/status
2025-08-13T19:22:58.826Z [INFO] Domain 'luxurydmc.travel' is configured correctly for mail.
2025-08-13T19:22:58.826Z [INFO] Starting in development mode.
2025-08-13T19:22:58.826Z [INFO] Server starting on http://localhost:8020
2025-08-13T19:23:04.708Z [INFO] GET / - 200
2025-08-13T19:23:04.744Z [INFO] GET /style.css - 200
2025-08-13T19:23:04.747Z [INFO] GET /script.js - 200
2025-08-13T19:23:04.757Z [INFO] GET /.well-known/appspecific/com.chrome.devtools.json - 404
2025-08-13T19:24:06.559Z [INFO] GET / - 200
2025-08-13T19:24:06.572Z [INFO] GET /style.css - 200
2025-08-13T19:24:06.588Z [INFO] GET /script.js - 200
2025-08-13T19:24:06.610Z [INFO] GET /.well-known/appspecific/com.chrome.devtools.json - 404
2025-08-13T19:24:06.628Z [DEBUG] Basic Auth attempt for user: admin
2025-08-13T19:24:06.628Z [INFO] Basic Auth successful for user: admin
2025-08-13T19:24:06.629Z [INFO] Request received to list users.
2025-08-13T19:24:06.629Z [INFO] No cached group ID. Fetching group info for "luxurydmc"...
2025-08-13T19:24:06.629Z [DEBUG] Making API call: GET https://my.luxurydmc.travel/api/v1/groups?search=luxurydmc
2025-08-13T19:24:06.630Z [DEBUG] Basic Auth attempt for user: admin
2025-08-13T19:24:06.630Z [INFO] Basic Auth successful for user: admin
2025-08-13T19:24:06.631Z [DEBUG] Making API call: GET https://my.luxurydmc.travel/api/v1/mail/luxurydmc.travel/mailboxes
2025-08-13T19:24:06.631Z [DEBUG] Making API call: GET https://my.luxurydmc.travel/api/v1/users
2025-08-13T19:24:06.878Z [DEBUG] API call successful: GET https://my.luxurydmc.travel/api/v1/mail/luxurydmc.travel/mailboxes
2025-08-13T19:24:06.879Z [DEBUG] API call successful: GET https://my.luxurydmc.travel/api/v1/users
2025-08-13T19:24:06.879Z [DEBUG] API call successful: GET https://my.luxurydmc.travel/api/v1/groups?search=luxurydmc
2025-08-13T19:24:06.880Z [INFO] Managing users for group: luxurydmc (ID: gid-5d8b1201-3e87-415f-ab4c-66bf5ed523f3)
2025-08-13T19:24:06.880Z [INFO] Found 5 total mailboxes, returning 4 after exclusions.
2025-08-13T19:24:06.881Z [DEBUG] Making API call: GET https://my.luxurydmc.travel/api/v1/users
2025-08-13T19:24:06.881Z [DEBUG] Making API call: GET https://my.luxurydmc.travel/api/v1/groups/gid-5d8b1201-3e87-415f-ab4c-66bf5ed523f3
2025-08-13T19:24:06.881Z [INFO] GET /api/mailboxes - 200
2025-08-13T19:24:06.884Z [DEBUG] Basic Auth attempt for user: admin
2025-08-13T19:24:06.884Z [INFO] Basic Auth successful for user: admin
2025-08-13T19:24:06.885Z [INFO] Serving config with valid domains: {"domains":["luxurydmc.travel"],"brandName":"Streamway"}
2025-08-13T19:24:06.885Z [INFO] GET /api/config - 200
2025-08-13T19:24:06.979Z [DEBUG] API call successful: GET https://my.luxurydmc.travel/api/v1/groups/gid-5d8b1201-3e87-415f-ab4c-66bf5ed523f3
2025-08-13T19:24:06.980Z [DEBUG] API call successful: GET https://my.luxurydmc.travel/api/v1/users
2025-08-13T19:24:06.981Z [INFO] Found 5 users in group, returning 4 after exclusions.
2025-08-13T19:24:06.981Z [INFO] GET /api/users - 200
2025-08-13T19:24:43.625Z [DEBUG] Basic Auth attempt for user: admin
2025-08-13T19:24:43.625Z [INFO] Basic Auth successful for user: admin
2025-08-13T19:24:43.626Z [DEBUG] Making API call: PUT https://my.luxurydmc.travel/api/v1/users/uid-8787fa83-66a9-4af4-99c4-ca2e58ccb09f/active
2025-08-13T19:24:43.692Z [DEBUG] API call successful: PUT https://my.luxurydmc.travel/api/v1/users/uid-8787fa83-66a9-4af4-99c4-ca2e58ccb09f/active
2025-08-13T19:24:43.701Z [INFO] [AUDIT] Disabled user with ID 'uid-8787fa83-66a9-4af4-99c4-ca2e58ccb09f'
2025-08-13T19:24:43.701Z [INFO] Successfully disabledd user uid-8787fa83-66a9-4af4-99c4-ca2e58ccb09f.
2025-08-13T19:24:43.701Z [INFO] PUT /api/users/uid-8787fa83-66a9-4af4-99c4-ca2e58ccb09f/active - 200
2025-08-13T19:24:43.706Z [DEBUG] Basic Auth attempt for user: admin
2025-08-13T19:24:43.707Z [INFO] Basic Auth successful for user: admin
2025-08-13T19:24:43.707Z [INFO] Request received to list users.
2025-08-13T19:24:43.707Z [DEBUG] Making API call: GET https://my.luxurydmc.travel/api/v1/users
2025-08-13T19:24:43.707Z [DEBUG] Making API call: GET https://my.luxurydmc.travel/api/v1/groups/gid-5d8b1201-3e87-415f-ab4c-66bf5ed523f3
2025-08-13T19:24:43.708Z [DEBUG] Basic Auth attempt for user: admin
2025-08-13T19:24:43.708Z [INFO] Basic Auth successful for user: admin
2025-08-13T19:24:43.708Z [DEBUG] Making API call: GET https://my.luxurydmc.travel/api/v1/mail/luxurydmc.travel/mailboxes
2025-08-13T19:24:43.708Z [DEBUG] Making API call: GET https://my.luxurydmc.travel/api/v1/users
2025-08-13T19:24:43.709Z [DEBUG] Basic Auth attempt for user: admin
2025-08-13T19:24:43.709Z [INFO] Basic Auth successful for user: admin
2025-08-13T19:24:43.709Z [INFO] Serving config with valid domains: {"domains":["luxurydmc.travel"],"brandName":"Streamway"}
2025-08-13T19:24:43.709Z [INFO] GET /api/config - 200
2025-08-13T19:24:43.755Z [DEBUG] API call successful: GET https://my.luxurydmc.travel/api/v1/groups/gid-5d8b1201-3e87-415f-ab4c-66bf5ed523f3
2025-08-13T19:24:43.755Z [DEBUG] API call successful: GET https://my.luxurydmc.travel/api/v1/users
2025-08-13T19:24:43.756Z [INFO] Found 5 users in group, returning 4 after exclusions.
2025-08-13T19:24:43.756Z [INFO] GET /api/users - 200
2025-08-13T19:24:43.803Z [DEBUG] API call successful: GET https://my.luxurydmc.travel/api/v1/mail/luxurydmc.travel/mailboxes
2025-08-13T19:24:43.804Z [DEBUG] API call successful: GET https://my.luxurydmc.travel/api/v1/users
2025-08-13T19:24:43.805Z [INFO] Found 5 total mailboxes, returning 4 after exclusions.
2025-08-13T19:24:43.805Z [INFO] GET /api/mailboxes - 200
2025-08-13T19:25:03.628Z [DEBUG] Basic Auth attempt for user: admin
2025-08-13T19:25:03.628Z [INFO] Basic Auth successful for user: admin
2025-08-13T19:25:03.628Z [INFO] Request received to delete user with ID: uid-8787fa83-66a9-4af4-99c4-ca2e58ccb09f
2025-08-13T19:25:03.629Z [DEBUG] Making API call: DELETE https://my.luxurydmc.travel/api/v1/users/uid-8787fa83-66a9-4af4-99c4-ca2e58ccb09f
2025-08-13T19:25:03.682Z [DEBUG] API call successful: DELETE https://my.luxurydmc.travel/api/v1/users/uid-8787fa83-66a9-4af4-99c4-ca2e58ccb09f
2025-08-13T19:25:03.690Z [INFO] [AUDIT] Deleted user with ID 'uid-8787fa83-66a9-4af4-99c4-ca2e58ccb09f'
2025-08-13T19:25:03.690Z [INFO] Successfully deleted user uid-8787fa83-66a9-4af4-99c4-ca2e58ccb09f.
2025-08-13T19:25:03.690Z [INFO] DELETE /api/users/uid-8787fa83-66a9-4af4-99c4-ca2e58ccb09f - 200
2025-08-13T19:25:03.694Z [DEBUG] Basic Auth attempt for user: admin
2025-08-13T19:25:03.694Z [INFO] Basic Auth successful for user: admin
2025-08-13T19:25:03.694Z [INFO] Request received to list users.
2025-08-13T19:25:03.694Z [DEBUG] Making API call: GET https://my.luxurydmc.travel/api/v1/users
2025-08-13T19:25:03.695Z [DEBUG] Making API call: GET https://my.luxurydmc.travel/api/v1/groups/gid-5d8b1201-3e87-415f-ab4c-66bf5ed523f3
2025-08-13T19:25:03.695Z [DEBUG] Basic Auth attempt for user: admin
2025-08-13T19:25:03.695Z [INFO] Basic Auth successful for user: admin
2025-08-13T19:25:03.696Z [DEBUG] Making API call: GET https://my.luxurydmc.travel/api/v1/mail/luxurydmc.travel/mailboxes
2025-08-13T19:25:03.696Z [DEBUG] Making API call: GET https://my.luxurydmc.travel/api/v1/users
2025-08-13T19:25:03.696Z [DEBUG] Basic Auth attempt for user: admin
2025-08-13T19:25:03.696Z [INFO] Basic Auth successful for user: admin
2025-08-13T19:25:03.696Z [INFO] Serving config with valid domains: {"domains":["luxurydmc.travel"],"brandName":"Streamway"}
2025-08-13T19:25:03.697Z [INFO] GET /api/config - 200
2025-08-13T19:25:03.736Z [DEBUG] API call successful: GET https://my.luxurydmc.travel/api/v1/users
2025-08-13T19:25:03.736Z [DEBUG] API call successful: GET https://my.luxurydmc.travel/api/v1/groups/gid-5d8b1201-3e87-415f-ab4c-66bf5ed523f3
2025-08-13T19:25:03.736Z [INFO] Found 4 users in group, returning 3 after exclusions.
2025-08-13T19:25:03.736Z [INFO] GET /api/users - 200
2025-08-13T19:25:03.776Z [DEBUG] API call successful: GET https://my.luxurydmc.travel/api/v1/mail/luxurydmc.travel/mailboxes
2025-08-13T19:25:03.776Z [DEBUG] API call successful: GET https://my.luxurydmc.travel/api/v1/users
2025-08-13T19:25:03.777Z [INFO] Found 5 total mailboxes, returning 3 after exclusions.
2025-08-13T19:25:03.777Z [INFO] GET /api/mailboxes - 200
2025-08-13T19:25:07.650Z [INFO] GET / - 200
2025-08-13T19:25:07.661Z [INFO] GET /style.css - 200
2025-08-13T19:25:07.662Z [INFO] GET /script.js - 200
2025-08-13T19:25:07.710Z [DEBUG] Basic Auth attempt for user: admin
2025-08-13T19:25:07.710Z [INFO] Basic Auth successful for user: admin
2025-08-13T19:25:07.710Z [INFO] Request received to list users.
2025-08-13T19:25:07.711Z [DEBUG] Making API call: GET https://my.luxurydmc.travel/api/v1/users
2025-08-13T19:25:07.711Z [DEBUG] Making API call: GET https://my.luxurydmc.travel/api/v1/groups/gid-5d8b1201-3e87-415f-ab4c-66bf5ed523f3
2025-08-13T19:25:07.712Z [DEBUG] Basic Auth attempt for user: admin
2025-08-13T19:25:07.712Z [INFO] Basic Auth successful for user: admin
2025-08-13T19:25:07.712Z [DEBUG] Making API call: GET https://my.luxurydmc.travel/api/v1/mail/luxurydmc.travel/mailboxes
2025-08-13T19:25:07.713Z [DEBUG] Making API call: GET https://my.luxurydmc.travel/api/v1/users
2025-08-13T19:25:07.714Z [DEBUG] Basic Auth attempt for user: admin
2025-08-13T19:25:07.714Z [INFO] Basic Auth successful for user: admin
2025-08-13T19:25:07.714Z [INFO] Serving config with valid domains: {"domains":["luxurydmc.travel"],"brandName":"Streamway"}
2025-08-13T19:25:07.714Z [INFO] GET /api/config - 200
2025-08-13T19:25:07.754Z [DEBUG] API call successful: GET https://my.luxurydmc.travel/api/v1/groups/gid-5d8b1201-3e87-415f-ab4c-66bf5ed523f3
2025-08-13T19:25:07.756Z [DEBUG] API call successful: GET https://my.luxurydmc.travel/api/v1/users
2025-08-13T19:25:07.756Z [INFO] Found 4 users in group, returning 3 after exclusions.
2025-08-13T19:25:07.756Z [INFO] GET /api/users - 200
2025-08-13T19:25:07.791Z [DEBUG] API call successful: GET https://my.luxurydmc.travel/api/v1/mail/luxurydmc.travel/mailboxes
2025-08-13T19:25:07.794Z [DEBUG] API call successful: GET https://my.luxurydmc.travel/api/v1/users
2025-08-13T19:25:07.795Z [INFO] Found 5 total mailboxes, returning 3 after exclusions.
2025-08-13T19:25:07.795Z [INFO] GET /api/mailboxes - 200
2025-08-13T19:25:30.546Z [DEBUG] Basic Auth attempt for user: admin
2025-08-13T19:25:30.546Z [INFO] Basic Auth successful for user: admin
2025-08-13T19:25:30.546Z [DEBUG] Making API call: POST https://my.luxurydmc.travel/api/v1/users/uid-2d0fa97d-64dc-48d5-b5d9-8e3e1eaabcb2/password
2025-08-13T19:25:30.589Z [ERROR] API call failed: POST https://my.luxurydmc.travel/api/v1/users/uid-2d0fa97d-64dc-48d5-b5d9-8e3e1eaabcb2/password {"status":400,"body":"{\n  \"status\": \"Bad Request\",\n  \"message\": \"Password must be atleast 8 characters\"\n}"}
2025-08-13T19:25:30.590Z [ERROR] Error setting password for user uid-2d0fa97d-64dc-48d5-b5d9-8e3e1eaabcb2: {"message":"Failed to set password"}
2025-08-13T19:25:30.591Z [INFO] POST /api/users/uid-2d0fa97d-64dc-48d5-b5d9-8e3e1eaabcb2/password - 500
2025-08-13T19:26:17.346Z [DEBUG] Basic Auth attempt for user: admin
2025-08-13T19:26:17.346Z [INFO] Basic Auth successful for user: admin
2025-08-13T19:26:17.346Z [DEBUG] Making API call: POST https://my.luxurydmc.travel/api/v1/users/uid-2d0fa97d-64dc-48d5-b5d9-8e3e1eaabcb2/password
2025-08-13T19:26:17.467Z [DEBUG] API call successful: POST https://my.luxurydmc.travel/api/v1/users/uid-2d0fa97d-64dc-48d5-b5d9-8e3e1eaabcb2/password
2025-08-13T19:26:17.479Z [INFO] [AUDIT] Set password for user with ID 'uid-2d0fa97d-64dc-48d5-b5d9-8e3e1eaabcb2'
2025-08-13T19:26:17.487Z [INFO] [AUDIT] Stored password for user test11
2025-08-13T19:26:17.487Z [INFO] Successfully set password for user uid-2d0fa97d-64dc-48d5-b5d9-8e3e1eaabcb2.
2025-08-13T19:26:17.488Z [INFO] POST /api/users/uid-2d0fa97d-64dc-48d5-b5d9-8e3e1eaabcb2/password - 200
2025-08-13T19:26:25.493Z [DEBUG] Basic Auth attempt for user: admin
2025-08-13T19:26:25.493Z [INFO] Basic Auth successful for user: admin
2025-08-13T19:26:25.494Z [DEBUG] Making API call: PUT https://my.luxurydmc.travel/api/v1/users/uid-2d0fa97d-64dc-48d5-b5d9-8e3e1eaabcb2/active
2025-08-13T19:26:25.547Z [DEBUG] API call successful: PUT https://my.luxurydmc.travel/api/v1/users/uid-2d0fa97d-64dc-48d5-b5d9-8e3e1eaabcb2/active
2025-08-13T19:26:25.554Z [INFO] [AUDIT] Disabled user with ID 'uid-2d0fa97d-64dc-48d5-b5d9-8e3e1eaabcb2'
2025-08-13T19:26:25.554Z [INFO] Successfully disabledd user uid-2d0fa97d-64dc-48d5-b5d9-8e3e1eaabcb2.
2025-08-13T19:26:25.554Z [INFO] PUT /api/users/uid-2d0fa97d-64dc-48d5-b5d9-8e3e1eaabcb2/active - 200
2025-08-13T19:26:25.557Z [DEBUG] Basic Auth attempt for user: admin
2025-08-13T19:26:25.558Z [INFO] Basic Auth successful for user: admin
2025-08-13T19:26:25.558Z [INFO] Request received to list users.
2025-08-13T19:26:25.558Z [DEBUG] Making API call: GET https://my.luxurydmc.travel/api/v1/users
2025-08-13T19:26:25.558Z [DEBUG] Making API call: GET https://my.luxurydmc.travel/api/v1/groups/gid-5d8b1201-3e87-415f-ab4c-66bf5ed523f3
2025-08-13T19:26:25.559Z [DEBUG] Basic Auth attempt for user: admin
2025-08-13T19:26:25.559Z [INFO] Basic Auth successful for user: admin
2025-08-13T19:26:25.559Z [DEBUG] Making API call: GET https://my.luxurydmc.travel/api/v1/mail/luxurydmc.travel/mailboxes
2025-08-13T19:26:25.559Z [DEBUG] Making API call: GET https://my.luxurydmc.travel/api/v1/users
2025-08-13T19:26:25.559Z [DEBUG] Basic Auth attempt for user: admin
2025-08-13T19:26:25.560Z [INFO] Basic Auth successful for user: admin
2025-08-13T19:26:25.560Z [INFO] Serving config with valid domains: {"domains":["luxurydmc.travel"],"brandName":"Streamway"}
2025-08-13T19:26:25.560Z [INFO] GET /api/config - 200
2025-08-13T19:26:25.597Z [DEBUG] API call successful: GET https://my.luxurydmc.travel/api/v1/users
2025-08-13T19:26:25.597Z [DEBUG] API call successful: GET https://my.luxurydmc.travel/api/v1/groups/gid-5d8b1201-3e87-415f-ab4c-66bf5ed523f3
2025-08-13T19:26:25.598Z [INFO] Found 4 users in group, returning 3 after exclusions.
2025-08-13T19:26:25.598Z [INFO] GET /api/users - 200
2025-08-13T19:26:25.642Z [DEBUG] API call successful: GET https://my.luxurydmc.travel/api/v1/mail/luxurydmc.travel/mailboxes
2025-08-13T19:26:25.642Z [DEBUG] API call successful: GET https://my.luxurydmc.travel/api/v1/users
2025-08-13T19:26:25.642Z [INFO] Found 5 total mailboxes, returning 3 after exclusions.
2025-08-13T19:26:25.642Z [INFO] GET /api/mailboxes - 200
2025-08-13T19:27:14.246Z [DEBUG] Basic Auth attempt for user: admin
2025-08-13T19:27:14.246Z [INFO] Basic Auth successful for user: admin
2025-08-13T19:27:14.246Z [DEBUG] Making API call: PUT https://my.luxurydmc.travel/api/v1/users/uid-2d0fa97d-64dc-48d5-b5d9-8e3e1eaabcb2/active
2025-08-13T19:27:14.296Z [DEBUG] API call successful: PUT https://my.luxurydmc.travel/api/v1/users/uid-2d0fa97d-64dc-48d5-b5d9-8e3e1eaabcb2/active
2025-08-13T19:27:14.303Z [INFO] [AUDIT] Enabled user with ID 'uid-2d0fa97d-64dc-48d5-b5d9-8e3e1eaabcb2'
2025-08-13T19:27:14.303Z [INFO] Successfully enabledd user uid-2d0fa97d-64dc-48d5-b5d9-8e3e1eaabcb2.
2025-08-13T19:27:14.303Z [INFO] PUT /api/users/uid-2d0fa97d-64dc-48d5-b5d9-8e3e1eaabcb2/active - 200
2025-08-13T19:27:14.307Z [DEBUG] Basic Auth attempt for user: admin
2025-08-13T19:27:14.307Z [INFO] Basic Auth successful for user: admin
2025-08-13T19:27:14.307Z [INFO] Request received to list users.
2025-08-13T19:27:14.307Z [DEBUG] Making API call: GET https://my.luxurydmc.travel/api/v1/users
2025-08-13T19:27:14.307Z [DEBUG] Making API call: GET https://my.luxurydmc.travel/api/v1/groups/gid-5d8b1201-3e87-415f-ab4c-66bf5ed523f3
2025-08-13T19:27:14.309Z [DEBUG] Basic Auth attempt for user: admin
2025-08-13T19:27:14.309Z [INFO] Basic Auth successful for user: admin
2025-08-13T19:27:14.309Z [DEBUG] Making API call: GET https://my.luxurydmc.travel/api/v1/mail/luxurydmc.travel/mailboxes
2025-08-13T19:27:14.309Z [DEBUG] Making API call: GET https://my.luxurydmc.travel/api/v1/users
2025-08-13T19:27:14.310Z [DEBUG] Basic Auth attempt for user: admin
2025-08-13T19:27:14.310Z [INFO] Basic Auth successful for user: admin
2025-08-13T19:27:14.310Z [INFO] Serving config with valid domains: {"domains":["luxurydmc.travel"],"brandName":"Streamway"}
2025-08-13T19:27:14.310Z [INFO] GET /api/config - 200
2025-08-13T19:27:14.350Z [DEBUG] API call successful: GET https://my.luxurydmc.travel/api/v1/users
2025-08-13T19:27:14.353Z [DEBUG] API call successful: GET https://my.luxurydmc.travel/api/v1/groups/gid-5d8b1201-3e87-415f-ab4c-66bf5ed523f3
2025-08-13T19:27:14.353Z [INFO] Found 4 users in group, returning 3 after exclusions.
2025-08-13T19:27:14.353Z [INFO] GET /api/users - 200
2025-08-13T19:27:14.392Z [DEBUG] API call successful: GET https://my.luxurydmc.travel/api/v1/mail/luxurydmc.travel/mailboxes
2025-08-13T19:27:14.393Z [DEBUG] API call successful: GET https://my.luxurydmc.travel/api/v1/users
2025-08-13T19:27:14.393Z [INFO] Found 5 total mailboxes, returning 3 after exclusions.
2025-08-13T19:27:14.393Z [INFO] GET /api/mailboxes - 200
2025-08-13T19:31:42.489Z [INFO] Application starting...
2025-08-13T19:31:42.492Z [INFO] Running pre-flight checks...
2025-08-13T19:31:42.492Z [INFO] Verifying mail server status for each configured domain...
2025-08-13T19:31:42.493Z [DEBUG] Making API call: GET https://my.luxurydmc.travel/api/v1/mail/luxurydmc.travel/status
2025-08-13T19:31:43.067Z [DEBUG] API call successful: GET https://my.luxurydmc.travel/api/v1/mail/luxurydmc.travel/status
2025-08-13T19:31:43.067Z [INFO] Domain 'luxurydmc.travel' is configured correctly for mail.
2025-08-13T19:31:43.068Z [INFO] Starting in development mode.
2025-08-13T19:31:43.069Z [INFO] Server starting on http://localhost:8020
2025-08-13T19:31:46.780Z [INFO] GET / - 200
2025-08-13T19:31:46.798Z [INFO] GET /style.css - 200
2025-08-13T19:31:46.801Z [INFO] GET /script.js - 200
2025-08-13T19:31:52.786Z [INFO] GET /style.css - 200
2025-08-13T19:31:52.818Z [INFO] GET /.well-known/appspecific/com.chrome.devtools.json - 404
2025-08-13T19:31:54.975Z [INFO] GET / - 200
2025-08-13T19:31:54.986Z [INFO] GET /style.css - 200
2025-08-13T19:31:54.990Z [INFO] GET /script.js - 200
2025-08-13T19:31:55.008Z [INFO] GET /.well-known/appspecific/com.chrome.devtools.json - 404
2025-08-13T19:31:57.082Z [INFO] GET / - 200
2025-08-13T19:31:57.101Z [INFO] GET /style.css - 200
2025-08-13T19:31:57.104Z [INFO] GET /script.js - 200
2025-08-13T19:31:57.115Z [INFO] GET /.well-known/appspecific/com.chrome.devtools.json - 404
2025-08-13T19:32:06.702Z [INFO] GET / - 200
2025-08-13T19:32:06.714Z [INFO] GET /style.css - 200
2025-08-13T19:32:06.716Z [INFO] GET /script.js - 200
2025-08-13T19:35:06.090Z [INFO] GET / - 200
2025-08-13T19:35:06.105Z [INFO] GET /style.css - 200
2025-08-13T19:35:06.107Z [INFO] GET /script.js - 200
2025-08-13T19:35:06.156Z [DEBUG] Basic Auth attempt for user: admin
2025-08-13T19:35:06.156Z [INFO] Basic Auth successful for user: admin
2025-08-13T19:35:06.157Z [INFO] Request received to list users.
2025-08-13T19:35:06.157Z [INFO] No cached group ID. Fetching group info for "luxurydmc"...
2025-08-13T19:35:06.157Z [DEBUG] Making API call: GET https://my.luxurydmc.travel/api/v1/groups?search=luxurydmc
2025-08-13T19:35:06.159Z [DEBUG] Basic Auth attempt for user: admin
2025-08-13T19:35:06.159Z [INFO] Basic Auth successful for user: admin
2025-08-13T19:35:06.160Z [DEBUG] Making API call: GET https://my.luxurydmc.travel/api/v1/mail/luxurydmc.travel/mailboxes
2025-08-13T19:35:06.160Z [DEBUG] Making API call: GET https://my.luxurydmc.travel/api/v1/users
2025-08-13T19:35:06.476Z [DEBUG] Basic Auth attempt for user: admin
2025-08-13T19:35:06.476Z [INFO] Basic Auth successful for user: admin
2025-08-13T19:35:06.477Z [INFO] Serving config with valid domains: {"domains":["luxurydmc.travel"],"brandName":"Streamway"}
2025-08-13T19:35:06.478Z [INFO] GET /api/config - 200
2025-08-13T19:35:06.650Z [DEBUG] API call successful: GET https://my.luxurydmc.travel/api/v1/users
2025-08-13T19:35:06.653Z [DEBUG] API call successful: GET https://my.luxurydmc.travel/api/v1/groups?search=luxurydmc
2025-08-13T19:35:06.653Z [DEBUG] API call successful: GET https://my.luxurydmc.travel/api/v1/mail/luxurydmc.travel/mailboxes
2025-08-13T19:35:06.654Z [INFO] Managing users for group: luxurydmc (ID: gid-5d8b1201-3e87-415f-ab4c-66bf5ed523f3)
2025-08-13T19:35:06.654Z [DEBUG] Making API call: GET https://my.luxurydmc.travel/api/v1/users
2025-08-13T19:35:06.655Z [DEBUG] Making API call: GET https://my.luxurydmc.travel/api/v1/groups/gid-5d8b1201-3e87-415f-ab4c-66bf5ed523f3
2025-08-13T19:35:06.656Z [INFO] Found 5 total mailboxes, returning 3 after exclusions.
2025-08-13T19:35:06.657Z [INFO] GET /api/mailboxes - 200
2025-08-13T19:35:06.814Z [DEBUG] API call successful: GET https://my.luxurydmc.travel/api/v1/users
2025-08-13T19:35:06.814Z [DEBUG] API call successful: GET https://my.luxurydmc.travel/api/v1/groups/gid-5d8b1201-3e87-415f-ab4c-66bf5ed523f3
2025-08-13T19:35:06.815Z [INFO] Found 4 users in group, returning 3 after exclusions.
2025-08-13T19:35:06.816Z [INFO] GET /api/users - 200
2025-08-13T19:35:07.034Z [INFO] GET / - 200
2025-08-13T19:35:07.047Z [INFO] GET /style.css - 200
2025-08-13T19:35:07.048Z [INFO] GET /script.js - 200
2025-08-13T19:35:07.096Z [DEBUG] Basic Auth attempt for user: admin
2025-08-13T19:35:07.096Z [INFO] Basic Auth successful for user: admin
2025-08-13T19:35:07.096Z [INFO] Request received to list users.
2025-08-13T19:35:07.097Z [DEBUG] Making API call: GET https://my.luxurydmc.travel/api/v1/users
2025-08-13T19:35:07.097Z [DEBUG] Making API call: GET https://my.luxurydmc.travel/api/v1/groups/gid-5d8b1201-3e87-415f-ab4c-66bf5ed523f3
2025-08-13T19:35:07.098Z [DEBUG] Basic Auth attempt for user: admin
2025-08-13T19:35:07.099Z [INFO] Basic Auth successful for user: admin
2025-08-13T19:35:07.099Z [DEBUG] Making API call: GET https://my.luxurydmc.travel/api/v1/mail/luxurydmc.travel/mailboxes
2025-08-13T19:35:07.099Z [DEBUG] Making API call: GET https://my.luxurydmc.travel/api/v1/users
2025-08-13T19:35:07.100Z [DEBUG] Basic Auth attempt for user: admin
2025-08-13T19:35:07.100Z [INFO] Basic Auth successful for user: admin
2025-08-13T19:35:07.100Z [INFO] Serving config with valid domains: {"domains":["luxurydmc.travel"],"brandName":"Streamway"}
2025-08-13T19:35:07.101Z [INFO] GET /api/config - 200
2025-08-13T19:35:07.171Z [DEBUG] API call successful: GET https://my.luxurydmc.travel/api/v1/groups/gid-5d8b1201-3e87-415f-ab4c-66bf5ed523f3
2025-08-13T19:35:07.171Z [DEBUG] API call successful: GET https://my.luxurydmc.travel/api/v1/users
2025-08-13T19:35:07.172Z [INFO] Found 4 users in group, returning 3 after exclusions.
2025-08-13T19:35:07.172Z [INFO] GET /api/users - 200
2025-08-13T19:35:07.238Z [DEBUG] API call successful: GET https://my.luxurydmc.travel/api/v1/mail/luxurydmc.travel/mailboxes
2025-08-13T19:35:07.239Z [DEBUG] API call successful: GET https://my.luxurydmc.travel/api/v1/users
2025-08-13T19:35:07.240Z [INFO] Found 5 total mailboxes, returning 3 after exclusions.
2025-08-13T19:35:07.240Z [INFO] GET /api/mailboxes - 200
2025-08-13T21:46:18.856Z [INFO] Application starting...
2025-08-13T21:46:18.868Z [INFO] Running pre-flight checks...
2025-08-13T21:46:18.869Z [INFO] Verifying mail server status for each configured domain...
2025-08-13T21:46:18.869Z [DEBUG] Making API call: GET https://my.luxurydmc.travel/api/v1/mail/luxurydmc.travel/status
2025-08-13T21:46:19.456Z [DEBUG] API call successful: GET https://my.luxurydmc.travel/api/v1/mail/luxurydmc.travel/status
2025-08-13T21:46:19.456Z [INFO] Domain 'luxurydmc.travel' is configured correctly for mail.
2025-08-13T21:46:19.456Z [INFO] Starting in development mode.
2025-08-13T21:46:19.457Z [INFO] Server starting on http://localhost:8020
2025-08-13T21:46:22.937Z [INFO] GET / - 200
2025-08-13T21:46:22.988Z [INFO] GET /style.css - 200
2025-08-13T21:46:22.988Z [INFO] GET /script.js - 200
2025-08-13T21:46:23.041Z [DEBUG] Basic Auth attempt for user: admin
2025-08-13T21:46:23.041Z [INFO] Basic Auth successful for user: admin
2025-08-13T21:46:23.042Z [INFO] Request received to list users.
2025-08-13T21:46:23.042Z [INFO] No cached group ID. Fetching group info for "luxurydmc"...
2025-08-13T21:46:23.042Z [DEBUG] Making API call: GET https://my.luxurydmc.travel/api/v1/groups?search=luxurydmc
2025-08-13T21:46:23.046Z [DEBUG] Basic Auth attempt for user: admin
2025-08-13T21:46:23.047Z [INFO] Basic Auth successful for user: admin
2025-08-13T21:46:23.047Z [DEBUG] Making API call: GET https://my.luxurydmc.travel/api/v1/mail/luxurydmc.travel/mailboxes
2025-08-13T21:46:23.047Z [DEBUG] Making API call: GET https://my.luxurydmc.travel/api/v1/users
2025-08-13T21:46:23.102Z [DEBUG] API call successful: GET https://my.luxurydmc.travel/api/v1/groups?search=luxurydmc
2025-08-13T21:46:23.103Z [INFO] Managing users for group: luxurydmc (ID: gid-5d8b1201-3e87-415f-ab4c-66bf5ed523f3)
2025-08-13T21:46:23.104Z [DEBUG] Making API call: GET https://my.luxurydmc.travel/api/v1/users
2025-08-13T21:46:23.104Z [DEBUG] Making API call: GET https://my.luxurydmc.travel/api/v1/groups/gid-5d8b1201-3e87-415f-ab4c-66bf5ed523f3
2025-08-13T21:46:23.137Z [DEBUG] Basic Auth attempt for user: admin
2025-08-13T21:46:23.137Z [INFO] Basic Auth successful for user: admin
2025-08-13T21:46:23.137Z [INFO] Serving config with valid domains: {"domains":["luxurydmc.travel"],"brandName":"Streamway"}
2025-08-13T21:46:23.137Z [INFO] GET /api/config - 200
2025-08-13T21:46:23.163Z [DEBUG] API call successful: GET https://my.luxurydmc.travel/api/v1/mail/luxurydmc.travel/mailboxes
2025-08-13T21:46:23.163Z [DEBUG] API call successful: GET https://my.luxurydmc.travel/api/v1/users
2025-08-13T21:46:23.215Z [INFO] Found 6 total mailboxes, returning 3 after exclusions.
2025-08-13T21:46:23.215Z [INFO] GET /api/mailboxes - 200
2025-08-13T21:46:23.222Z [DEBUG] API call successful: GET https://my.luxurydmc.travel/api/v1/users
2025-08-13T21:46:23.222Z [DEBUG] API call successful: GET https://my.luxurydmc.travel/api/v1/groups/gid-5d8b1201-3e87-415f-ab4c-66bf5ed523f3
2025-08-13T21:46:23.222Z [INFO] Found 5 users in group, returning 4 after exclusions.
2025-08-13T21:46:23.223Z [INFO] GET /api/users - 200
2025-08-13T21:46:51.894Z [DEBUG] Basic Auth attempt for user: admin
2025-08-13T21:46:51.895Z [INFO] Basic Auth successful for user: admin
2025-08-13T21:46:51.896Z [DEBUG] Making API call: GET https://my.luxurydmc.travel/api/v1/mail/luxurydmc.travel/mailboxes/m
2025-08-13T21:46:51.961Z [ERROR] API call failed: GET https://my.luxurydmc.travel/api/v1/mail/luxurydmc.travel/mailboxes/m {"status":404,"body":"{\n  \"status\": \"Not Found\",\n  \"message\": \"Mailbox not found\"\n}"}
2025-08-13T21:46:51.963Z [INFO] GET /api/mailboxes/luxurydmc.travel/m/exists - 200
2025-08-13T21:47:02.566Z [DEBUG] Basic Auth attempt for user: admin
2025-08-13T21:47:02.567Z [INFO] Basic Auth successful for user: admin
2025-08-13T21:47:02.567Z [DEBUG] Making API call: GET https://my.luxurydmc.travel/api/v1/mail/luxurydmc.travel/mailboxes/tez
2025-08-13T21:47:02.632Z [ERROR] API call failed: GET https://my.luxurydmc.travel/api/v1/mail/luxurydmc.travel/mailboxes/tez {"status":404,"body":"{\n  \"status\": \"Not Found\",\n  \"message\": \"Mailbox not found\"\n}"}
2025-08-13T21:47:02.633Z [INFO] GET /api/mailboxes/luxurydmc.travel/tez/exists - 200
2025-08-13T21:47:04.331Z [DEBUG] Basic Auth attempt for user: admin
2025-08-13T21:47:04.331Z [INFO] Basic Auth successful for user: admin
2025-08-13T21:47:04.332Z [DEBUG] Making API call: GET https://my.luxurydmc.travel/api/v1/mail/luxurydmc.travel/mailboxes/te
2025-08-13T21:47:04.399Z [ERROR] API call failed: GET https://my.luxurydmc.travel/api/v1/mail/luxurydmc.travel/mailboxes/te {"status":404,"body":"{\n  \"status\": \"Not Found\",\n  \"message\": \"Mailbox not found\"\n}"}
2025-08-13T21:47:04.400Z [INFO] GET /api/mailboxes/luxurydmc.travel/te/exists - 200
2025-08-13T21:47:05.300Z [DEBUG] Basic Auth attempt for user: admin
2025-08-13T21:47:05.301Z [INFO] Basic Auth successful for user: admin
2025-08-13T21:47:05.301Z [DEBUG] Making API call: GET https://my.luxurydmc.travel/api/v1/mail/luxurydmc.travel/mailboxes/tedt
2025-08-13T21:47:05.371Z [ERROR] API call failed: GET https://my.luxurydmc.travel/api/v1/mail/luxurydmc.travel/mailboxes/tedt {"status":404,"body":"{\n  \"status\": \"Not Found\",\n  \"message\": \"Mailbox not found\"\n}"}
2025-08-13T21:47:05.372Z [INFO] GET /api/mailboxes/luxurydmc.travel/tedt/exists - 200
2025-08-13T21:47:06.768Z [DEBUG] Basic Auth attempt for user: admin
2025-08-13T21:47:06.769Z [INFO] Basic Auth successful for user: admin
2025-08-13T21:47:06.770Z [DEBUG] Making API call: GET https://my.luxurydmc.travel/api/v1/mail/luxurydmc.travel/mailboxes/te
2025-08-13T21:47:06.835Z [ERROR] API call failed: GET https://my.luxurydmc.travel/api/v1/mail/luxurydmc.travel/mailboxes/te {"status":404,"body":"{\n  \"status\": \"Not Found\",\n  \"message\": \"Mailbox not found\"\n}"}
2025-08-13T21:47:06.836Z [INFO] GET /api/mailboxes/luxurydmc.travel/te/exists - 200
2025-08-13T21:47:08.483Z [DEBUG] Basic Auth attempt for user: admin
2025-08-13T21:47:08.484Z [INFO] Basic Auth successful for user: admin
2025-08-13T21:47:08.484Z [DEBUG] Making API call: GET https://my.luxurydmc.travel/api/v1/mail/luxurydmc.travel/mailboxes/test
2025-08-13T21:47:08.548Z [ERROR] API call failed: GET https://my.luxurydmc.travel/api/v1/mail/luxurydmc.travel/mailboxes/test {"status":404,"body":"{\n  \"status\": \"Not Found\",\n  \"message\": \"Mailbox not found\"\n}"}
2025-08-13T21:47:08.548Z [INFO] GET /api/mailboxes/luxurydmc.travel/test/exists - 200
2025-08-13T21:47:09.018Z [DEBUG] Basic Auth attempt for user: admin
2025-08-13T21:47:09.019Z [INFO] Basic Auth successful for user: admin
2025-08-13T21:47:09.020Z [DEBUG] Making API call: GET https://my.luxurydmc.travel/api/v1/mail/luxurydmc.travel/mailboxes/test1
2025-08-13T21:47:09.083Z [ERROR] API call failed: GET https://my.luxurydmc.travel/api/v1/mail/luxurydmc.travel/mailboxes/test1 {"status":404,"body":"{\n  \"status\": \"Not Found\",\n  \"message\": \"Mailbox not found\"\n}"}
2025-08-13T21:47:09.084Z [INFO] GET /api/mailboxes/luxurydmc.travel/test1/exists - 200
2025-08-13T21:47:09.564Z [DEBUG] Basic Auth attempt for user: admin
2025-08-13T21:47:09.565Z [INFO] Basic Auth successful for user: admin
2025-08-13T21:47:09.566Z [DEBUG] Making API call: GET https://my.luxurydmc.travel/api/v1/mail/luxurydmc.travel/mailboxes/test12
2025-08-13T21:47:09.626Z [ERROR] API call failed: GET https://my.luxurydmc.travel/api/v1/mail/luxurydmc.travel/mailboxes/test12 {"status":404,"body":"{\n  \"status\": \"Not Found\",\n  \"message\": \"Mailbox not found\"\n}"}
2025-08-13T21:47:09.627Z [INFO] GET /api/mailboxes/luxurydmc.travel/test12/exists - 200
2025-08-13T21:47:16.987Z [DEBUG] Basic Auth attempt for user: admin
2025-08-13T21:47:16.988Z [INFO] Basic Auth successful for user: admin
2025-08-13T21:47:16.988Z [DEBUG] Making API call: GET https://my.luxurydmc.travel/api/v1/mail/luxurydmc.travel/mailboxes/test1
2025-08-13T21:47:17.052Z [ERROR] API call failed: GET https://my.luxurydmc.travel/api/v1/mail/luxurydmc.travel/mailboxes/test1 {"status":404,"body":"{\n  \"status\": \"Not Found\",\n  \"message\": \"Mailbox not found\"\n}"}
2025-08-13T21:47:17.053Z [INFO] GET /api/mailboxes/luxurydmc.travel/test1/exists - 200
2025-08-13T21:47:18.596Z [DEBUG] Basic Auth attempt for user: admin
2025-08-13T21:47:18.597Z [INFO] Basic Auth successful for user: admin
2025-08-13T21:47:18.597Z [DEBUG] Making API call: GET https://my.luxurydmc.travel/api/v1/mail/luxurydmc.travel/mailboxes/test
2025-08-13T21:47:18.657Z [ERROR] API call failed: GET https://my.luxurydmc.travel/api/v1/mail/luxurydmc.travel/mailboxes/test {"status":404,"body":"{\n  \"status\": \"Not Found\",\n  \"message\": \"Mailbox not found\"\n}"}
2025-08-13T21:47:18.657Z [INFO] GET /api/mailboxes/luxurydmc.travel/test/exists - 200
2025-08-13T21:47:20.079Z [DEBUG] Basic Auth attempt for user: admin
2025-08-13T21:47:20.079Z [INFO] Basic Auth successful for user: admin
2025-08-13T21:47:20.079Z [DEBUG] Making API call: GET https://my.luxurydmc.travel/api/v1/mail/luxurydmc.travel/mailboxes/test1
2025-08-13T21:47:20.142Z [ERROR] API call failed: GET https://my.luxurydmc.travel/api/v1/mail/luxurydmc.travel/mailboxes/test1 {"status":404,"body":"{\n  \"status\": \"Not Found\",\n  \"message\": \"Mailbox not found\"\n}"}
2025-08-13T21:47:20.143Z [INFO] GET /api/mailboxes/luxurydmc.travel/test1/exists - 200
2025-08-13T21:47:20.755Z [DEBUG] Basic Auth attempt for user: admin
2025-08-13T21:47:20.756Z [INFO] Basic Auth successful for user: admin
2025-08-13T21:47:20.756Z [DEBUG] Making API call: GET https://my.luxurydmc.travel/api/v1/mail/luxurydmc.travel/mailboxes/test12
2025-08-13T21:47:20.817Z [ERROR] API call failed: GET https://my.luxurydmc.travel/api/v1/mail/luxurydmc.travel/mailboxes/test12 {"status":404,"body":"{\n  \"status\": \"Not Found\",\n  \"message\": \"Mailbox not found\"\n}"}
2025-08-13T21:47:20.817Z [INFO] GET /api/mailboxes/luxurydmc.travel/test12/exists - 200
2025-08-13T21:47:47.362Z [DEBUG] Basic Auth attempt for user: admin
2025-08-13T21:47:47.363Z [INFO] Basic Auth successful for user: admin
2025-08-13T21:47:47.363Z [DEBUG] Making API call: GET https://my.luxurydmc.travel/api/v1/mail/luxurydmc.travel/mailboxes/test13
2025-08-13T21:47:47.427Z [DEBUG] API call successful: GET https://my.luxurydmc.travel/api/v1/mail/luxurydmc.travel/mailboxes/test13
2025-08-13T21:47:47.428Z [INFO] GET /api/mailboxes/luxurydmc.travel/test13/exists - 200
2025-08-13T21:48:56.691Z [DEBUG] Basic Auth attempt for user: admin
2025-08-13T21:48:56.692Z [INFO] Basic Auth successful for user: admin
2025-08-13T21:48:56.693Z [DEBUG] Making API call: GET https://my.luxurydmc.travel/api/v1/mail/luxurydmc.travel/mailboxes/test1
2025-08-13T21:48:57.158Z [ERROR] API call failed: GET https://my.luxurydmc.travel/api/v1/mail/luxurydmc.travel/mailboxes/test1 {"status":404,"body":"{\n  \"status\": \"Not Found\",\n  \"message\": \"Mailbox not found\"\n}"}
2025-08-13T21:48:57.159Z [INFO] GET /api/mailboxes/luxurydmc.travel/test1/exists - 200
2025-08-13T21:50:05.782Z [INFO] GET / - 200
2025-08-13T21:50:05.799Z [INFO] GET /style.css - 200
2025-08-13T21:50:05.800Z [INFO] GET /script.js - 200
2025-08-13T21:50:05.847Z [DEBUG] Basic Auth attempt for user: admin
2025-08-13T21:50:05.848Z [INFO] Basic Auth successful for user: admin
2025-08-13T21:50:05.848Z [INFO] Request received to list users.
2025-08-13T21:50:05.848Z [DEBUG] Making API call: GET https://my.luxurydmc.travel/api/v1/users
2025-08-13T21:50:05.848Z [DEBUG] Making API call: GET https://my.luxurydmc.travel/api/v1/groups/gid-5d8b1201-3e87-415f-ab4c-66bf5ed523f3
2025-08-13T21:50:05.850Z [DEBUG] Basic Auth attempt for user: admin
2025-08-13T21:50:05.851Z [INFO] Basic Auth successful for user: admin
2025-08-13T21:50:05.851Z [DEBUG] Making API call: GET https://my.luxurydmc.travel/api/v1/mail/luxurydmc.travel/mailboxes
2025-08-13T21:50:05.851Z [DEBUG] Making API call: GET https://my.luxurydmc.travel/api/v1/users
2025-08-13T21:50:05.852Z [DEBUG] Basic Auth attempt for user: admin
2025-08-13T21:50:05.852Z [INFO] Basic Auth successful for user: admin
2025-08-13T21:50:05.852Z [INFO] Serving config with valid domains: {"domains":["luxurydmc.travel"],"brandName":"Streamway"}
2025-08-13T21:50:05.852Z [INFO] GET /api/config - 200
2025-08-13T21:50:06.071Z [DEBUG] API call successful: GET https://my.luxurydmc.travel/api/v1/users
2025-08-13T21:50:06.075Z [DEBUG] API call successful: GET https://my.luxurydmc.travel/api/v1/groups/gid-5d8b1201-3e87-415f-ab4c-66bf5ed523f3
2025-08-13T21:50:06.076Z [DEBUG] API call successful: GET https://my.luxurydmc.travel/api/v1/mail/luxurydmc.travel/mailboxes
2025-08-13T21:50:06.076Z [INFO] Found 6 total mailboxes, returning 3 after exclusions.
2025-08-13T21:50:06.076Z [INFO] GET /api/mailboxes - 200
2025-08-13T21:50:06.110Z [DEBUG] API call successful: GET https://my.luxurydmc.travel/api/v1/users
2025-08-13T21:50:06.111Z [INFO] Found 5 users in group, returning 4 after exclusions.
2025-08-13T21:50:06.111Z [INFO] GET /api/users - 200
2025-08-13T21:50:11.707Z [DEBUG] Basic Auth attempt for user: admin
2025-08-13T21:50:11.707Z [INFO] Basic Auth successful for user: admin
2025-08-13T21:50:11.708Z [DEBUG] Making API call: GET https://my.luxurydmc.travel/api/v1/mail/luxurydmc.travel/mailboxes/m
2025-08-13T21:50:11.767Z [ERROR] API call failed: GET https://my.luxurydmc.travel/api/v1/mail/luxurydmc.travel/mailboxes/m {"status":404,"body":"{\n  \"status\": \"Not Found\",\n  \"message\": \"Mailbox not found\"\n}"}
2025-08-13T21:50:11.768Z [INFO] GET /api/mailboxes/luxurydmc.travel/m/exists - 200
2025-08-13T21:50:12.220Z [DEBUG] Basic Auth attempt for user: admin
2025-08-13T21:50:12.221Z [INFO] Basic Auth successful for user: admin
2025-08-13T21:50:12.221Z [DEBUG] Making API call: GET https://my.luxurydmc.travel/api/v1/mail/luxurydmc.travel/mailboxes/ma
2025-08-13T21:50:12.284Z [ERROR] API call failed: GET https://my.luxurydmc.travel/api/v1/mail/luxurydmc.travel/mailboxes/ma {"status":404,"body":"{\n  \"status\": \"Not Found\",\n  \"message\": \"Mailbox not found\"\n}"}
2025-08-13T21:50:12.284Z [INFO] GET /api/mailboxes/luxurydmc.travel/ma/exists - 200
2025-08-13T21:50:13.128Z [DEBUG] Basic Auth attempt for user: admin
2025-08-13T21:50:13.128Z [INFO] Basic Auth successful for user: admin
2025-08-13T21:50:13.129Z [DEBUG] Making API call: GET https://my.luxurydmc.travel/api/v1/mail/luxurydmc.travel/mailboxes/mail
2025-08-13T21:50:13.187Z [ERROR] API call failed: GET https://my.luxurydmc.travel/api/v1/mail/luxurydmc.travel/mailboxes/mail {"status":404,"body":"{\n  \"status\": \"Not Found\",\n  \"message\": \"Mailbox not found\"\n}"}
2025-08-13T21:50:13.188Z [INFO] GET /api/mailboxes/luxurydmc.travel/mail/exists - 200
2025-08-13T21:50:14.174Z [DEBUG] Basic Auth attempt for user: admin
2025-08-13T21:50:14.175Z [INFO] Basic Auth successful for user: admin
2025-08-13T21:50:14.175Z [DEBUG] Making API call: GET https://my.luxurydmc.travel/api/v1/mail/luxurydmc.travel/mailboxes/mail1
2025-08-13T21:50:14.236Z [ERROR] API call failed: GET https://my.luxurydmc.travel/api/v1/mail/luxurydmc.travel/mailboxes/mail1 {"status":404,"body":"{\n  \"status\": \"Not Found\",\n  \"message\": \"Mailbox not found\"\n}"}
2025-08-13T21:50:14.237Z [INFO] GET /api/mailboxes/luxurydmc.travel/mail1/exists - 200
2025-08-13T21:50:15.707Z [DEBUG] Basic Auth attempt for user: admin
2025-08-13T21:50:15.708Z [INFO] Basic Auth successful for user: admin
2025-08-13T21:50:15.708Z [DEBUG] Making API call: GET https://my.luxurydmc.travel/api/v1/mail/luxurydmc.travel/mailboxes/mail13
2025-08-13T21:50:15.767Z [ERROR] API call failed: GET https://my.luxurydmc.travel/api/v1/mail/luxurydmc.travel/mailboxes/mail13 {"status":404,"body":"{\n  \"status\": \"Not Found\",\n  \"message\": \"Mailbox not found\"\n}"}
2025-08-13T21:50:15.768Z [INFO] GET /api/mailboxes/luxurydmc.travel/mail13/exists - 200
2025-08-13T21:50:26.019Z [DEBUG] Basic Auth attempt for user: admin
2025-08-13T21:50:26.019Z [INFO] Basic Auth successful for user: admin
2025-08-13T21:50:26.020Z [DEBUG] Making API call: GET https://my.luxurydmc.travel/api/v1/mail/luxurydmc.travel/mailboxes/test13
2025-08-13T21:50:26.085Z [DEBUG] API call successful: GET https://my.luxurydmc.travel/api/v1/mail/luxurydmc.travel/mailboxes/test13
2025-08-13T21:50:26.086Z [INFO] GET /api/mailboxes/luxurydmc.travel/test13/exists - 200
2025-08-13T21:51:09.722Z [DEBUG] Basic Auth attempt for user: admin
2025-08-13T21:51:09.723Z [INFO] Basic Auth successful for user: admin
2025-08-13T21:51:09.723Z [DEBUG] Making API call: GET https://my.luxurydmc.travel/api/v1/mail/luxurydmc.travel/mailboxes/test1
2025-08-13T21:51:09.785Z [ERROR] API call failed: GET https://my.luxurydmc.travel/api/v1/mail/luxurydmc.travel/mailboxes/test1 {"status":404,"body":"{\n  \"status\": \"Not Found\",\n  \"message\": \"Mailbox not found\"\n}"}
2025-08-13T21:51:09.785Z [INFO] GET /api/mailboxes/luxurydmc.travel/test1/exists - 200
2025-08-13T21:52:15.671Z [INFO] Application starting...
2025-08-13T21:52:15.672Z [INFO] Running pre-flight checks...
2025-08-13T21:52:15.673Z [INFO] Verifying mail server status for each configured domain...
2025-08-13T21:52:15.673Z [DEBUG] Making API call: GET https://my.luxurydmc.travel/api/v1/mail/luxurydmc.travel/status
2025-08-13T21:52:16.493Z [DEBUG] API call successful: GET https://my.luxurydmc.travel/api/v1/mail/luxurydmc.travel/status
2025-08-13T21:52:16.494Z [INFO] Domain 'luxurydmc.travel' is configured correctly for mail.
2025-08-13T21:52:16.495Z [INFO] Starting in development mode.
2025-08-13T21:52:16.495Z [INFO] Server starting on http://localhost:8020
2025-08-13T21:52:23.833Z [INFO] Application starting...
2025-08-13T21:52:23.834Z [INFO] Running pre-flight checks...
2025-08-13T21:52:23.834Z [INFO] Verifying mail server status for each configured domain...
2025-08-13T21:52:23.835Z [DEBUG] Making API call: GET https://my.luxurydmc.travel/api/v1/mail/luxurydmc.travel/status
2025-08-13T21:52:24.176Z [DEBUG] API call successful: GET https://my.luxurydmc.travel/api/v1/mail/luxurydmc.travel/status
2025-08-13T21:52:24.176Z [INFO] Domain 'luxurydmc.travel' is configured correctly for mail.
2025-08-13T21:52:24.176Z [INFO] Starting in development mode.
2025-08-13T21:52:24.177Z [INFO] Server starting on http://localhost:8020
2025-08-13T21:53:56.613Z [INFO] GET / - 200
2025-08-13T21:53:56.633Z [INFO] GET /style.css - 200
2025-08-13T21:53:56.636Z [INFO] GET /script.js - 200
2025-08-13T21:54:08.725Z [INFO] GET / - 200
2025-08-13T21:54:08.747Z [INFO] GET /style.css - 200
2025-08-13T21:54:08.749Z [INFO] GET /script.js - 200
2025-08-13T21:54:08.816Z [INFO] GET /favicon.ico - 404
2025-08-13T21:54:12.595Z [INFO] GET /style.css - 200
2025-08-13T21:54:12.623Z [INFO] GET /.well-known/appspecific/com.chrome.devtools.json - 404
2025-08-13T21:54:18.502Z [INFO] GET / - 200
2025-08-13T21:54:18.512Z [INFO] GET /style.css - 200
2025-08-13T21:54:18.516Z [INFO] GET /script.js - 200
2025-08-13T21:54:18.537Z [INFO] GET /.well-known/appspecific/com.chrome.devtools.json - 404
2025-08-13T21:54:19.772Z [INFO] GET / - 200
2025-08-13T21:54:19.783Z [INFO] GET /style.css - 200
2025-08-13T21:54:19.786Z [INFO] GET /script.js - 200
2025-08-13T21:54:19.807Z [INFO] GET /.well-known/appspecific/com.chrome.devtools.json - 404
2025-08-13T21:54:54.850Z [INFO] Application starting...
2025-08-13T21:54:54.851Z [INFO] Running pre-flight checks...
2025-08-13T21:54:54.852Z [INFO] Verifying mail server status for each configured domain...
2025-08-13T21:54:54.852Z [DEBUG] Making API call: GET https://my.luxurydmc.travel/api/v1/mail/luxurydmc.travel/status
2025-08-13T21:54:55.271Z [DEBUG] API call successful: GET https://my.luxurydmc.travel/api/v1/mail/luxurydmc.travel/status
2025-08-13T21:54:55.272Z [INFO] Domain 'luxurydmc.travel' is configured correctly for mail.
2025-08-13T21:54:55.272Z [INFO] Starting in development mode.
2025-08-13T21:54:55.273Z [INFO] Server starting on http://localhost:8020
2025-08-13T21:54:59.208Z [INFO] GET / - 200
2025-08-13T21:54:59.218Z [INFO] GET /style.css - 200
2025-08-13T21:54:59.221Z [INFO] GET /script.js - 200
2025-08-13T21:56:28.156Z [INFO] Application starting...
2025-08-13T21:56:28.159Z [INFO] Running pre-flight checks...
2025-08-13T21:56:28.159Z [INFO] Verifying mail server status for each configured domain...
2025-08-13T21:56:28.160Z [DEBUG] Making API call: GET https://my.luxurydmc.travel/api/v1/mail/luxurydmc.travel/status
2025-08-13T21:56:28.573Z [DEBUG] API call successful: GET https://my.luxurydmc.travel/api/v1/mail/luxurydmc.travel/status
2025-08-13T21:56:28.573Z [INFO] Domain 'luxurydmc.travel' is configured correctly for mail.
2025-08-13T21:56:28.574Z [INFO] Starting in development mode.
2025-08-13T21:56:28.575Z [INFO] Server starting on http://localhost:8020
2025-08-13T21:56:31.407Z [INFO] GET / - 200
2025-08-13T21:56:31.420Z [INFO] GET /style.css - 200
2025-08-13T21:56:31.425Z [INFO] GET /script.js - 200
2025-08-13T21:56:32.447Z [INFO] GET / - 200
2025-08-13T21:56:32.461Z [INFO] GET /style.css - 200
2025-08-13T21:56:32.461Z [INFO] GET /script.js - 200
2025-08-13T21:56:33.161Z [INFO] GET / - 200
2025-08-13T21:56:33.174Z [INFO] GET /style.css - 200
2025-08-13T21:56:33.174Z [INFO] GET /script.js - 200
2025-08-13T21:57:51.896Z [INFO] Application starting...
2025-08-13T21:57:51.899Z [INFO] Running pre-flight checks...
2025-08-13T21:57:51.900Z [INFO] Verifying mail server status for each configured domain...
2025-08-13T21:57:51.900Z [DEBUG] Making API call: GET https://my.luxurydmc.travel/api/v1/mail/luxurydmc.travel/status
2025-08-13T21:57:52.525Z [DEBUG] API call successful: GET https://my.luxurydmc.travel/api/v1/mail/luxurydmc.travel/status
2025-08-13T21:57:52.525Z [INFO] Domain 'luxurydmc.travel' is configured correctly for mail.
2025-08-13T21:57:52.526Z [INFO] Starting in development mode.
2025-08-13T21:57:52.526Z [INFO] Server starting on http://localhost:8020
2025-08-13T21:57:55.357Z [INFO] GET / - 200
2025-08-13T21:57:55.373Z [INFO] GET /style.css - 200
2025-08-13T21:57:55.378Z [INFO] GET /script.js - 200
2025-08-13T21:57:55.426Z [DEBUG] Basic Auth attempt for user: admin
2025-08-13T21:57:55.427Z [INFO] Basic Auth successful for user: admin
2025-08-13T21:57:55.427Z [INFO] Request received to list users.
2025-08-13T21:57:55.427Z [INFO] No cached group ID. Fetching group info for "luxurydmc"...
2025-08-13T21:57:55.427Z [DEBUG] Making API call: GET https://my.luxurydmc.travel/api/v1/groups?search=luxurydmc
2025-08-13T21:57:55.428Z [DEBUG] Basic Auth attempt for user: admin
2025-08-13T21:57:55.428Z [INFO] Basic Auth successful for user: admin
2025-08-13T21:57:55.429Z [DEBUG] Making API call: GET https://my.luxurydmc.travel/api/v1/mail/luxurydmc.travel/mailboxes
2025-08-13T21:57:55.429Z [DEBUG] Making API call: GET https://my.luxurydmc.travel/api/v1/users
2025-08-13T21:57:55.487Z [DEBUG] API call successful: GET https://my.luxurydmc.travel/api/v1/groups?search=luxurydmc
2025-08-13T21:57:55.488Z [INFO] Managing users for group: luxurydmc (ID: gid-5d8b1201-3e87-415f-ab4c-66bf5ed523f3)
2025-08-13T21:57:55.488Z [DEBUG] Making API call: GET https://my.luxurydmc.travel/api/v1/users
2025-08-13T21:57:55.489Z [DEBUG] Making API call: GET https://my.luxurydmc.travel/api/v1/groups/gid-5d8b1201-3e87-415f-ab4c-66bf5ed523f3
2025-08-13T21:57:55.537Z [DEBUG] API call successful: GET https://my.luxurydmc.travel/api/v1/mail/luxurydmc.travel/mailboxes
2025-08-13T21:57:55.538Z [DEBUG] API call successful: GET https://my.luxurydmc.travel/api/v1/users
2025-08-13T21:57:55.539Z [INFO] Found 6 total mailboxes, returning 3 after exclusions.
2025-08-13T21:57:55.539Z [INFO] GET /api/mailboxes - 200
2025-08-13T21:57:55.542Z [DEBUG] Basic Auth attempt for user: admin
2025-08-13T21:57:55.542Z [INFO] Basic Auth successful for user: admin
2025-08-13T21:57:55.543Z [INFO] Serving config with valid domains: {"domains":["luxurydmc.travel"],"brandName":"Streamway"}
2025-08-13T21:57:55.543Z [INFO] GET /api/config - 200
2025-08-13T21:57:55.594Z [DEBUG] API call successful: GET https://my.luxurydmc.travel/api/v1/users
2025-08-13T21:57:55.596Z [DEBUG] API call successful: GET https://my.luxurydmc.travel/api/v1/groups/gid-5d8b1201-3e87-415f-ab4c-66bf5ed523f3
2025-08-13T21:57:55.597Z [INFO] Found 5 users in group, returning 4 after exclusions.
2025-08-13T21:57:55.597Z [INFO] GET /api/users - 200
2025-08-13T21:58:03.114Z [DEBUG] Basic Auth attempt for user: admin
2025-08-13T21:58:03.114Z [INFO] Basic Auth successful for user: admin
2025-08-13T21:58:03.115Z [DEBUG] Making API call: GET https://my.luxurydmc.travel/api/v1/users?search=test13
2025-08-13T21:58:03.198Z [DEBUG] API call successful: GET https://my.luxurydmc.travel/api/v1/users?search=test13
2025-08-13T21:58:03.200Z [INFO] GET /api/users/test13/exists - 200
2025-08-13T21:58:14.394Z [DEBUG] Basic Auth attempt for user: admin
2025-08-13T21:58:14.395Z [INFO] Basic Auth successful for user: admin
2025-08-13T21:58:14.396Z [DEBUG] Making API call: GET https://my.luxurydmc.travel/api/v1/mail/luxurydmc.travel/mailboxes/test12
2025-08-13T21:58:14.456Z [ERROR] API call failed: GET https://my.luxurydmc.travel/api/v1/mail/luxurydmc.travel/mailboxes/test12 {"status":404,"body":"{\n  \"status\": \"Not Found\",\n  \"message\": \"Mailbox not found\"\n}"}
2025-08-13T21:58:14.457Z [INFO] GET /api/mailboxes/luxurydmc.travel/test12/exists - 200
2025-08-13T21:58:15.812Z [DEBUG] Basic Auth attempt for user: admin
2025-08-13T21:58:15.813Z [INFO] Basic Auth successful for user: admin
2025-08-13T21:58:15.813Z [DEBUG] Making API call: GET https://my.luxurydmc.travel/api/v1/mail/luxurydmc.travel/mailboxes/test1
2025-08-13T21:58:15.873Z [ERROR] API call failed: GET https://my.luxurydmc.travel/api/v1/mail/luxurydmc.travel/mailboxes/test1 {"status":404,"body":"{\n  \"status\": \"Not Found\",\n  \"message\": \"Mailbox not found\"\n}"}
2025-08-13T21:58:15.873Z [INFO] GET /api/mailboxes/luxurydmc.travel/test1/exists - 200
2025-08-13T21:58:16.455Z [DEBUG] Basic Auth attempt for user: admin
2025-08-13T21:58:16.456Z [INFO] Basic Auth successful for user: admin
2025-08-13T21:58:16.457Z [DEBUG] Making API call: GET https://my.luxurydmc.travel/api/v1/mail/luxurydmc.travel/mailboxes/test13
2025-08-13T21:58:16.526Z [DEBUG] API call successful: GET https://my.luxurydmc.travel/api/v1/mail/luxurydmc.travel/mailboxes/test13
2025-08-13T21:58:16.528Z [INFO] GET /api/mailboxes/luxurydmc.travel/test13/exists - 200
2025-08-13T21:59:49.409Z [INFO] GET / - 200
2025-08-13T21:59:49.425Z [INFO] GET /style.css - 200
2025-08-13T21:59:49.425Z [INFO] GET /script.js - 200
2025-08-13T21:59:49.473Z [DEBUG] Basic Auth attempt for user: admin
2025-08-13T21:59:49.473Z [INFO] Basic Auth successful for user: admin
2025-08-13T21:59:49.473Z [INFO] Request received to list users.
2025-08-13T21:59:49.474Z [DEBUG] Making API call: GET https://my.luxurydmc.travel/api/v1/users
2025-08-13T21:59:49.474Z [DEBUG] Making API call: GET https://my.luxurydmc.travel/api/v1/groups/gid-5d8b1201-3e87-415f-ab4c-66bf5ed523f3
2025-08-13T21:59:49.475Z [DEBUG] Basic Auth attempt for user: admin
2025-08-13T21:59:49.476Z [INFO] Basic Auth successful for user: admin
2025-08-13T21:59:49.476Z [DEBUG] Making API call: GET https://my.luxurydmc.travel/api/v1/mail/luxurydmc.travel/mailboxes
2025-08-13T21:59:49.476Z [DEBUG] Making API call: GET https://my.luxurydmc.travel/api/v1/users
2025-08-13T21:59:49.651Z [DEBUG] API call successful: GET https://my.luxurydmc.travel/api/v1/users
2025-08-13T21:59:49.655Z [DEBUG] API call successful: GET https://my.luxurydmc.travel/api/v1/groups/gid-5d8b1201-3e87-415f-ab4c-66bf5ed523f3
2025-08-13T21:59:49.655Z [DEBUG] API call successful: GET https://my.luxurydmc.travel/api/v1/users
2025-08-13T21:59:49.656Z [INFO] Found 5 users in group, returning 4 after exclusions.
2025-08-13T21:59:49.657Z [INFO] GET /api/users - 200
2025-08-13T21:59:49.664Z [DEBUG] Basic Auth attempt for user: admin
2025-08-13T21:59:49.665Z [INFO] Basic Auth successful for user: admin
2025-08-13T21:59:49.666Z [INFO] Serving config with valid domains: {"domains":["luxurydmc.travel"],"brandName":"Streamway"}
2025-08-13T21:59:49.667Z [INFO] GET /api/config - 200
2025-08-13T21:59:49.676Z [DEBUG] API call successful: GET https://my.luxurydmc.travel/api/v1/mail/luxurydmc.travel/mailboxes
2025-08-13T21:59:49.677Z [INFO] Found 6 total mailboxes, returning 3 after exclusions.
2025-08-13T21:59:49.677Z [INFO] GET /api/mailboxes - 200
2025-08-13T22:00:00.691Z [DEBUG] Basic Auth attempt for user: admin
2025-08-13T22:00:00.692Z [INFO] Basic Auth successful for user: admin
2025-08-13T22:00:00.692Z [DEBUG] Making API call: GET https://my.luxurydmc.travel/api/v1/mail/luxurydmc.travel/mailboxes/test12
2025-08-13T22:00:00.743Z [ERROR] API call failed: GET https://my.luxurydmc.travel/api/v1/mail/luxurydmc.travel/mailboxes/test12 {"status":404,"body":"{\n  \"status\": \"Not Found\",\n  \"message\": \"Mailbox not found\"\n}"}
2025-08-13T22:00:00.744Z [INFO] GET /api/mailboxes/luxurydmc.travel/test12/exists - 200
2025-08-13T22:00:02.565Z [DEBUG] Basic Auth attempt for user: admin
2025-08-13T22:00:02.566Z [INFO] Basic Auth successful for user: admin
2025-08-13T22:00:02.566Z [DEBUG] Making API call: GET https://my.luxurydmc.travel/api/v1/mail/luxurydmc.travel/mailboxes/test13
2025-08-13T22:00:02.611Z [DEBUG] API call successful: GET https://my.luxurydmc.travel/api/v1/mail/luxurydmc.travel/mailboxes/test13
2025-08-13T22:00:02.612Z [INFO] GET /api/mailboxes/luxurydmc.travel/test13/exists - 200
2025-08-13T22:00:06.784Z [DEBUG] Basic Auth attempt for user: admin
2025-08-13T22:00:06.785Z [INFO] Basic Auth successful for user: admin
2025-08-13T22:00:06.785Z [DEBUG] Making API call: GET https://my.luxurydmc.travel/api/v1/mail/luxurydmc.travel/mailboxes/test1
2025-08-13T22:00:06.831Z [ERROR] API call failed: GET https://my.luxurydmc.travel/api/v1/mail/luxurydmc.travel/mailboxes/test1 {"status":404,"body":"{\n  \"status\": \"Not Found\",\n  \"message\": \"Mailbox not found\"\n}"}
2025-08-13T22:00:06.831Z [INFO] GET /api/mailboxes/luxurydmc.travel/test1/exists - 200
2025-08-13T22:00:07.671Z [DEBUG] Basic Auth attempt for user: admin
2025-08-13T22:00:07.671Z [INFO] Basic Auth successful for user: admin
2025-08-13T22:00:07.672Z [DEBUG] Making API call: GET https://my.luxurydmc.travel/api/v1/mail/luxurydmc.travel/mailboxes/test11
2025-08-13T22:00:07.719Z [DEBUG] API call successful: GET https://my.luxurydmc.travel/api/v1/mail/luxurydmc.travel/mailboxes/test11
2025-08-13T22:00:07.720Z [INFO] GET /api/mailboxes/luxurydmc.travel/test11/exists - 200
2025-08-13T22:00:10.081Z [DEBUG] Basic Auth attempt for user: admin
2025-08-13T22:00:10.082Z [INFO] Basic Auth successful for user: admin
2025-08-13T22:00:10.082Z [DEBUG] Making API call: GET https://my.luxurydmc.travel/api/v1/mail/luxurydmc.travel/mailboxes/test1
2025-08-13T22:00:10.131Z [ERROR] API call failed: GET https://my.luxurydmc.travel/api/v1/mail/luxurydmc.travel/mailboxes/test1 {"status":404,"body":"{\n  \"status\": \"Not Found\",\n  \"message\": \"Mailbox not found\"\n}"}
2025-08-13T22:00:10.132Z [INFO] GET /api/mailboxes/luxurydmc.travel/test1/exists - 200
2025-08-13T22:00:31.272Z [DEBUG] Basic Auth attempt for user: admin
2025-08-13T22:00:31.273Z [INFO] Basic Auth successful for user: admin
2025-08-13T22:00:31.273Z [DEBUG] Making API call: GET https://my.luxurydmc.travel/api/v1/users?search=test13
2025-08-13T22:00:31.322Z [DEBUG] API call successful: GET https://my.luxurydmc.travel/api/v1/users?search=test13
2025-08-13T22:00:31.323Z [INFO] GET /api/users/test13/exists - 200
2025-10-15T08:05:44.190Z [INFO] GET / - 200
2025-10-15T08:05:44.214Z [INFO] GET /style.css - 200
2025-10-15T08:05:44.259Z [INFO] GET /script.js - 200
2025-10-15T08:05:44.308Z [DEBUG] Basic Auth attempt for user: admin
2025-10-15T08:05:44.308Z [INFO] Basic Auth successful for user: admin
2025-10-15T08:05:44.308Z [INFO] Request received to list users.
2025-10-15T08:05:44.308Z [INFO] No cached group ID. Fetching group info for "luxurydmc"...
2025-10-15T08:05:44.309Z [DEBUG] Making API call: GET https://my.luxurydmc.travel/api/v1/groups?search=luxurydmc
2025-10-15T08:05:44.444Z [DEBUG] Basic Auth attempt for user: admin
2025-10-15T08:05:44.444Z [INFO] Basic Auth successful for user: admin
2025-10-15T08:05:44.445Z [INFO] Using configured mail domains: luxurydmc.travel, luxurydestinationtourism.com
2025-10-15T08:05:44.445Z [DEBUG] Making API call: GET https://my.luxurydmc.travel/api/v1/users
2025-10-15T08:05:44.446Z [DEBUG] Making API call: GET https://my.luxurydmc.travel/api/v1/mail/luxurydmc.travel/mailboxes
2025-10-15T08:05:44.522Z [DEBUG] Basic Auth attempt for user: admin
2025-10-15T08:05:44.522Z [INFO] Basic Auth successful for user: admin
2025-10-15T08:05:44.522Z [INFO] Serving config with valid domains: {"domains":["luxurydmc.travel","luxurydestinationtourism.com"],"brandName":"Streamway"}
2025-10-15T08:05:44.522Z [INFO] GET /api/config - 200
2025-10-15T08:05:44.699Z [DEBUG] API call successful: GET https://my.luxurydmc.travel/api/v1/groups?search=luxurydmc
2025-10-15T08:05:44.701Z [INFO] Managing users for group: luxurydmc (ID: gid-5d8b1201-3e87-415f-ab4c-66bf5ed523f3)
2025-10-15T08:05:44.702Z [DEBUG] Making API call: GET https://my.luxurydmc.travel/api/v1/users
2025-10-15T08:05:44.703Z [DEBUG] Making API call: GET https://my.luxurydmc.travel/api/v1/groups/gid-5d8b1201-3e87-415f-ab4c-66bf5ed523f3
2025-10-15T08:05:44.747Z [DEBUG] API call successful: GET https://my.luxurydmc.travel/api/v1/users
2025-10-15T08:05:44.747Z [DEBUG] API call successful: GET https://my.luxurydmc.travel/api/v1/mail/luxurydmc.travel/mailboxes
2025-10-15T08:05:44.748Z [DEBUG] Making API call: GET https://my.luxurydmc.travel/api/v1/mail/luxurydestinationtourism.com/mailboxes
2025-10-15T08:05:44.819Z [DEBUG] API call successful: GET https://my.luxurydmc.travel/api/v1/groups/gid-5d8b1201-3e87-415f-ab4c-66bf5ed523f3
2025-10-15T08:05:44.831Z [DEBUG] API call successful: GET https://my.luxurydmc.travel/api/v1/users
2025-10-15T08:05:44.832Z [INFO] Found 13 users in group, returning 12 after exclusions.
2025-10-15T08:05:44.832Z [INFO] GET /api/users - 200
2025-10-15T08:05:44.892Z [DEBUG] API call successful: GET https://my.luxurydmc.travel/api/v1/mail/luxurydestinationtourism.com/mailboxes
2025-10-15T08:05:44.893Z [INFO] Found 11 total mailboxes, returning 10 after exclusions.
2025-10-15T08:05:44.893Z [INFO] GET /api/mailboxes - 200
2025-10-15T08:25:58.269Z [INFO] Application starting...
2025-10-15T08:25:58.270Z [INFO] Running pre-flight checks...
2025-10-15T08:25:58.271Z [INFO] Using configured mail domains: luxurydmc.travel, luxurydestinationtourism.com
2025-10-15T08:25:58.271Z [INFO] Starting in development mode.
2025-10-15T08:25:58.271Z [INFO] Server starting on http://localhost:8020
2025-10-15T08:26:13.021Z [INFO] Application starting...
2025-10-15T08:26:13.023Z [INFO] Running pre-flight checks...
2025-10-15T08:26:13.023Z [INFO] Using configured mail domains: luxurydmc.travel, luxurydestinationtourism.com
2025-10-15T08:26:13.023Z [INFO] Starting in development mode.
2025-10-15T08:26:13.023Z [INFO] Server starting on http://localhost:8020
2025-10-15T08:27:10.524Z [INFO] Application starting...
2025-10-15T08:27:10.525Z [INFO] Running pre-flight checks...
2025-10-15T08:27:10.525Z [INFO] Using configured mail domains: luxurydmc.travel, luxurydestinationtourism.com
2025-10-15T08:27:10.526Z [INFO] Starting in development mode.
2025-10-15T08:27:10.526Z [INFO] Server starting on http://localhost:8020
2025-10-15T08:27:35.384Z [INFO] Application starting...
2025-10-15T08:27:35.385Z [INFO] Running pre-flight checks...
2025-10-15T08:27:35.385Z [INFO] Using configured mail domains: luxurydmc.travel, luxurydestinationtourism.com
2025-10-15T08:27:35.385Z [INFO] Starting in development mode.
2025-10-15T08:27:35.386Z [INFO] Server starting on http://localhost:8020
2025-10-28T06:30:39.294Z [INFO] Application starting...
2025-10-28T06:30:39.305Z [INFO] Running pre-flight checks...
2025-10-28T06:30:39.306Z [INFO] Using configured mail domains: luxurydmc.travel, luxurydestinationtourism.com
2025-10-28T06:30:39.306Z [INFO] Starting in development mode.
2025-10-28T06:30:39.306Z [INFO] Server starting on http://localhost:8020
2025-10-28T06:34:18.747Z [INFO] Application starting...
2025-10-28T06:34:18.749Z [INFO] Running pre-flight checks...
2025-10-28T06:34:18.749Z [INFO] Using configured mail domains: luxurydmc.travel, luxurydestinationtourism.com
2025-10-28T06:34:18.750Z [INFO] Starting in development mode.
2025-10-28T06:34:18.750Z [INFO] Server starting on http://localhost:8020
2025-10-28T06:34:23.991Z [INFO] GET / - 200
2025-10-28T06:34:24.243Z [INFO] GET /style.css - 200
2025-10-28T06:34:24.323Z [INFO] GET /script.js - 200
2025-10-28T06:34:24.374Z [WARN] Auth failed: Missing or invalid Authorization header.
2025-10-28T06:34:24.375Z [INFO] GET /api/users - 401
2025-10-28T06:34:24.376Z [WARN] Auth failed: Missing or invalid Authorization header.
2025-10-28T06:34:24.400Z [INFO] GET /api/mailboxes - 401
2025-10-28T06:34:24.423Z [WARN] Auth failed: Missing or invalid Authorization header.
2025-10-28T06:34:24.424Z [INFO] GET /api/config - 401
2025-10-28T06:34:24.791Z [INFO] GET /favicon.ico - 404
2025-10-28T06:34:32.710Z [DEBUG] Basic Auth attempt for user: admin
2025-10-28T06:34:32.710Z [WARN] Auth failed: Invalid credentials for user: admin
2025-10-28T06:34:32.710Z [INFO] GET /api/users - 401
2025-10-28T06:34:32.711Z [DEBUG] Basic Auth attempt for user: admin
2025-10-28T06:34:32.711Z [WARN] Auth failed: Invalid credentials for user: admin
2025-10-28T06:34:32.711Z [INFO] GET /api/mailboxes - 401
2025-10-28T06:34:32.712Z [DEBUG] Basic Auth attempt for user: admin
2025-10-28T06:34:32.712Z [WARN] Auth failed: Invalid credentials for user: admin
2025-10-28T06:34:32.712Z [INFO] GET /api/config - 401
2025-10-28T06:34:56.054Z [DEBUG] Basic Auth attempt for user: admin
2025-10-28T06:34:56.054Z [INFO] Basic Auth successful for user: admin
2025-10-28T06:34:56.055Z [INFO] Request received to list users.
2025-10-28T06:34:56.055Z [INFO] No cached group ID. Fetching group info for "luxurydmc"...
2025-10-28T06:34:56.055Z [DEBUG] Making API call: GET https://my.luxurydmc.travel/api/v1/groups?search=luxurydmc
2025-10-28T06:34:56.057Z [DEBUG] Basic Auth attempt for user: admin
2025-10-28T06:34:56.057Z [INFO] Basic Auth successful for user: admin
2025-10-28T06:34:56.058Z [INFO] Using configured mail domains: luxurydmc.travel, luxurydestinationtourism.com
2025-10-28T06:34:56.058Z [DEBUG] Making API call: GET https://my.luxurydmc.travel/api/v1/users
2025-10-28T06:34:56.059Z [DEBUG] Basic Auth attempt for user: admin
2025-10-28T06:34:56.059Z [INFO] Basic Auth successful for user: admin
2025-10-28T06:34:56.059Z [INFO] Serving config with valid domains: {"domains":["luxurydmc.travel","luxurydestinationtourism.com"],"brandName":"Streamway"}
2025-10-28T06:34:56.059Z [DEBUG] Making API call: GET https://my.luxurydmc.travel/api/v1/mail/luxurydmc.travel/mailboxes
2025-10-28T06:34:56.060Z [INFO] GET /api/config - 200
2025-10-28T06:34:56.300Z [DEBUG] API call successful: GET https://my.luxurydmc.travel/api/v1/mail/luxurydmc.travel/mailboxes
2025-10-28T06:34:56.301Z [DEBUG] Making API call: GET https://my.luxurydmc.travel/api/v1/mail/luxurydestinationtourism.com/mailboxes
2025-10-28T06:34:56.304Z [DEBUG] API call successful: GET https://my.luxurydmc.travel/api/v1/groups?search=luxurydmc
2025-10-28T06:34:56.304Z [INFO] Managing users for group: luxurydmc (ID: gid-5d8b1201-3e87-415f-ab4c-66bf5ed523f3)
2025-10-28T06:34:56.304Z [DEBUG] Making API call: GET https://my.luxurydmc.travel/api/v1/users
2025-10-28T06:34:56.305Z [DEBUG] Making API call: GET https://my.luxurydmc.travel/api/v1/groups/gid-5d8b1201-3e87-415f-ab4c-66bf5ed523f3
2025-10-28T06:34:56.331Z [DEBUG] API call successful: GET https://my.luxurydmc.travel/api/v1/users
2025-10-28T06:34:56.387Z [DEBUG] API call successful: GET https://my.luxurydmc.travel/api/v1/groups/gid-5d8b1201-3e87-415f-ab4c-66bf5ed523f3
2025-10-28T06:34:56.388Z [DEBUG] API call successful: GET https://my.luxurydmc.travel/api/v1/mail/luxurydestinationtourism.com/mailboxes
2025-10-28T06:34:56.388Z [INFO] Found 12 total mailboxes, returning 11 after exclusions.
2025-10-28T06:34:56.388Z [INFO] GET /api/mailboxes - 200
2025-10-28T06:34:56.390Z [DEBUG] API call successful: GET https://my.luxurydmc.travel/api/v1/users
2025-10-28T06:34:56.391Z [INFO] Found 13 users in group, returning 12 after exclusions.
2025-10-28T06:34:56.391Z [INFO] GET /api/users - 200
2025-10-28T06:37:29.358Z [DEBUG] Basic Auth attempt for user: admin
2025-10-28T06:37:29.358Z [INFO] Basic Auth successful for user: admin
2025-10-28T06:37:29.358Z [INFO] Request received to update user with ID: uid-3d1c5781-d7e9-454f-b605-7ffb3ddb1598
2025-10-28T06:37:29.359Z [DEBUG] Making API call: PUT https://my.luxurydmc.travel/api/v1/users/uid-3d1c5781-d7e9-454f-b605-7ffb3ddb1598
2025-10-28T06:37:29.609Z [ERROR] API call failed: PUT https://my.luxurydmc.travel/api/v1/users/uid-3d1c5781-d7e9-454f-b605-7ffb3ddb1598 {"status":404,"body":"{\n  \"status\": \"Not Found\",\n  \"message\": \"No such route\"\n}"}
2025-10-28T06:37:29.610Z [ERROR] Error updating user uid-3d1c5781-d7e9-454f-b605-7ffb3ddb1598: {"message":"Failed to update user: Unknown error"}
2025-10-28T06:37:29.611Z [INFO] PUT /api/users/uid-3d1c5781-d7e9-454f-b605-7ffb3ddb1598 - 500
2025-10-28T06:38:11.400Z [INFO] Application starting...
2025-10-28T06:38:11.402Z [INFO] Running pre-flight checks...
2025-10-28T06:38:11.402Z [INFO] Using configured mail domains: luxurydmc.travel, luxurydestinationtourism.com
2025-10-28T06:38:11.402Z [INFO] Starting in development mode.
2025-10-28T06:38:11.402Z [INFO] Server starting on http://localhost:8020
2025-10-28T06:38:51.339Z [INFO] GET / - 200
2025-10-28T06:38:51.363Z [INFO] GET /style.css - 200
2025-10-28T06:38:51.367Z [INFO] GET /script.js - 200
2025-10-28T06:38:51.414Z [DEBUG] Basic Auth attempt for user: admin
2025-10-28T06:38:51.414Z [INFO] Basic Auth successful for user: admin
2025-10-28T06:38:51.414Z [INFO] Request received to list users.
2025-10-28T06:38:51.414Z [INFO] No cached group ID. Fetching group info for "luxurydmc"...
2025-10-28T06:38:51.415Z [DEBUG] Making API call: GET https://my.luxurydmc.travel/api/v1/groups?search=luxurydmc
2025-10-28T06:38:51.417Z [DEBUG] Basic Auth attempt for user: admin
2025-10-28T06:38:51.417Z [INFO] Basic Auth successful for user: admin
2025-10-28T06:38:51.417Z [INFO] Using configured mail domains: luxurydmc.travel, luxurydestinationtourism.com
2025-10-28T06:38:51.417Z [DEBUG] Making API call: GET https://my.luxurydmc.travel/api/v1/users
2025-10-28T06:38:51.418Z [DEBUG] Making API call: GET https://my.luxurydmc.travel/api/v1/mail/luxurydmc.travel/mailboxes
2025-10-28T06:38:51.427Z [DEBUG] Basic Auth attempt for user: admin
2025-10-28T06:38:51.427Z [INFO] Basic Auth successful for user: admin
2025-10-28T06:38:51.427Z [INFO] Serving config with valid domains: {"domains":["luxurydmc.travel","luxurydestinationtourism.com"],"brandName":"Streamway"}
2025-10-28T06:38:51.428Z [INFO] GET /api/config - 200
2025-10-28T06:38:51.631Z [DEBUG] API call successful: GET https://my.luxurydmc.travel/api/v1/mail/luxurydmc.travel/mailboxes
2025-10-28T06:38:51.632Z [DEBUG] Making API call: GET https://my.luxurydmc.travel/api/v1/mail/luxurydestinationtourism.com/mailboxes
2025-10-28T06:38:51.635Z [DEBUG] API call successful: GET https://my.luxurydmc.travel/api/v1/groups?search=luxurydmc
2025-10-28T06:38:51.636Z [INFO] Managing users for group: luxurydmc (ID: gid-5d8b1201-3e87-415f-ab4c-66bf5ed523f3)
2025-10-28T06:38:51.637Z [DEBUG] Making API call: GET https://my.luxurydmc.travel/api/v1/users
2025-10-28T06:38:51.638Z [DEBUG] Making API call: GET https://my.luxurydmc.travel/api/v1/groups/gid-5d8b1201-3e87-415f-ab4c-66bf5ed523f3
2025-10-28T06:38:51.659Z [DEBUG] API call successful: GET https://my.luxurydmc.travel/api/v1/users
2025-10-28T06:38:51.752Z [DEBUG] API call successful: GET https://my.luxurydmc.travel/api/v1/mail/luxurydestinationtourism.com/mailboxes
2025-10-28T06:38:51.754Z [INFO] Found 12 total mailboxes, returning 11 after exclusions.
2025-10-28T06:38:51.755Z [INFO] GET /api/mailboxes - 200
2025-10-28T06:38:51.758Z [DEBUG] API call successful: GET https://my.luxurydmc.travel/api/v1/groups/gid-5d8b1201-3e87-415f-ab4c-66bf5ed523f3
2025-10-28T06:38:51.758Z [DEBUG] API call successful: GET https://my.luxurydmc.travel/api/v1/users
2025-10-28T06:38:51.760Z [INFO] Found 13 users in group, returning 12 after exclusions.
2025-10-28T06:38:51.760Z [INFO] GET /api/users - 200
2025-10-28T06:38:55.889Z [DEBUG] Basic Auth attempt for user: admin
2025-10-28T06:38:55.889Z [INFO] Basic Auth successful for user: admin
2025-10-28T06:38:55.890Z [INFO] Request received to update user with ID: uid-3d1c5781-d7e9-454f-b605-7ffb3ddb1598
2025-10-28T06:38:55.890Z [DEBUG] Making API call: PUT https://my.luxurydmc.travel/api/v1/users/uid-3d1c5781-d7e9-454f-b605-7ffb3ddb1598
2025-10-28T06:38:55.934Z [ERROR] API call failed: PUT https://my.luxurydmc.travel/api/v1/users/uid-3d1c5781-d7e9-454f-b605-7ffb3ddb1598 {"status":404,"body":"{\n  \"status\": \"Not Found\",\n  \"message\": \"No such route\"\n}"}
2025-10-28T06:38:55.935Z [ERROR] Error updating user uid-3d1c5781-d7e9-454f-b605-7ffb3ddb1598: {"message":"Body already consumed"}
2025-10-28T06:38:55.935Z [INFO] PUT /api/users/uid-3d1c5781-d7e9-454f-b605-7ffb3ddb1598 - 500
2025-10-28T06:39:26.947Z [INFO] Application starting...
2025-10-28T06:39:26.949Z [INFO] Running pre-flight checks...
2025-10-28T06:39:26.949Z [INFO] Using configured mail domains: luxurydmc.travel, luxurydestinationtourism.com
2025-10-28T06:39:26.949Z [INFO] Starting in development mode.
2025-10-28T06:39:26.950Z [INFO] Server starting on http://localhost:8020
2025-10-28T06:39:46.340Z [INFO] GET / - 200
2025-10-28T06:39:46.363Z [INFO] GET /style.css - 200
2025-10-28T06:39:46.369Z [INFO] GET /script.js - 200
2025-10-28T06:39:46.417Z [DEBUG] Basic Auth attempt for user: admin
2025-10-28T06:39:46.417Z [INFO] Basic Auth successful for user: admin
2025-10-28T06:39:46.417Z [INFO] Request received to list users.
2025-10-28T06:39:46.417Z [INFO] No cached group ID. Fetching group info for "luxurydmc"...
2025-10-28T06:39:46.420Z [DEBUG] Making API call: GET https://my.luxurydmc.travel/api/v1/groups?search=luxurydmc
2025-10-28T06:39:46.422Z [DEBUG] Basic Auth attempt for user: admin
2025-10-28T06:39:46.424Z [INFO] Basic Auth successful for user: admin
2025-10-28T06:39:46.424Z [INFO] Using configured mail domains: luxurydmc.travel, luxurydestinationtourism.com
2025-10-28T06:39:46.424Z [DEBUG] Making API call: GET https://my.luxurydmc.travel/api/v1/users
2025-10-28T06:39:46.425Z [DEBUG] Making API call: GET https://my.luxurydmc.travel/api/v1/mail/luxurydmc.travel/mailboxes
2025-10-28T06:39:46.431Z [DEBUG] Basic Auth attempt for user: admin
2025-10-28T06:39:46.431Z [INFO] Basic Auth successful for user: admin
2025-10-28T06:39:46.431Z [INFO] Serving config with valid domains: {"domains":["luxurydmc.travel","luxurydestinationtourism.com"],"brandName":"Streamway"}
2025-10-28T06:39:46.431Z [INFO] GET /api/config - 200
2025-10-28T06:39:46.622Z [DEBUG] API call successful: GET https://my.luxurydmc.travel/api/v1/groups?search=luxurydmc
2025-10-28T06:39:46.623Z [INFO] Managing users for group: luxurydmc (ID: gid-5d8b1201-3e87-415f-ab4c-66bf5ed523f3)
2025-10-28T06:39:46.623Z [DEBUG] Making API call: GET https://my.luxurydmc.travel/api/v1/users
2025-10-28T06:39:46.624Z [DEBUG] Making API call: GET https://my.luxurydmc.travel/api/v1/groups/gid-5d8b1201-3e87-415f-ab4c-66bf5ed523f3
2025-10-28T06:39:46.625Z [DEBUG] API call successful: GET https://my.luxurydmc.travel/api/v1/mail/luxurydmc.travel/mailboxes
2025-10-28T06:39:46.625Z [DEBUG] Making API call: GET https://my.luxurydmc.travel/api/v1/mail/luxurydestinationtourism.com/mailboxes
2025-10-28T06:39:46.653Z [DEBUG] API call successful: GET https://my.luxurydmc.travel/api/v1/users
2025-10-28T06:39:46.705Z [DEBUG] API call successful: GET https://my.luxurydmc.travel/api/v1/users
2025-10-28T06:39:46.706Z [DEBUG] API call successful: GET https://my.luxurydmc.travel/api/v1/groups/gid-5d8b1201-3e87-415f-ab4c-66bf5ed523f3
2025-10-28T06:39:46.706Z [INFO] Found 13 users in group, returning 12 after exclusions.
2025-10-28T06:39:46.707Z [INFO] GET /api/users - 200
2025-10-28T06:39:46.709Z [DEBUG] API call successful: GET https://my.luxurydmc.travel/api/v1/mail/luxurydestinationtourism.com/mailboxes
2025-10-28T06:39:46.710Z [INFO] Found 12 total mailboxes, returning 11 after exclusions.
2025-10-28T06:39:46.710Z [INFO] GET /api/mailboxes - 200
2025-10-28T06:39:49.885Z [DEBUG] Basic Auth attempt for user: admin
2025-10-28T06:39:49.885Z [INFO] Basic Auth successful for user: admin
2025-10-28T06:39:49.885Z [INFO] Request received to update user with ID: uid-3d1c5781-d7e9-454f-b605-7ffb3ddb1598
2025-10-28T06:39:49.886Z [DEBUG] Making API call: PUT https://my.luxurydmc.travel/api/v1/users/uid-3d1c5781-d7e9-454f-b605-7ffb3ddb1598
2025-10-28T06:39:49.932Z [ERROR] API call failed: PUT https://my.luxurydmc.travel/api/v1/users/uid-3d1c5781-d7e9-454f-b605-7ffb3ddb1598 {"status":404,"body":"{\n  \"status\": \"Not Found\",\n  \"message\": \"No such route\"\n}"}
2025-10-28T06:39:49.933Z [ERROR] Error updating user uid-3d1c5781-d7e9-454f-b605-7ffb3ddb1598: {"message":"Body already consumed"}
2025-10-28T06:39:49.933Z [INFO] PUT /api/users/uid-3d1c5781-d7e9-454f-b605-7ffb3ddb1598 - 500
2025-10-28T06:40:16.837Z [INFO] Application starting...
2025-10-28T06:40:16.843Z [INFO] Running pre-flight checks...
2025-10-28T06:40:16.843Z [INFO] Using configured mail domains: luxurydmc.travel, luxurydestinationtourism.com
2025-10-28T06:40:16.843Z [INFO] Starting in development mode.
2025-10-28T06:40:16.844Z [INFO] Server starting on http://localhost:8020
2025-10-28T06:40:20.671Z [INFO] GET / - 200
2025-10-28T06:40:20.698Z [INFO] GET /style.css - 200
2025-10-28T06:40:20.705Z [INFO] GET /script.js - 200
2025-10-28T06:40:20.748Z [DEBUG] Basic Auth attempt for user: admin
2025-10-28T06:40:20.748Z [INFO] Basic Auth successful for user: admin
2025-10-28T06:40:20.749Z [INFO] Request received to list users.
2025-10-28T06:40:20.749Z [INFO] No cached group ID. Fetching group info for "luxurydmc"...
2025-10-28T06:40:20.749Z [DEBUG] Making API call: GET https://my.luxurydmc.travel/api/v1/groups?search=luxurydmc
2025-10-28T06:40:20.751Z [DEBUG] Basic Auth attempt for user: admin
2025-10-28T06:40:20.752Z [INFO] Basic Auth successful for user: admin
2025-10-28T06:40:20.752Z [INFO] Using configured mail domains: luxurydmc.travel, luxurydestinationtourism.com
2025-10-28T06:40:20.752Z [DEBUG] Making API call: GET https://my.luxurydmc.travel/api/v1/users
2025-10-28T06:40:20.753Z [DEBUG] Making API call: GET https://my.luxurydmc.travel/api/v1/mail/luxurydmc.travel/mailboxes
2025-10-28T06:40:20.765Z [DEBUG] Basic Auth attempt for user: admin
2025-10-28T06:40:20.765Z [INFO] Basic Auth successful for user: admin
2025-10-28T06:40:20.766Z [INFO] Serving config with valid domains: {"domains":["luxurydmc.travel","luxurydestinationtourism.com"],"brandName":"Streamway"}
2025-10-28T06:40:20.766Z [INFO] GET /api/config - 200
2025-10-28T06:40:20.990Z [DEBUG] API call successful: GET https://my.luxurydmc.travel/api/v1/groups?search=luxurydmc
2025-10-28T06:40:20.991Z [INFO] Managing users for group: luxurydmc (ID: gid-5d8b1201-3e87-415f-ab4c-66bf5ed523f3)
2025-10-28T06:40:20.991Z [DEBUG] Making API call: GET https://my.luxurydmc.travel/api/v1/users
2025-10-28T06:40:20.991Z [DEBUG] Making API call: GET https://my.luxurydmc.travel/api/v1/groups/gid-5d8b1201-3e87-415f-ab4c-66bf5ed523f3
2025-10-28T06:40:20.992Z [DEBUG] API call successful: GET https://my.luxurydmc.travel/api/v1/users
2025-10-28T06:40:21.025Z [DEBUG] API call successful: GET https://my.luxurydmc.travel/api/v1/mail/luxurydmc.travel/mailboxes
2025-10-28T06:40:21.026Z [DEBUG] Making API call: GET https://my.luxurydmc.travel/api/v1/mail/luxurydestinationtourism.com/mailboxes
2025-10-28T06:40:21.120Z [DEBUG] API call successful: GET https://my.luxurydmc.travel/api/v1/users
2025-10-28T06:40:21.121Z [DEBUG] API call successful: GET https://my.luxurydmc.travel/api/v1/groups/gid-5d8b1201-3e87-415f-ab4c-66bf5ed523f3
2025-10-28T06:40:21.121Z [DEBUG] API call successful: GET https://my.luxurydmc.travel/api/v1/mail/luxurydestinationtourism.com/mailboxes
2025-10-28T06:40:21.121Z [INFO] Found 13 users in group, returning 12 after exclusions.
2025-10-28T06:40:21.122Z [INFO] Found 12 total mailboxes, returning 11 after exclusions.
2025-10-28T06:40:21.122Z [INFO] GET /api/users - 200
2025-10-28T06:40:21.122Z [INFO] GET /api/mailboxes - 200
2025-10-28T06:40:24.806Z [DEBUG] Basic Auth attempt for user: admin
2025-10-28T06:40:24.807Z [INFO] Basic Auth successful for user: admin
2025-10-28T06:40:24.807Z [INFO] Request received to update user with ID: uid-3d1c5781-d7e9-454f-b605-7ffb3ddb1598
2025-10-28T06:40:24.808Z [DEBUG] Making API call: PUT https://my.luxurydmc.travel/api/v1/users/uid-3d1c5781-d7e9-454f-b605-7ffb3ddb1598
2025-10-28T06:40:24.850Z [ERROR] API call failed: PUT https://my.luxurydmc.travel/api/v1/users/uid-3d1c5781-d7e9-454f-b605-7ffb3ddb1598 {"status":404,"body":"{\n  \"status\": \"Not Found\",\n  \"message\": \"No such route\"\n}"}
2025-10-28T06:40:24.850Z [ERROR] Error updating user uid-3d1c5781-d7e9-454f-b605-7ffb3ddb1598: {"message":"Body already consumed"}
2025-10-28T06:40:24.851Z [INFO] PUT /api/users/uid-3d1c5781-d7e9-454f-b605-7ffb3ddb1598 - 500
2025-10-28T06:42:07.337Z [INFO] Application starting...
2025-10-28T06:42:07.338Z [INFO] Running pre-flight checks...
2025-10-28T06:42:07.339Z [INFO] Using configured mail domains: luxurydmc.travel, luxurydestinationtourism.com
2025-10-28T06:42:07.339Z [INFO] Starting in development mode.
2025-10-28T06:42:07.339Z [INFO] Server starting on http://localhost:8020
2025-10-28T06:42:18.674Z [INFO] GET / - 200
2025-10-28T06:42:18.700Z [INFO] GET /style.css - 200
2025-10-28T06:42:18.704Z [INFO] GET /script.js - 200
2025-10-28T06:42:18.754Z [DEBUG] Basic Auth attempt for user: admin
2025-10-28T06:42:18.755Z [INFO] Basic Auth successful for user: admin
2025-10-28T06:42:18.755Z [INFO] Request received to list users.
2025-10-28T06:42:18.755Z [INFO] No cached group ID. Fetching group info for "luxurydmc"...
2025-10-28T06:42:18.755Z [DEBUG] Making API call: GET https://my.luxurydmc.travel/api/v1/groups?search=luxurydmc
2025-10-28T06:42:18.758Z [DEBUG] Basic Auth attempt for user: admin
2025-10-28T06:42:18.758Z [INFO] Basic Auth successful for user: admin
2025-10-28T06:42:18.758Z [INFO] Using configured mail domains: luxurydmc.travel, luxurydestinationtourism.com
2025-10-28T06:42:18.759Z [DEBUG] Making API call: GET https://my.luxurydmc.travel/api/v1/users
2025-10-28T06:42:18.759Z [DEBUG] Making API call: GET https://my.luxurydmc.travel/api/v1/mail/luxurydmc.travel/mailboxes
2025-10-28T06:42:18.768Z [DEBUG] Basic Auth attempt for user: admin
2025-10-28T06:42:18.768Z [INFO] Basic Auth successful for user: admin
2025-10-28T06:42:18.768Z [INFO] Serving config with valid domains: {"domains":["luxurydmc.travel","luxurydestinationtourism.com"],"brandName":"Streamway"}
2025-10-28T06:42:18.772Z [INFO] GET /api/config - 200
2025-10-28T06:42:18.975Z [DEBUG] API call successful: GET https://my.luxurydmc.travel/api/v1/groups?search=luxurydmc
2025-10-28T06:42:18.976Z [DEBUG] API call successful: GET https://my.luxurydmc.travel/api/v1/users
2025-10-28T06:42:18.978Z [INFO] Managing users for group: luxurydmc (ID: gid-5d8b1201-3e87-415f-ab4c-66bf5ed523f3)
2025-10-28T06:42:18.978Z [DEBUG] Making API call: GET https://my.luxurydmc.travel/api/v1/users
2025-10-28T06:42:18.979Z [DEBUG] Making API call: GET https://my.luxurydmc.travel/api/v1/groups/gid-5d8b1201-3e87-415f-ab4c-66bf5ed523f3
2025-10-28T06:42:19.003Z [DEBUG] API call successful: GET https://my.luxurydmc.travel/api/v1/mail/luxurydmc.travel/mailboxes
2025-10-28T06:42:19.004Z [DEBUG] Making API call: GET https://my.luxurydmc.travel/api/v1/mail/luxurydestinationtourism.com/mailboxes
2025-10-28T06:42:19.050Z [DEBUG] API call successful: GET https://my.luxurydmc.travel/api/v1/users
2025-10-28T06:42:19.050Z [DEBUG] API call successful: GET https://my.luxurydmc.travel/api/v1/groups/gid-5d8b1201-3e87-415f-ab4c-66bf5ed523f3
2025-10-28T06:42:19.051Z [INFO] Found 13 users in group, returning 12 after exclusions.
2025-10-28T06:42:19.051Z [INFO] GET /api/users - 200
2025-10-28T06:42:19.106Z [DEBUG] API call successful: GET https://my.luxurydmc.travel/api/v1/mail/luxurydestinationtourism.com/mailboxes
2025-10-28T06:42:19.106Z [INFO] Found 12 total mailboxes, returning 11 after exclusions.
2025-10-28T06:42:19.107Z [INFO] GET /api/mailboxes - 200
2025-10-28T06:42:23.074Z [DEBUG] Basic Auth attempt for user: admin
2025-10-28T06:42:23.075Z [INFO] Basic Auth successful for user: admin
2025-10-28T06:42:23.075Z [INFO] Request received to update user with ID: uid-3d1c5781-d7e9-454f-b605-7ffb3ddb1598
2025-10-28T06:42:23.076Z [DEBUG] Making API call: POST https://my.luxurydmc.travel/api/v1/users/uid-3d1c5781-d7e9-454f-b605-7ffb3ddb1598
2025-10-28T06:42:23.119Z [ERROR] API call failed: POST https://my.luxurydmc.travel/api/v1/users/uid-3d1c5781-d7e9-454f-b605-7ffb3ddb1598 {"status":404,"body":"{\n  \"status\": \"Not Found\",\n  \"message\": \"No such route\"\n}"}
2025-10-28T06:42:23.120Z [ERROR] Error updating user uid-3d1c5781-d7e9-454f-b605-7ffb3ddb1598: {"message":"Body already consumed"}
2025-10-28T06:42:23.120Z [INFO] PUT /api/users/uid-3d1c5781-d7e9-454f-b605-7ffb3ddb1598 - 500
2025-10-28T06:42:31.560Z [INFO] Application starting...
2025-10-28T06:42:31.562Z [INFO] Running pre-flight checks...
2025-10-28T06:42:31.562Z [INFO] Using configured mail domains: luxurydmc.travel, luxurydestinationtourism.com
2025-10-28T06:42:31.562Z [INFO] Starting in development mode.
2025-10-28T06:42:31.563Z [INFO] Server starting on http://localhost:8020
2025-10-28T06:42:34.529Z [INFO] GET / - 200
2025-10-28T06:42:34.566Z [INFO] GET /style.css - 200
2025-10-28T06:42:34.580Z [INFO] GET /script.js - 200
2025-10-28T06:42:34.620Z [DEBUG] Basic Auth attempt for user: admin
2025-10-28T06:42:34.620Z [INFO] Basic Auth successful for user: admin
2025-10-28T06:42:34.621Z [INFO] Request received to list users.
2025-10-28T06:42:34.621Z [INFO] No cached group ID. Fetching group info for "luxurydmc"...
2025-10-28T06:42:34.621Z [DEBUG] Making API call: GET https://my.luxurydmc.travel/api/v1/groups?search=luxurydmc
2025-10-28T06:42:34.624Z [DEBUG] Basic Auth attempt for user: admin
2025-10-28T06:42:34.624Z [INFO] Basic Auth successful for user: admin
2025-10-28T06:42:34.624Z [INFO] Using configured mail domains: luxurydmc.travel, luxurydestinationtourism.com
2025-10-28T06:42:34.625Z [DEBUG] Making API call: GET https://my.luxurydmc.travel/api/v1/users
2025-10-28T06:42:34.625Z [DEBUG] Making API call: GET https://my.luxurydmc.travel/api/v1/mail/luxurydmc.travel/mailboxes
2025-10-28T06:42:34.633Z [DEBUG] Basic Auth attempt for user: admin
2025-10-28T06:42:34.633Z [INFO] Basic Auth successful for user: admin
2025-10-28T06:42:34.633Z [INFO] Serving config with valid domains: {"domains":["luxurydmc.travel","luxurydestinationtourism.com"],"brandName":"Streamway"}
2025-10-28T06:42:34.633Z [INFO] GET /api/config - 200
2025-10-28T06:42:34.938Z [DEBUG] API call successful: GET https://my.luxurydmc.travel/api/v1/mail/luxurydmc.travel/mailboxes
2025-10-28T06:42:34.941Z [DEBUG] Making API call: GET https://my.luxurydmc.travel/api/v1/mail/luxurydestinationtourism.com/mailboxes
2025-10-28T06:42:34.943Z [DEBUG] API call successful: GET https://my.luxurydmc.travel/api/v1/groups?search=luxurydmc
2025-10-28T06:42:34.943Z [INFO] Managing users for group: luxurydmc (ID: gid-5d8b1201-3e87-415f-ab4c-66bf5ed523f3)
2025-10-28T06:42:34.944Z [DEBUG] Making API call: GET https://my.luxurydmc.travel/api/v1/users
2025-10-28T06:42:34.945Z [DEBUG] Making API call: GET https://my.luxurydmc.travel/api/v1/groups/gid-5d8b1201-3e87-415f-ab4c-66bf5ed523f3
2025-10-28T06:42:34.987Z [DEBUG] API call successful: GET https://my.luxurydmc.travel/api/v1/users
2025-10-28T06:42:35.054Z [DEBUG] API call successful: GET https://my.luxurydmc.travel/api/v1/mail/luxurydestinationtourism.com/mailboxes
2025-10-28T06:42:35.055Z [INFO] Found 12 total mailboxes, returning 11 after exclusions.
2025-10-28T06:42:35.056Z [INFO] GET /api/mailboxes - 200
2025-10-28T06:42:35.060Z [DEBUG] API call successful: GET https://my.luxurydmc.travel/api/v1/groups/gid-5d8b1201-3e87-415f-ab4c-66bf5ed523f3
2025-10-28T06:42:35.066Z [DEBUG] API call successful: GET https://my.luxurydmc.travel/api/v1/users
2025-10-28T06:42:35.067Z [INFO] Found 13 users in group, returning 12 after exclusions.
2025-10-28T06:42:35.067Z [INFO] GET /api/users - 200
2025-10-28T06:42:39.223Z [DEBUG] Basic Auth attempt for user: admin
2025-10-28T06:42:39.223Z [INFO] Basic Auth successful for user: admin
2025-10-28T06:42:39.223Z [INFO] Request received to update user with ID: uid-3d1c5781-d7e9-454f-b605-7ffb3ddb1598
2025-10-28T06:42:39.224Z [DEBUG] Making API call: POST https://my.luxurydmc.travel/api/v1/users/uid-3d1c5781-d7e9-454f-b605-7ffb3ddb1598
2025-10-28T06:42:39.283Z [ERROR] API call failed: POST https://my.luxurydmc.travel/api/v1/users/uid-3d1c5781-d7e9-454f-b605-7ffb3ddb1598 {"status":404,"body":"{\n  \"status\": \"Not Found\",\n  \"message\": \"No such route\"\n}"}
2025-10-28T06:42:39.284Z [ERROR] Error updating user uid-3d1c5781-d7e9-454f-b605-7ffb3ddb1598: {"message":"Body already consumed"}
2025-10-28T06:42:39.284Z [INFO] PUT /api/users/uid-3d1c5781-d7e9-454f-b605-7ffb3ddb1598 - 500
2025-10-28T06:43:52.911Z [INFO] Application starting...
2025-10-28T06:43:52.913Z [INFO] Running pre-flight checks...
2025-10-28T06:43:52.913Z [INFO] Using configured mail domains: luxurydmc.travel, luxurydestinationtourism.com
2025-10-28T06:43:52.913Z [INFO] Starting in development mode.
2025-10-28T06:43:52.913Z [INFO] Server starting on http://localhost:8020
2025-10-28T06:44:22.955Z [INFO] GET / - 200
2025-10-28T06:44:22.974Z [INFO] GET /style.css - 200
2025-10-28T06:44:22.978Z [INFO] GET /script.js - 200
2025-10-28T06:44:23.027Z [DEBUG] Basic Auth attempt for user: admin
2025-10-28T06:44:23.027Z [INFO] Basic Auth successful for user: admin
2025-10-28T06:44:23.028Z [INFO] Request received to list users.
2025-10-28T06:44:23.028Z [INFO] No cached group ID. Fetching group info for "luxurydmc"...
2025-10-28T06:44:23.029Z [DEBUG] Making API call: GET https://my.luxurydmc.travel/api/v1/groups?search=luxurydmc
2025-10-28T06:44:23.031Z [DEBUG] Basic Auth attempt for user: admin
2025-10-28T06:44:23.031Z [INFO] Basic Auth successful for user: admin
2025-10-28T06:44:23.032Z [INFO] Using configured mail domains: luxurydmc.travel, luxurydestinationtourism.com
2025-10-28T06:44:23.032Z [DEBUG] Making API call: GET https://my.luxurydmc.travel/api/v1/users
2025-10-28T06:44:23.033Z [DEBUG] Making API call: GET https://my.luxurydmc.travel/api/v1/mail/luxurydmc.travel/mailboxes
2025-10-28T06:44:23.038Z [DEBUG] Basic Auth attempt for user: admin
2025-10-28T06:44:23.038Z [INFO] Basic Auth successful for user: admin
2025-10-28T06:44:23.038Z [INFO] Serving config with valid domains: {"domains":["luxurydmc.travel","luxurydestinationtourism.com"],"brandName":"Streamway"}
2025-10-28T06:44:23.039Z [INFO] GET /api/config - 200
2025-10-28T06:44:23.240Z [DEBUG] API call successful: GET https://my.luxurydmc.travel/api/v1/mail/luxurydmc.travel/mailboxes
2025-10-28T06:44:23.241Z [DEBUG] Making API call: GET https://my.luxurydmc.travel/api/v1/mail/luxurydestinationtourism.com/mailboxes
2025-10-28T06:44:23.245Z [DEBUG] API call successful: GET https://my.luxurydmc.travel/api/v1/groups?search=luxurydmc
2025-10-28T06:44:23.245Z [INFO] Managing users for group: luxurydmc (ID: gid-5d8b1201-3e87-415f-ab4c-66bf5ed523f3)
2025-10-28T06:44:23.245Z [DEBUG] Making API call: GET https://my.luxurydmc.travel/api/v1/users
2025-10-28T06:44:23.246Z [DEBUG] Making API call: GET https://my.luxurydmc.travel/api/v1/groups/gid-5d8b1201-3e87-415f-ab4c-66bf5ed523f3
2025-10-28T06:44:23.272Z [DEBUG] API call successful: GET https://my.luxurydmc.travel/api/v1/users
2025-10-28T06:44:23.332Z [DEBUG] API call successful: GET https://my.luxurydmc.travel/api/v1/users
2025-10-28T06:44:23.332Z [DEBUG] API call successful: GET https://my.luxurydmc.travel/api/v1/groups/gid-5d8b1201-3e87-415f-ab4c-66bf5ed523f3
2025-10-28T06:44:23.332Z [DEBUG] API call successful: GET https://my.luxurydmc.travel/api/v1/mail/luxurydestinationtourism.com/mailboxes
2025-10-28T06:44:23.333Z [INFO] Found 13 users in group, returning 12 after exclusions.
2025-10-28T06:44:23.333Z [INFO] Found 12 total mailboxes, returning 11 after exclusions.
2025-10-28T06:44:23.333Z [INFO] GET /api/users - 200
2025-10-28T06:44:23.334Z [INFO] GET /api/mailboxes - 200
2025-10-28T06:44:26.059Z [DEBUG] Basic Auth attempt for user: admin
2025-10-28T06:44:26.059Z [INFO] Basic Auth successful for user: admin
2025-10-28T06:44:26.059Z [INFO] Request received to update user with ID: uid-3d1c5781-d7e9-454f-b605-7ffb3ddb1598
2025-10-28T06:44:26.061Z [ERROR] Error updating user uid-3d1c5781-d7e9-454f-b605-7ffb3ddb1598: {"message":"cloudron is not defined"}
2025-10-28T06:44:26.061Z [INFO] PUT /api/users/uid-3d1c5781-d7e9-454f-b605-7ffb3ddb1598 - 500
2025-10-28T06:45:43.021Z [INFO] Application starting...
2025-10-28T06:45:43.022Z [INFO] Running pre-flight checks...
2025-10-28T06:45:43.022Z [INFO] Using configured mail domains: luxurydmc.travel, luxurydestinationtourism.com
2025-10-28T06:45:43.023Z [INFO] Starting in development mode.
2025-10-28T06:45:43.023Z [INFO] Server starting on http://localhost:8020
2025-10-28T06:45:50.110Z [INFO] GET / - 200
2025-10-28T06:45:50.130Z [INFO] GET /style.css - 200
2025-10-28T06:45:50.133Z [INFO] GET /script.js - 200
2025-10-28T06:45:50.179Z [DEBUG] Basic Auth attempt for user: admin
2025-10-28T06:45:50.180Z [INFO] Basic Auth successful for user: admin
2025-10-28T06:45:50.180Z [INFO] Request received to list users.
2025-10-28T06:45:50.180Z [INFO] No cached group ID. Fetching group info for "luxurydmc"...
2025-10-28T06:45:50.181Z [DEBUG] Making API call: GET https://my.luxurydmc.travel/api/v1/groups?search=luxurydmc
2025-10-28T06:45:50.183Z [DEBUG] Basic Auth attempt for user: admin
2025-10-28T06:45:50.183Z [INFO] Basic Auth successful for user: admin
2025-10-28T06:45:50.183Z [INFO] Using configured mail domains: luxurydmc.travel, luxurydestinationtourism.com
2025-10-28T06:45:50.183Z [DEBUG] Making API call: GET https://my.luxurydmc.travel/api/v1/users
2025-10-28T06:45:50.184Z [DEBUG] Making API call: GET https://my.luxurydmc.travel/api/v1/mail/luxurydmc.travel/mailboxes
2025-10-28T06:45:50.196Z [DEBUG] Basic Auth attempt for user: admin
2025-10-28T06:45:50.196Z [INFO] Basic Auth successful for user: admin
2025-10-28T06:45:50.197Z [INFO] Serving config with valid domains: {"domains":["luxurydmc.travel","luxurydestinationtourism.com"],"brandName":"Streamway"}
2025-10-28T06:45:50.197Z [INFO] GET /api/config - 200
2025-10-28T06:45:50.396Z [DEBUG] API call successful: GET https://my.luxurydmc.travel/api/v1/groups?search=luxurydmc
2025-10-28T06:45:50.397Z [INFO] Managing users for group: luxurydmc (ID: gid-5d8b1201-3e87-415f-ab4c-66bf5ed523f3)
2025-10-28T06:45:50.397Z [DEBUG] Making API call: GET https://my.luxurydmc.travel/api/v1/users
2025-10-28T06:45:50.398Z [DEBUG] Making API call: GET https://my.luxurydmc.travel/api/v1/groups/gid-5d8b1201-3e87-415f-ab4c-66bf5ed523f3
2025-10-28T06:45:50.401Z [DEBUG] API call successful: GET https://my.luxurydmc.travel/api/v1/mail/luxurydmc.travel/mailboxes
2025-10-28T06:45:50.401Z [DEBUG] Making API call: GET https://my.luxurydmc.travel/api/v1/mail/luxurydestinationtourism.com/mailboxes
2025-10-28T06:45:50.433Z [DEBUG] API call successful: GET https://my.luxurydmc.travel/api/v1/users
2025-10-28T06:45:50.507Z [DEBUG] API call successful: GET https://my.luxurydmc.travel/api/v1/users
2025-10-28T06:45:50.508Z [DEBUG] API call successful: GET https://my.luxurydmc.travel/api/v1/groups/gid-5d8b1201-3e87-415f-ab4c-66bf5ed523f3
2025-10-28T06:45:50.508Z [INFO] Found 13 users in group, returning 12 after exclusions.
2025-10-28T06:45:50.509Z [INFO] GET /api/users - 200
2025-10-28T06:45:50.510Z [DEBUG] API call successful: GET https://my.luxurydmc.travel/api/v1/mail/luxurydestinationtourism.com/mailboxes
2025-10-28T06:45:50.511Z [INFO] Found 12 total mailboxes, returning 11 after exclusions.
2025-10-28T06:45:50.511Z [INFO] GET /api/mailboxes - 200
2025-10-28T06:45:54.910Z [DEBUG] Basic Auth attempt for user: admin
2025-10-28T06:45:54.910Z [INFO] Basic Auth successful for user: admin
2025-10-28T06:45:54.910Z [INFO] Request received to update user with ID: uid-3d1c5781-d7e9-454f-b605-7ffb3ddb1598
2025-10-28T06:45:54.911Z [DEBUG] Making API call: POST https://my.luxurydmc.travel/api/v1/users/uid-3d1c5781-d7e9-454f-b605-7ffb3ddb1598/profile
2025-10-28T06:45:54.978Z [DEBUG] API call successful: POST https://my.luxurydmc.travel/api/v1/users/uid-3d1c5781-d7e9-454f-b605-7ffb3ddb1598/profile
2025-10-28T06:45:54.979Z [ERROR] Error updating user uid-3d1c5781-d7e9-454f-b605-7ffb3ddb1598: {"message":"Unexpected end of JSON input"}
2025-10-28T06:45:54.979Z [INFO] PUT /api/users/uid-3d1c5781-d7e9-454f-b605-7ffb3ddb1598 - 500
2025-10-28T06:46:03.559Z [DEBUG] Basic Auth attempt for user: admin
2025-10-28T06:46:03.560Z [INFO] Basic Auth successful for user: admin
2025-10-28T06:46:03.560Z [INFO] Request received to update user with ID: uid-3d1c5781-d7e9-454f-b605-7ffb3ddb1598
2025-10-28T06:46:03.560Z [DEBUG] Making API call: POST https://my.luxurydmc.travel/api/v1/users/uid-3d1c5781-d7e9-454f-b605-7ffb3ddb1598/profile
2025-10-28T06:46:03.624Z [DEBUG] API call successful: POST https://my.luxurydmc.travel/api/v1/users/uid-3d1c5781-d7e9-454f-b605-7ffb3ddb1598/profile
2025-10-28T06:46:03.624Z [ERROR] Error updating user uid-3d1c5781-d7e9-454f-b605-7ffb3ddb1598: {"message":"Unexpected end of JSON input"}
2025-10-28T06:46:03.624Z [INFO] PUT /api/users/uid-3d1c5781-d7e9-454f-b605-7ffb3ddb1598 - 500
2025-10-28T06:46:32.149Z [INFO] Application starting...
2025-10-28T06:46:32.150Z [INFO] Running pre-flight checks...
2025-10-28T06:46:32.150Z [INFO] Using configured mail domains: luxurydmc.travel, luxurydestinationtourism.com
2025-10-28T06:46:32.151Z [INFO] Starting in development mode.
2025-10-28T06:46:32.151Z [INFO] Server starting on http://localhost:8020
2025-10-28T06:46:39.695Z [INFO] GET / - 200
2025-10-28T06:46:39.714Z [INFO] GET /style.css - 200
2025-10-28T06:46:39.717Z [INFO] GET /script.js - 200
2025-10-28T06:46:39.763Z [DEBUG] Basic Auth attempt for user: admin
2025-10-28T06:46:39.764Z [INFO] Basic Auth successful for user: admin
2025-10-28T06:46:39.764Z [INFO] Request received to list users.
2025-10-28T06:46:39.764Z [INFO] No cached group ID. Fetching group info for "luxurydmc"...
2025-10-28T06:46:39.765Z [DEBUG] Making API call: GET https://my.luxurydmc.travel/api/v1/groups?search=luxurydmc
2025-10-28T06:46:39.767Z [DEBUG] Basic Auth attempt for user: admin
2025-10-28T06:46:39.767Z [INFO] Basic Auth successful for user: admin
2025-10-28T06:46:39.767Z [INFO] Using configured mail domains: luxurydmc.travel, luxurydestinationtourism.com
2025-10-28T06:46:39.768Z [DEBUG] Making API call: GET https://my.luxurydmc.travel/api/v1/users
2025-10-28T06:46:39.768Z [DEBUG] Making API call: GET https://my.luxurydmc.travel/api/v1/mail/luxurydmc.travel/mailboxes
2025-10-28T06:46:39.778Z [DEBUG] Basic Auth attempt for user: admin
2025-10-28T06:46:39.778Z [INFO] Basic Auth successful for user: admin
2025-10-28T06:46:39.778Z [INFO] Serving config with valid domains: {"domains":["luxurydmc.travel","luxurydestinationtourism.com"],"brandName":"Streamway"}
2025-10-28T06:46:39.778Z [INFO] GET /api/config - 200
2025-10-28T06:46:40.070Z [DEBUG] API call successful: GET https://my.luxurydmc.travel/api/v1/groups?search=luxurydmc
2025-10-28T06:46:40.070Z [DEBUG] API call successful: GET https://my.luxurydmc.travel/api/v1/mail/luxurydmc.travel/mailboxes
2025-10-28T06:46:40.071Z [DEBUG] Making API call: GET https://my.luxurydmc.travel/api/v1/mail/luxurydestinationtourism.com/mailboxes
2025-10-28T06:46:40.072Z [INFO] Managing users for group: luxurydmc (ID: gid-5d8b1201-3e87-415f-ab4c-66bf5ed523f3)
2025-10-28T06:46:40.072Z [DEBUG] Making API call: GET https://my.luxurydmc.travel/api/v1/users
2025-10-28T06:46:40.072Z [DEBUG] Making API call: GET https://my.luxurydmc.travel/api/v1/groups/gid-5d8b1201-3e87-415f-ab4c-66bf5ed523f3
2025-10-28T06:46:40.108Z [DEBUG] API call successful: GET https://my.luxurydmc.travel/api/v1/users
2025-10-28T06:46:40.232Z [DEBUG] API call successful: GET https://my.luxurydmc.travel/api/v1/mail/luxurydestinationtourism.com/mailboxes
2025-10-28T06:46:40.233Z [INFO] Found 12 total mailboxes, returning 11 after exclusions.
2025-10-28T06:46:40.234Z [INFO] GET /api/mailboxes - 200
2025-10-28T06:46:40.235Z [DEBUG] API call successful: GET https://my.luxurydmc.travel/api/v1/groups/gid-5d8b1201-3e87-415f-ab4c-66bf5ed523f3
2025-10-28T06:46:40.237Z [DEBUG] API call successful: GET https://my.luxurydmc.travel/api/v1/users
2025-10-28T06:46:40.237Z [INFO] Found 13 users in group, returning 12 after exclusions.
2025-10-28T06:46:40.238Z [INFO] GET /api/users - 200
2025-10-28T06:46:46.179Z [INFO] GET / - 200
2025-10-28T06:46:46.207Z [INFO] GET /style.css - 200
2025-10-28T06:46:46.208Z [INFO] GET /script.js - 200
2025-10-28T06:46:46.259Z [DEBUG] Basic Auth attempt for user: admin
2025-10-28T06:46:46.259Z [INFO] Basic Auth successful for user: admin
2025-10-28T06:46:46.260Z [INFO] Request received to list users.
2025-10-28T06:46:46.260Z [DEBUG] Making API call: GET https://my.luxurydmc.travel/api/v1/users
2025-10-28T06:46:46.260Z [DEBUG] Making API call: GET https://my.luxurydmc.travel/api/v1/groups/gid-5d8b1201-3e87-415f-ab4c-66bf5ed523f3
2025-10-28T06:46:46.261Z [DEBUG] Basic Auth attempt for user: admin
2025-10-28T06:46:46.261Z [INFO] Basic Auth successful for user: admin
2025-10-28T06:46:46.261Z [INFO] Using configured mail domains: luxurydmc.travel, luxurydestinationtourism.com
2025-10-28T06:46:46.261Z [DEBUG] Making API call: GET https://my.luxurydmc.travel/api/v1/users
2025-10-28T06:46:46.262Z [DEBUG] Making API call: GET https://my.luxurydmc.travel/api/v1/mail/luxurydmc.travel/mailboxes
2025-10-28T06:46:46.263Z [DEBUG] Basic Auth attempt for user: admin
2025-10-28T06:46:46.264Z [INFO] Basic Auth successful for user: admin
2025-10-28T06:46:46.264Z [INFO] Serving config with valid domains: {"domains":["luxurydmc.travel","luxurydestinationtourism.com"],"brandName":"Streamway"}
2025-10-28T06:46:46.264Z [INFO] GET /api/config - 200
2025-10-28T06:46:46.320Z [DEBUG] API call successful: GET https://my.luxurydmc.travel/api/v1/groups/gid-5d8b1201-3e87-415f-ab4c-66bf5ed523f3
2025-10-28T06:46:46.320Z [DEBUG] API call successful: GET https://my.luxurydmc.travel/api/v1/users
2025-10-28T06:46:46.320Z [INFO] Found 13 users in group, returning 12 after exclusions.
2025-10-28T06:46:46.321Z [INFO] GET /api/users - 200
2025-10-28T06:46:46.376Z [DEBUG] API call successful: GET https://my.luxurydmc.travel/api/v1/users
2025-10-28T06:46:46.376Z [DEBUG] API call successful: GET https://my.luxurydmc.travel/api/v1/mail/luxurydmc.travel/mailboxes
2025-10-28T06:46:46.376Z [DEBUG] Making API call: GET https://my.luxurydmc.travel/api/v1/mail/luxurydestinationtourism.com/mailboxes
2025-10-28T06:46:46.433Z [DEBUG] API call successful: GET https://my.luxurydmc.travel/api/v1/mail/luxurydestinationtourism.com/mailboxes
2025-10-28T06:46:46.434Z [INFO] Found 12 total mailboxes, returning 11 after exclusions.
2025-10-28T06:46:46.434Z [INFO] GET /api/mailboxes - 200
2025-10-28T06:46:51.149Z [DEBUG] Basic Auth attempt for user: admin
2025-10-28T06:46:51.149Z [INFO] Basic Auth successful for user: admin
2025-10-28T06:46:51.149Z [INFO] Request received to update user with ID: uid-3d1c5781-d7e9-454f-b605-7ffb3ddb1598
2025-10-28T06:46:51.150Z [DEBUG] Making API call: POST https://my.luxurydmc.travel/api/v1/users/uid-3d1c5781-d7e9-454f-b605-7ffb3ddb1598/profile
2025-10-28T06:46:51.242Z [DEBUG] API call successful: POST https://my.luxurydmc.travel/api/v1/users/uid-3d1c5781-d7e9-454f-b605-7ffb3ddb1598/profile
2025-10-28T06:46:51.271Z [INFO] [AUDIT] Updated user info for ID 'uid-3d1c5781-d7e9-454f-b605-7ffb3ddb1598'
2025-10-28T06:46:51.271Z [INFO] Successfully updated user uid-3d1c5781-d7e9-454f-b605-7ffb3ddb1598.
2025-10-28T06:46:51.271Z [INFO] PUT /api/users/uid-3d1c5781-d7e9-454f-b605-7ffb3ddb1598 - 200
2025-10-28T06:46:51.279Z [DEBUG] Basic Auth attempt for user: admin
2025-10-28T06:46:51.279Z [INFO] Basic Auth successful for user: admin
2025-10-28T06:46:51.279Z [INFO] Request received to list users.
2025-10-28T06:46:51.280Z [DEBUG] Making API call: GET https://my.luxurydmc.travel/api/v1/users
2025-10-28T06:46:51.280Z [DEBUG] Making API call: GET https://my.luxurydmc.travel/api/v1/groups/gid-5d8b1201-3e87-415f-ab4c-66bf5ed523f3
2025-10-28T06:46:51.283Z [DEBUG] Basic Auth attempt for user: admin
2025-10-28T06:46:51.283Z [INFO] Basic Auth successful for user: admin
2025-10-28T06:46:51.283Z [INFO] Using configured mail domains: luxurydmc.travel, luxurydestinationtourism.com
2025-10-28T06:46:51.284Z [DEBUG] Making API call: GET https://my.luxurydmc.travel/api/v1/users
2025-10-28T06:46:51.284Z [DEBUG] Making API call: GET https://my.luxurydmc.travel/api/v1/mail/luxurydmc.travel/mailboxes
2025-10-28T06:46:51.286Z [DEBUG] Basic Auth attempt for user: admin
2025-10-28T06:46:51.286Z [INFO] Basic Auth successful for user: admin
2025-10-28T06:46:51.286Z [INFO] Serving config with valid domains: {"domains":["luxurydmc.travel","luxurydestinationtourism.com"],"brandName":"Streamway"}
2025-10-28T06:46:51.287Z [INFO] GET /api/config - 200
2025-10-28T06:46:51.335Z [DEBUG] API call successful: GET https://my.luxurydmc.travel/api/v1/groups/gid-5d8b1201-3e87-415f-ab4c-66bf5ed523f3
2025-10-28T06:46:51.336Z [DEBUG] API call successful: GET https://my.luxurydmc.travel/api/v1/users
2025-10-28T06:46:51.336Z [INFO] Found 13 users in group, returning 12 after exclusions.
2025-10-28T06:46:51.337Z [INFO] GET /api/users - 200
2025-10-28T06:46:51.390Z [DEBUG] API call successful: GET https://my.luxurydmc.travel/api/v1/mail/luxurydmc.travel/mailboxes
2025-10-28T06:46:51.390Z [DEBUG] Making API call: GET https://my.luxurydmc.travel/api/v1/mail/luxurydestinationtourism.com/mailboxes
2025-10-28T06:46:51.393Z [DEBUG] API call successful: GET https://my.luxurydmc.travel/api/v1/users
2025-10-28T06:46:51.443Z [DEBUG] API call successful: GET https://my.luxurydmc.travel/api/v1/mail/luxurydestinationtourism.com/mailboxes
2025-10-28T06:46:51.444Z [INFO] Found 12 total mailboxes, returning 11 after exclusions.
2025-10-28T06:46:51.444Z [INFO] GET /api/mailboxes - 200
2025-10-28T06:46:56.836Z [DEBUG] Basic Auth attempt for user: admin
2025-10-28T06:46:56.837Z [INFO] Basic Auth successful for user: admin
2025-10-28T06:46:56.837Z [INFO] Request received to update user with ID: uid-3d1c5781-d7e9-454f-b605-7ffb3ddb1598
2025-10-28T06:46:56.838Z [DEBUG] Making API call: POST https://my.luxurydmc.travel/api/v1/users/uid-3d1c5781-d7e9-454f-b605-7ffb3ddb1598/profile
2025-10-28T06:46:56.920Z [DEBUG] API call successful: POST https://my.luxurydmc.travel/api/v1/users/uid-3d1c5781-d7e9-454f-b605-7ffb3ddb1598/profile
2025-10-28T06:46:56.929Z [INFO] [AUDIT] Updated user info for ID 'uid-3d1c5781-d7e9-454f-b605-7ffb3ddb1598'
2025-10-28T06:46:56.929Z [INFO] Successfully updated user uid-3d1c5781-d7e9-454f-b605-7ffb3ddb1598.
2025-10-28T06:46:56.929Z [INFO] PUT /api/users/uid-3d1c5781-d7e9-454f-b605-7ffb3ddb1598 - 200
2025-10-28T06:46:56.933Z [DEBUG] Basic Auth attempt for user: admin
2025-10-28T06:46:56.934Z [INFO] Basic Auth successful for user: admin
2025-10-28T06:46:56.934Z [INFO] Request received to list users.
2025-10-28T06:46:56.934Z [DEBUG] Making API call: GET https://my.luxurydmc.travel/api/v1/users
2025-10-28T06:46:56.935Z [DEBUG] Making API call: GET https://my.luxurydmc.travel/api/v1/groups/gid-5d8b1201-3e87-415f-ab4c-66bf5ed523f3
2025-10-28T06:46:56.936Z [DEBUG] Basic Auth attempt for user: admin
2025-10-28T06:46:56.937Z [INFO] Basic Auth successful for user: admin
2025-10-28T06:46:56.937Z [INFO] Using configured mail domains: luxurydmc.travel, luxurydestinationtourism.com
2025-10-28T06:46:56.937Z [DEBUG] Making API call: GET https://my.luxurydmc.travel/api/v1/users
2025-10-28T06:46:56.937Z [DEBUG] Making API call: GET https://my.luxurydmc.travel/api/v1/mail/luxurydmc.travel/mailboxes
2025-10-28T06:46:56.938Z [DEBUG] Basic Auth attempt for user: admin
2025-10-28T06:46:56.938Z [INFO] Basic Auth successful for user: admin
2025-10-28T06:46:56.938Z [INFO] Serving config with valid domains: {"domains":["luxurydmc.travel","luxurydestinationtourism.com"],"brandName":"Streamway"}
2025-10-28T06:46:56.939Z [INFO] GET /api/config - 200
2025-10-28T06:46:56.990Z [DEBUG] API call successful: GET https://my.luxurydmc.travel/api/v1/groups/gid-5d8b1201-3e87-415f-ab4c-66bf5ed523f3
2025-10-28T06:46:56.990Z [DEBUG] API call successful: GET https://my.luxurydmc.travel/api/v1/users
2025-10-28T06:46:56.991Z [INFO] Found 13 users in group, returning 12 after exclusions.
2025-10-28T06:46:56.991Z [INFO] GET /api/users - 200
2025-10-28T06:46:57.047Z [DEBUG] API call successful: GET https://my.luxurydmc.travel/api/v1/mail/luxurydmc.travel/mailboxes
2025-10-28T06:46:57.047Z [DEBUG] Making API call: GET https://my.luxurydmc.travel/api/v1/mail/luxurydestinationtourism.com/mailboxes
2025-10-28T06:46:57.049Z [DEBUG] API call successful: GET https://my.luxurydmc.travel/api/v1/users
2025-10-28T06:46:57.105Z [DEBUG] API call successful: GET https://my.luxurydmc.travel/api/v1/mail/luxurydestinationtourism.com/mailboxes
2025-10-28T06:46:57.105Z [INFO] Found 12 total mailboxes, returning 11 after exclusions.
2025-10-28T06:46:57.106Z [INFO] GET /api/mailboxes - 200
2025-10-28T06:47:02.236Z [DEBUG] Basic Auth attempt for user: admin
2025-10-28T06:47:02.237Z [INFO] Basic Auth successful for user: admin
2025-10-28T06:47:02.238Z [INFO] Request received to update user with ID: uid-3d1c5781-d7e9-454f-b605-7ffb3ddb1598
2025-10-28T06:47:02.238Z [DEBUG] Making API call: POST https://my.luxurydmc.travel/api/v1/users/uid-3d1c5781-d7e9-454f-b605-7ffb3ddb1598/profile
2025-10-28T06:47:02.320Z [DEBUG] API call successful: POST https://my.luxurydmc.travel/api/v1/users/uid-3d1c5781-d7e9-454f-b605-7ffb3ddb1598/profile
2025-10-28T06:47:02.332Z [INFO] [AUDIT] Updated user info for ID 'uid-3d1c5781-d7e9-454f-b605-7ffb3ddb1598'
2025-10-28T06:47:02.333Z [INFO] Successfully updated user uid-3d1c5781-d7e9-454f-b605-7ffb3ddb1598.
2025-10-28T06:47:02.333Z [INFO] PUT /api/users/uid-3d1c5781-d7e9-454f-b605-7ffb3ddb1598 - 200
2025-10-28T06:47:02.336Z [DEBUG] Basic Auth attempt for user: admin
2025-10-28T06:47:02.337Z [INFO] Basic Auth successful for user: admin
2025-10-28T06:47:02.337Z [INFO] Request received to list users.
2025-10-28T06:47:02.337Z [DEBUG] Making API call: GET https://my.luxurydmc.travel/api/v1/users
2025-10-28T06:47:02.338Z [DEBUG] Making API call: GET https://my.luxurydmc.travel/api/v1/groups/gid-5d8b1201-3e87-415f-ab4c-66bf5ed523f3
2025-10-28T06:47:02.339Z [DEBUG] Basic Auth attempt for user: admin
2025-10-28T06:47:02.339Z [INFO] Basic Auth successful for user: admin
2025-10-28T06:47:02.339Z [INFO] Using configured mail domains: luxurydmc.travel, luxurydestinationtourism.com
2025-10-28T06:47:02.340Z [DEBUG] Making API call: GET https://my.luxurydmc.travel/api/v1/users
2025-10-28T06:47:02.340Z [DEBUG] Making API call: GET https://my.luxurydmc.travel/api/v1/mail/luxurydmc.travel/mailboxes
2025-10-28T06:47:02.341Z [DEBUG] Basic Auth attempt for user: admin
2025-10-28T06:47:02.342Z [INFO] Basic Auth successful for user: admin
2025-10-28T06:47:02.342Z [INFO] Serving config with valid domains: {"domains":["luxurydmc.travel","luxurydestinationtourism.com"],"brandName":"Streamway"}
2025-10-28T06:47:02.342Z [INFO] GET /api/config - 200
2025-10-28T06:47:02.396Z [DEBUG] API call successful: GET https://my.luxurydmc.travel/api/v1/groups/gid-5d8b1201-3e87-415f-ab4c-66bf5ed523f3
2025-10-28T06:47:02.396Z [DEBUG] API call successful: GET https://my.luxurydmc.travel/api/v1/users
2025-10-28T06:47:02.397Z [INFO] Found 13 users in group, returning 12 after exclusions.
2025-10-28T06:47:02.397Z [INFO] GET /api/users - 200
2025-10-28T06:47:02.452Z [DEBUG] API call successful: GET https://my.luxurydmc.travel/api/v1/mail/luxurydmc.travel/mailboxes
2025-10-28T06:47:02.453Z [DEBUG] Making API call: GET https://my.luxurydmc.travel/api/v1/mail/luxurydestinationtourism.com/mailboxes
2025-10-28T06:47:02.453Z [DEBUG] API call successful: GET https://my.luxurydmc.travel/api/v1/users
2025-10-28T06:47:02.514Z [DEBUG] API call successful: GET https://my.luxurydmc.travel/api/v1/mail/luxurydestinationtourism.com/mailboxes
2025-10-28T06:47:02.514Z [INFO] Found 12 total mailboxes, returning 11 after exclusions.
2025-10-28T06:47:02.514Z [INFO] GET /api/mailboxes - 200
2025-10-28T06:47:10.247Z [DEBUG] Basic Auth attempt for user: admin
2025-10-28T06:47:10.247Z [INFO] Basic Auth successful for user: admin
2025-10-28T06:47:10.248Z [DEBUG] Making API call: PUT https://my.luxurydmc.travel/api/v1/users/uid-3d1c5781-d7e9-454f-b605-7ffb3ddb1598/active
2025-10-28T06:47:10.307Z [DEBUG] API call successful: PUT https://my.luxurydmc.travel/api/v1/users/uid-3d1c5781-d7e9-454f-b605-7ffb3ddb1598/active
2025-10-28T06:47:10.313Z [INFO] [AUDIT] Disabled user with ID 'uid-3d1c5781-d7e9-454f-b605-7ffb3ddb1598'
2025-10-28T06:47:10.313Z [INFO] Successfully disabledd user uid-3d1c5781-d7e9-454f-b605-7ffb3ddb1598.
2025-10-28T06:47:10.313Z [INFO] PUT /api/users/uid-3d1c5781-d7e9-454f-b605-7ffb3ddb1598/active - 200
2025-10-28T06:47:10.320Z [DEBUG] Basic Auth attempt for user: admin
2025-10-28T06:47:10.320Z [INFO] Basic Auth successful for user: admin
2025-10-28T06:47:10.320Z [INFO] Request received to list users.
2025-10-28T06:47:10.320Z [DEBUG] Making API call: GET https://my.luxurydmc.travel/api/v1/users
2025-10-28T06:47:10.321Z [DEBUG] Making API call: GET https://my.luxurydmc.travel/api/v1/groups/gid-5d8b1201-3e87-415f-ab4c-66bf5ed523f3
2025-10-28T06:47:10.322Z [DEBUG] Basic Auth attempt for user: admin
2025-10-28T06:47:10.322Z [INFO] Basic Auth successful for user: admin
2025-10-28T06:47:10.322Z [INFO] Using configured mail domains: luxurydmc.travel, luxurydestinationtourism.com
2025-10-28T06:47:10.322Z [DEBUG] Making API call: GET https://my.luxurydmc.travel/api/v1/users
2025-10-28T06:47:10.323Z [DEBUG] Making API call: GET https://my.luxurydmc.travel/api/v1/mail/luxurydmc.travel/mailboxes
2025-10-28T06:47:10.324Z [DEBUG] Basic Auth attempt for user: admin
2025-10-28T06:47:10.324Z [INFO] Basic Auth successful for user: admin
2025-10-28T06:47:10.324Z [INFO] Serving config with valid domains: {"domains":["luxurydmc.travel","luxurydestinationtourism.com"],"brandName":"Streamway"}
2025-10-28T06:47:10.324Z [INFO] GET /api/config - 200
2025-10-28T06:47:10.380Z [DEBUG] API call successful: GET https://my.luxurydmc.travel/api/v1/groups/gid-5d8b1201-3e87-415f-ab4c-66bf5ed523f3
2025-10-28T06:47:10.380Z [DEBUG] API call successful: GET https://my.luxurydmc.travel/api/v1/users
2025-10-28T06:47:10.381Z [INFO] Found 13 users in group, returning 12 after exclusions.
2025-10-28T06:47:10.381Z [INFO] GET /api/users - 200
2025-10-28T06:47:10.441Z [DEBUG] API call successful: GET https://my.luxurydmc.travel/api/v1/mail/luxurydmc.travel/mailboxes
2025-10-28T06:47:10.441Z [DEBUG] Making API call: GET https://my.luxurydmc.travel/api/v1/mail/luxurydestinationtourism.com/mailboxes
2025-10-28T06:47:10.443Z [DEBUG] API call successful: GET https://my.luxurydmc.travel/api/v1/users
2025-10-28T06:47:10.498Z [DEBUG] API call successful: GET https://my.luxurydmc.travel/api/v1/mail/luxurydestinationtourism.com/mailboxes
2025-10-28T06:47:10.498Z [INFO] Found 12 total mailboxes, returning 11 after exclusions.
2025-10-28T06:47:10.498Z [INFO] GET /api/mailboxes - 200
2025-10-28T06:47:14.076Z [INFO] GET / - 200
2025-10-28T06:47:14.100Z [INFO] GET /style.css - 200
2025-10-28T06:47:14.102Z [INFO] GET /script.js - 200
2025-10-28T06:47:14.155Z [DEBUG] Basic Auth attempt for user: admin
2025-10-28T06:47:14.155Z [INFO] Basic Auth successful for user: admin
2025-10-28T06:47:14.155Z [INFO] Request received to list users.
2025-10-28T06:47:14.155Z [DEBUG] Making API call: GET https://my.luxurydmc.travel/api/v1/users
2025-10-28T06:47:14.156Z [DEBUG] Making API call: GET https://my.luxurydmc.travel/api/v1/groups/gid-5d8b1201-3e87-415f-ab4c-66bf5ed523f3
2025-10-28T06:47:14.157Z [DEBUG] Basic Auth attempt for user: admin
2025-10-28T06:47:14.157Z [INFO] Basic Auth successful for user: admin
2025-10-28T06:47:14.157Z [INFO] Using configured mail domains: luxurydmc.travel, luxurydestinationtourism.com
2025-10-28T06:47:14.157Z [DEBUG] Making API call: GET https://my.luxurydmc.travel/api/v1/users
2025-10-28T06:47:14.158Z [DEBUG] Making API call: GET https://my.luxurydmc.travel/api/v1/mail/luxurydmc.travel/mailboxes
2025-10-28T06:47:14.159Z [DEBUG] Basic Auth attempt for user: admin
2025-10-28T06:47:14.159Z [INFO] Basic Auth successful for user: admin
2025-10-28T06:47:14.159Z [INFO] Serving config with valid domains: {"domains":["luxurydmc.travel","luxurydestinationtourism.com"],"brandName":"Streamway"}
2025-10-28T06:47:14.159Z [INFO] GET /api/config - 200
2025-10-28T06:47:14.211Z [DEBUG] API call successful: GET https://my.luxurydmc.travel/api/v1/groups/gid-5d8b1201-3e87-415f-ab4c-66bf5ed523f3
2025-10-28T06:47:14.211Z [DEBUG] API call successful: GET https://my.luxurydmc.travel/api/v1/users
2025-10-28T06:47:14.211Z [INFO] Found 13 users in group, returning 12 after exclusions.
2025-10-28T06:47:14.212Z [INFO] GET /api/users - 200
2025-10-28T06:47:14.265Z [DEBUG] API call successful: GET https://my.luxurydmc.travel/api/v1/mail/luxurydmc.travel/mailboxes
2025-10-28T06:47:14.265Z [DEBUG] Making API call: GET https://my.luxurydmc.travel/api/v1/mail/luxurydestinationtourism.com/mailboxes
2025-10-28T06:47:14.266Z [DEBUG] API call successful: GET https://my.luxurydmc.travel/api/v1/users
2025-10-28T06:47:14.323Z [DEBUG] API call successful: GET https://my.luxurydmc.travel/api/v1/mail/luxurydestinationtourism.com/mailboxes
2025-10-28T06:47:14.323Z [INFO] Found 12 total mailboxes, returning 11 after exclusions.
2025-10-28T06:47:14.323Z [INFO] GET /api/mailboxes - 200
2025-10-28T06:47:17.187Z [DEBUG] Basic Auth attempt for user: admin
2025-10-28T06:47:17.187Z [INFO] Basic Auth successful for user: admin
2025-10-28T06:47:17.187Z [DEBUG] Making API call: PUT https://my.luxurydmc.travel/api/v1/users/uid-3d1c5781-d7e9-454f-b605-7ffb3ddb1598/active
2025-10-28T06:47:17.254Z [DEBUG] API call successful: PUT https://my.luxurydmc.travel/api/v1/users/uid-3d1c5781-d7e9-454f-b605-7ffb3ddb1598/active
2025-10-28T06:47:17.263Z [INFO] [AUDIT] Enabled user with ID 'uid-3d1c5781-d7e9-454f-b605-7ffb3ddb1598'
2025-10-28T06:47:17.264Z [INFO] Successfully enabledd user uid-3d1c5781-d7e9-454f-b605-7ffb3ddb1598.
2025-10-28T06:47:17.264Z [INFO] PUT /api/users/uid-3d1c5781-d7e9-454f-b605-7ffb3ddb1598/active - 200
2025-10-28T06:47:17.268Z [DEBUG] Basic Auth attempt for user: admin
2025-10-28T06:47:17.268Z [INFO] Basic Auth successful for user: admin
2025-10-28T06:47:17.268Z [INFO] Request received to list users.
2025-10-28T06:47:17.269Z [DEBUG] Making API call: GET https://my.luxurydmc.travel/api/v1/users
2025-10-28T06:47:17.269Z [DEBUG] Making API call: GET https://my.luxurydmc.travel/api/v1/groups/gid-5d8b1201-3e87-415f-ab4c-66bf5ed523f3
2025-10-28T06:47:17.271Z [DEBUG] Basic Auth attempt for user: admin
2025-10-28T06:47:17.271Z [INFO] Basic Auth successful for user: admin
2025-10-28T06:47:17.271Z [INFO] Using configured mail domains: luxurydmc.travel, luxurydestinationtourism.com
2025-10-28T06:47:17.271Z [DEBUG] Making API call: GET https://my.luxurydmc.travel/api/v1/users
2025-10-28T06:47:17.272Z [DEBUG] Making API call: GET https://my.luxurydmc.travel/api/v1/mail/luxurydmc.travel/mailboxes
2025-10-28T06:47:17.274Z [DEBUG] Basic Auth attempt for user: admin
2025-10-28T06:47:17.274Z [INFO] Basic Auth successful for user: admin
2025-10-28T06:47:17.274Z [INFO] Serving config with valid domains: {"domains":["luxurydmc.travel","luxurydestinationtourism.com"],"brandName":"Streamway"}
2025-10-28T06:47:17.274Z [INFO] GET /api/config - 200
2025-10-28T06:47:17.332Z [DEBUG] API call successful: GET https://my.luxurydmc.travel/api/v1/groups/gid-5d8b1201-3e87-415f-ab4c-66bf5ed523f3
2025-10-28T06:47:17.332Z [DEBUG] API call successful: GET https://my.luxurydmc.travel/api/v1/users
2025-10-28T06:47:17.332Z [INFO] Found 13 users in group, returning 12 after exclusions.
2025-10-28T06:47:17.333Z [INFO] GET /api/users - 200
2025-10-28T06:47:17.383Z [DEBUG] API call successful: GET https://my.luxurydmc.travel/api/v1/users
2025-10-28T06:47:17.387Z [DEBUG] API call successful: GET https://my.luxurydmc.travel/api/v1/mail/luxurydmc.travel/mailboxes
2025-10-28T06:47:17.387Z [DEBUG] Making API call: GET https://my.luxurydmc.travel/api/v1/mail/luxurydestinationtourism.com/mailboxes
2025-10-28T06:47:17.436Z [DEBUG] API call successful: GET https://my.luxurydmc.travel/api/v1/mail/luxurydestinationtourism.com/mailboxes
2025-10-28T06:47:17.436Z [INFO] Found 12 total mailboxes, returning 11 after exclusions.
2025-10-28T06:47:17.436Z [INFO] GET /api/mailboxes - 200
2025-10-28T06:47:47.890Z [DEBUG] Basic Auth attempt for user: admin
2025-10-28T06:47:47.891Z [INFO] Basic Auth successful for user: admin
2025-10-28T06:47:47.891Z [INFO] Using configured mail domains: luxurydmc.travel, luxurydestinationtourism.com
2025-10-28T06:47:47.891Z [DEBUG] Making API call: GET https://my.luxurydmc.travel/api/v1/mail/luxurydmc.travel/mailboxes
2025-10-28T06:47:47.944Z [DEBUG] API call successful: GET https://my.luxurydmc.travel/api/v1/mail/luxurydmc.travel/mailboxes
2025-10-28T06:47:47.945Z [DEBUG] Making API call: GET https://my.luxurydmc.travel/api/v1/mail/luxurydestinationtourism.com/mailboxes
2025-10-28T06:47:47.997Z [DEBUG] API call successful: GET https://my.luxurydmc.travel/api/v1/mail/luxurydestinationtourism.com/mailboxes
2025-10-28T06:47:47.998Z [INFO] Found 1 mailboxes for user uid-3d1c5781-d7e9-454f-b605-7ffb3ddb1598.
2025-10-28T06:47:47.998Z [INFO] GET /api/mailboxes/user/uid-3d1c5781-d7e9-454f-b605-7ffb3ddb1598 - 200
2025-10-28T06:57:06.156Z [INFO] GET / - 200
2025-10-28T06:57:06.185Z [INFO] GET /style.css - 200
2025-10-28T06:57:06.192Z [INFO] GET /script.js - 200
2025-10-28T06:57:06.237Z [DEBUG] Basic Auth attempt for user: admin
2025-10-28T06:57:06.237Z [INFO] Basic Auth successful for user: admin
2025-10-28T06:57:06.237Z [INFO] Request received to list users.
2025-10-28T06:57:06.237Z [DEBUG] Making API call: GET https://my.luxurydmc.travel/api/v1/users
2025-10-28T06:57:06.238Z [DEBUG] Making API call: GET https://my.luxurydmc.travel/api/v1/groups/gid-5d8b1201-3e87-415f-ab4c-66bf5ed523f3
2025-10-28T06:57:06.240Z [DEBUG] Basic Auth attempt for user: admin
2025-10-28T06:57:06.241Z [INFO] Basic Auth successful for user: admin
2025-10-28T06:57:06.241Z [INFO] Using configured mail domains: luxurydmc.travel, luxurydestinationtourism.com
2025-10-28T06:57:06.241Z [DEBUG] Making API call: GET https://my.luxurydmc.travel/api/v1/users
2025-10-28T06:57:06.241Z [DEBUG] Making API call: GET https://my.luxurydmc.travel/api/v1/mail/luxurydmc.travel/mailboxes
2025-10-28T06:57:06.248Z [DEBUG] Basic Auth attempt for user: admin
2025-10-28T06:57:06.248Z [INFO] Basic Auth successful for user: admin
2025-10-28T06:57:06.249Z [INFO] Serving config with valid domains: {"domains":["luxurydmc.travel","luxurydestinationtourism.com"],"brandName":"Streamway"}
2025-10-28T06:57:06.249Z [INFO] GET /api/config - 200
2025-10-28T06:57:06.462Z [DEBUG] API call successful: GET https://my.luxurydmc.travel/api/v1/mail/luxurydmc.travel/mailboxes
2025-10-28T06:57:06.462Z [DEBUG] Making API call: GET https://my.luxurydmc.travel/api/v1/mail/luxurydestinationtourism.com/mailboxes
2025-10-28T06:57:06.478Z [DEBUG] API call successful: GET https://my.luxurydmc.travel/api/v1/groups/gid-5d8b1201-3e87-415f-ab4c-66bf5ed523f3
2025-10-28T06:57:06.502Z [DEBUG] API call successful: GET https://my.luxurydmc.travel/api/v1/users
2025-10-28T06:57:06.511Z [DEBUG] API call successful: GET https://my.luxurydmc.travel/api/v1/users
2025-10-28T06:57:06.512Z [INFO] Found 13 users in group, returning 12 after exclusions.
2025-10-28T06:57:06.512Z [INFO] GET /api/users - 200
2025-10-28T06:57:06.569Z [DEBUG] API call successful: GET https://my.luxurydmc.travel/api/v1/mail/luxurydestinationtourism.com/mailboxes
2025-10-28T06:57:06.569Z [INFO] Found 12 total mailboxes, returning 11 after exclusions.
2025-10-28T06:57:06.570Z [INFO] GET /api/mailboxes - 200
2025-10-28T07:05:17.475Z [INFO] Application starting...
2025-10-28T07:05:17.476Z [INFO] Running pre-flight checks...
2025-10-28T07:05:17.476Z [INFO] Using configured mail domains: luxurydmc.travel, luxurydestinationtourism.com
2025-10-28T07:05:17.476Z [INFO] Starting in development mode.
2025-10-28T07:05:17.476Z [INFO] Server starting on http://localhost:8020
2025-10-28T07:06:08.859Z [INFO] Application starting...
2025-10-28T07:06:08.861Z [INFO] Running pre-flight checks...
2025-10-28T07:06:08.861Z [INFO] Using configured mail domains: luxurydmc.travel, luxurydestinationtourism.com
2025-10-28T07:06:08.861Z [INFO] Starting in development mode.
2025-10-28T07:06:08.861Z [INFO] Server starting on http://localhost:8020
2025-10-28T07:08:21.543Z [INFO] Application starting...
2025-10-28T07:08:21.544Z [INFO] Running pre-flight checks...
2025-10-28T07:08:21.544Z [INFO] Using configured mail domains: luxurydmc.travel, luxurydestinationtourism.com
2025-10-28T07:08:21.545Z [INFO] Starting in development mode.
2025-10-28T07:08:21.545Z [INFO] Server starting on http://localhost:8020
2025-10-28T07:10:11.822Z [INFO] GET / - 200
2025-10-28T07:10:11.845Z [INFO] GET /style.css - 200
2025-10-28T07:10:11.851Z [INFO] GET /script.js - 200
2025-10-28T07:10:11.897Z [DEBUG] Basic Auth attempt for user: admin
2025-10-28T07:10:11.897Z [INFO] Basic Auth successful for user: admin
2025-10-28T07:10:11.898Z [INFO] Request received to list users.
2025-10-28T07:10:11.898Z [INFO] No cached group ID. Fetching group info for "luxurydmc"...
2025-10-28T07:10:11.898Z [DEBUG] Making API call: GET https://my.luxurydmc.travel/api/v1/groups?search=luxurydmc
2025-10-28T07:10:11.901Z [DEBUG] Basic Auth attempt for user: admin
2025-10-28T07:10:11.901Z [INFO] Basic Auth successful for user: admin
2025-10-28T07:10:11.901Z [INFO] Using configured mail domains: luxurydmc.travel, luxurydestinationtourism.com
2025-10-28T07:10:11.902Z [DEBUG] Making API call: GET https://my.luxurydmc.travel/api/v1/users
2025-10-28T07:10:11.902Z [DEBUG] Making API call: GET https://my.luxurydmc.travel/api/v1/mail/luxurydmc.travel/mailboxes
2025-10-28T07:10:11.910Z [DEBUG] Basic Auth attempt for user: admin
2025-10-28T07:10:11.910Z [INFO] Basic Auth successful for user: admin
2025-10-28T07:10:11.910Z [INFO] Serving config with valid domains: {"domains":["luxurydmc.travel","luxurydestinationtourism.com"],"brandName":"Streamway"}
2025-10-28T07:10:11.911Z [INFO] GET /api/config - 200
2025-10-28T07:10:12.159Z [DEBUG] API call successful: GET https://my.luxurydmc.travel/api/v1/groups?search=luxurydmc
2025-10-28T07:10:12.162Z [INFO] Managing users for group: luxurydmc (ID: gid-5d8b1201-3e87-415f-ab4c-66bf5ed523f3)
2025-10-28T07:10:12.162Z [DEBUG] Making API call: GET https://my.luxurydmc.travel/api/v1/users
2025-10-28T07:10:12.163Z [DEBUG] Making API call: GET https://my.luxurydmc.travel/api/v1/groups/gid-5d8b1201-3e87-415f-ab4c-66bf5ed523f3
2025-10-28T07:10:12.165Z [DEBUG] API call successful: GET https://my.luxurydmc.travel/api/v1/mail/luxurydmc.travel/mailboxes
2025-10-28T07:10:12.166Z [DEBUG] Making API call: GET https://my.luxurydmc.travel/api/v1/mail/luxurydestinationtourism.com/mailboxes
2025-10-28T07:10:12.191Z [DEBUG] API call successful: GET https://my.luxurydmc.travel/api/v1/users
2025-10-28T07:10:12.314Z [DEBUG] API call successful: GET https://my.luxurydmc.travel/api/v1/groups/gid-5d8b1201-3e87-415f-ab4c-66bf5ed523f3
2025-10-28T07:10:12.314Z [DEBUG] API call successful: GET https://my.luxurydmc.travel/api/v1/users
2025-10-28T07:10:12.314Z [DEBUG] API call successful: GET https://my.luxurydmc.travel/api/v1/mail/luxurydestinationtourism.com/mailboxes
2025-10-28T07:10:12.315Z [INFO] Found 13 users in group, returning 12 after exclusions.
2025-10-28T07:10:12.316Z [INFO] Found 12 total mailboxes, returning 11 after exclusions.
2025-10-28T07:10:12.316Z [INFO] GET /api/users - 200
2025-10-28T07:10:12.317Z [INFO] GET /api/mailboxes - 200
2025-10-28T07:10:13.640Z [DEBUG] Basic Auth attempt for user: admin
2025-10-28T07:10:13.640Z [INFO] Basic Auth successful for user: admin
2025-10-28T07:10:13.642Z [INFO] GET /api/users/uid-3d1c5781-d7e9-454f-b605-7ffb3ddb1598/password - 404
2025-10-28T07:10:48.819Z [DEBUG] Basic Auth attempt for user: admin
2025-10-28T07:10:48.819Z [INFO] Basic Auth successful for user: admin
2025-10-28T07:10:48.821Z [DEBUG] Making API call: GET https://my.luxurydmc.travel/api/v1/users?search=ram
2025-10-28T07:10:48.890Z [DEBUG] API call successful: GET https://my.luxurydmc.travel/api/v1/users?search=ram
2025-10-28T07:10:48.891Z [INFO] GET /api/users/ram/exists - 200
2025-10-28T07:12:02.696Z [INFO] Application starting...
2025-10-28T07:12:02.697Z [INFO] Running pre-flight checks...
2025-10-28T07:12:02.697Z [INFO] Using configured mail domains: luxurydmc.travel, luxurydestinationtourism.com
2025-10-28T07:12:02.698Z [INFO] Starting in development mode.
2025-10-28T07:12:02.698Z [INFO] Server starting on http://localhost:8020
2025-10-28T07:12:40.058Z [INFO] GET / - 200
2025-10-28T07:12:40.082Z [INFO] GET /style.css - 200
2025-10-28T07:12:40.085Z [INFO] GET /script.js - 200
2025-10-28T07:12:40.134Z [DEBUG] Basic Auth attempt for user: admin
2025-10-28T07:12:40.135Z [INFO] Basic Auth successful for user: admin
2025-10-28T07:12:40.135Z [INFO] Request received to list users.
2025-10-28T07:12:40.135Z [INFO] No cached group ID. Fetching group info for "luxurydmc"...
2025-10-28T07:12:40.135Z [DEBUG] Making API call: GET https://my.luxurydmc.travel/api/v1/groups?search=luxurydmc
2025-10-28T07:12:40.138Z [DEBUG] Basic Auth attempt for user: admin
2025-10-28T07:12:40.138Z [INFO] Basic Auth successful for user: admin
2025-10-28T07:12:40.138Z [INFO] Using configured mail domains: luxurydmc.travel, luxurydestinationtourism.com
2025-10-28T07:12:40.138Z [DEBUG] Making API call: GET https://my.luxurydmc.travel/api/v1/users
2025-10-28T07:12:40.139Z [DEBUG] Making API call: GET https://my.luxurydmc.travel/api/v1/mail/luxurydmc.travel/mailboxes
2025-10-28T07:12:40.147Z [DEBUG] Basic Auth attempt for user: admin
2025-10-28T07:12:40.147Z [INFO] Basic Auth successful for user: admin
2025-10-28T07:12:40.148Z [INFO] Serving config with valid domains: {"domains":["luxurydmc.travel","luxurydestinationtourism.com"],"brandName":"Streamway"}
2025-10-28T07:12:40.148Z [INFO] GET /api/config - 200
2025-10-28T07:12:40.356Z [DEBUG] API call successful: GET https://my.luxurydmc.travel/api/v1/groups?search=luxurydmc
2025-10-28T07:12:40.358Z [INFO] Managing users for group: luxurydmc (ID: gid-5d8b1201-3e87-415f-ab4c-66bf5ed523f3)
2025-10-28T07:12:40.359Z [DEBUG] Making API call: GET https://my.luxurydmc.travel/api/v1/users
2025-10-28T07:12:40.360Z [DEBUG] Making API call: GET https://my.luxurydmc.travel/api/v1/groups/gid-5d8b1201-3e87-415f-ab4c-66bf5ed523f3
2025-10-28T07:12:40.362Z [DEBUG] API call successful: GET https://my.luxurydmc.travel/api/v1/mail/luxurydmc.travel/mailboxes
2025-10-28T07:12:40.363Z [DEBUG] Making API call: GET https://my.luxurydmc.travel/api/v1/mail/luxurydestinationtourism.com/mailboxes
2025-10-28T07:12:40.386Z [DEBUG] API call successful: GET https://my.luxurydmc.travel/api/v1/users
2025-10-28T07:12:40.487Z [DEBUG] API call successful: GET https://my.luxurydmc.travel/api/v1/users
2025-10-28T07:12:40.487Z [DEBUG] API call successful: GET https://my.luxurydmc.travel/api/v1/groups/gid-5d8b1201-3e87-415f-ab4c-66bf5ed523f3
2025-10-28T07:12:40.488Z [INFO] Found 13 users in group, returning 12 after exclusions.
2025-10-28T07:12:40.488Z [INFO] GET /api/users - 200
2025-10-28T07:12:40.489Z [DEBUG] API call successful: GET https://my.luxurydmc.travel/api/v1/mail/luxurydestinationtourism.com/mailboxes
2025-10-28T07:12:40.490Z [INFO] Found 12 total mailboxes, returning 11 after exclusions.
2025-10-28T07:12:40.490Z [INFO] GET /api/mailboxes - 200
2025-10-28T07:13:11.426Z [DEBUG] Basic Auth attempt for user: admin
2025-10-28T07:13:11.426Z [INFO] Basic Auth successful for user: admin
2025-10-28T07:13:11.428Z [DEBUG] Making API call: GET https://my.luxurydmc.travel/api/v1/mail/luxurydmc.travel/mailboxes/ram
2025-10-28T07:13:11.485Z [ERROR] API call failed: GET https://my.luxurydmc.travel/api/v1/mail/luxurydmc.travel/mailboxes/ram {"status":404,"body":"{\n  \"status\": \"Not Found\",\n  \"message\": \"Mailbox not found\"\n}"}
2025-10-28T07:13:11.485Z [INFO] GET /api/mailboxes/luxurydmc.travel/ram/exists - 200
2025-10-28T07:13:37.491Z [INFO] GET / - 200
2025-10-28T07:13:37.511Z [INFO] GET /style.css - 200
2025-10-28T07:13:37.512Z [INFO] GET /script.js - 200
2025-10-28T07:13:37.559Z [DEBUG] Basic Auth attempt for user: admin
2025-10-28T07:13:37.559Z [INFO] Basic Auth successful for user: admin
2025-10-28T07:13:37.559Z [INFO] Request received to list users.
2025-10-28T07:13:37.560Z [DEBUG] Making API call: GET https://my.luxurydmc.travel/api/v1/users
2025-10-28T07:13:37.560Z [DEBUG] Making API call: GET https://my.luxurydmc.travel/api/v1/groups/gid-5d8b1201-3e87-415f-ab4c-66bf5ed523f3
2025-10-28T07:13:37.562Z [DEBUG] Basic Auth attempt for user: admin
2025-10-28T07:13:37.562Z [INFO] Basic Auth successful for user: admin
2025-10-28T07:13:37.562Z [INFO] Using configured mail domains: luxurydmc.travel, luxurydestinationtourism.com
2025-10-28T07:13:37.562Z [DEBUG] Making API call: GET https://my.luxurydmc.travel/api/v1/users
2025-10-28T07:13:37.562Z [DEBUG] Making API call: GET https://my.luxurydmc.travel/api/v1/mail/luxurydmc.travel/mailboxes
2025-10-28T07:13:37.563Z [DEBUG] Basic Auth attempt for user: admin
2025-10-28T07:13:37.563Z [INFO] Basic Auth successful for user: admin
2025-10-28T07:13:37.563Z [INFO] Serving config with valid domains: {"domains":["luxurydmc.travel","luxurydestinationtourism.com"],"brandName":"Streamway"}
2025-10-28T07:13:37.563Z [INFO] GET /api/config - 200
2025-10-28T07:13:37.618Z [DEBUG] API call successful: GET https://my.luxurydmc.travel/api/v1/groups/gid-5d8b1201-3e87-415f-ab4c-66bf5ed523f3
2025-10-28T07:13:37.619Z [DEBUG] API call successful: GET https://my.luxurydmc.travel/api/v1/users
2025-10-28T07:13:37.620Z [INFO] Found 13 users in group, returning 12 after exclusions.
2025-10-28T07:13:37.620Z [INFO] GET /api/users - 200
2025-10-28T07:13:37.671Z [DEBUG] API call successful: GET https://my.luxurydmc.travel/api/v1/mail/luxurydmc.travel/mailboxes
2025-10-28T07:13:37.671Z [DEBUG] Making API call: GET https://my.luxurydmc.travel/api/v1/mail/luxurydestinationtourism.com/mailboxes
2025-10-28T07:13:37.672Z [DEBUG] API call successful: GET https://my.luxurydmc.travel/api/v1/users
2025-10-28T07:13:37.724Z [DEBUG] API call successful: GET https://my.luxurydmc.travel/api/v1/mail/luxurydestinationtourism.com/mailboxes
2025-10-28T07:13:37.724Z [INFO] Found 12 total mailboxes, returning 11 after exclusions.
2025-10-28T07:13:37.724Z [INFO] GET /api/mailboxes - 200
2025-10-28T07:14:04.898Z [INFO] GET / - 200
2025-10-28T07:14:04.919Z [INFO] GET /style.css - 200
2025-10-28T07:14:04.920Z [INFO] GET /script.js - 200
2025-10-28T07:14:04.973Z [DEBUG] Basic Auth attempt for user: admin
2025-10-28T07:14:04.973Z [INFO] Basic Auth successful for user: admin
2025-10-28T07:14:04.973Z [INFO] Request received to list users.
2025-10-28T07:14:04.973Z [DEBUG] Making API call: GET https://my.luxurydmc.travel/api/v1/users
2025-10-28T07:14:04.974Z [DEBUG] Making API call: GET https://my.luxurydmc.travel/api/v1/groups/gid-5d8b1201-3e87-415f-ab4c-66bf5ed523f3
2025-10-28T07:14:04.974Z [DEBUG] Basic Auth attempt for user: admin
2025-10-28T07:14:04.975Z [INFO] Basic Auth successful for user: admin
2025-10-28T07:14:04.975Z [INFO] Using configured mail domains: luxurydmc.travel, luxurydestinationtourism.com
2025-10-28T07:14:04.975Z [DEBUG] Making API call: GET https://my.luxurydmc.travel/api/v1/users
2025-10-28T07:14:04.975Z [DEBUG] Making API call: GET https://my.luxurydmc.travel/api/v1/mail/luxurydmc.travel/mailboxes
2025-10-28T07:14:04.976Z [DEBUG] Basic Auth attempt for user: admin
2025-10-28T07:14:04.977Z [INFO] Basic Auth successful for user: admin
2025-10-28T07:14:04.977Z [INFO] Serving config with valid domains: {"domains":["luxurydmc.travel","luxurydestinationtourism.com"],"brandName":"Streamway"}
2025-10-28T07:14:04.977Z [INFO] GET /api/config - 200
2025-10-28T07:14:05.038Z [DEBUG] API call successful: GET https://my.luxurydmc.travel/api/v1/groups/gid-5d8b1201-3e87-415f-ab4c-66bf5ed523f3
2025-10-28T07:14:05.039Z [DEBUG] API call successful: GET https://my.luxurydmc.travel/api/v1/users
2025-10-28T07:14:05.039Z [INFO] Found 13 users in group, returning 12 after exclusions.
2025-10-28T07:14:05.040Z [INFO] GET /api/users - 200
2025-10-28T07:14:05.096Z [DEBUG] API call successful: GET https://my.luxurydmc.travel/api/v1/mail/luxurydmc.travel/mailboxes
2025-10-28T07:14:05.096Z [DEBUG] Making API call: GET https://my.luxurydmc.travel/api/v1/mail/luxurydestinationtourism.com/mailboxes
2025-10-28T07:14:05.097Z [DEBUG] API call successful: GET https://my.luxurydmc.travel/api/v1/users
2025-10-28T07:14:05.152Z [DEBUG] API call successful: GET https://my.luxurydmc.travel/api/v1/mail/luxurydestinationtourism.com/mailboxes
2025-10-28T07:14:05.152Z [INFO] Found 12 total mailboxes, returning 11 after exclusions.
2025-10-28T07:14:05.152Z [INFO] GET /api/mailboxes - 200
2025-10-28T07:14:15.822Z [INFO] Application starting...
2025-10-28T07:14:15.824Z [INFO] Running pre-flight checks...
2025-10-28T07:14:15.824Z [INFO] Using configured mail domains: luxurydmc.travel, luxurydestinationtourism.com
2025-10-28T07:14:15.825Z [INFO] Starting in development mode.
2025-10-28T07:14:15.825Z [INFO] Server starting on http://localhost:8020
2025-10-28T07:14:18.374Z [INFO] GET / - 200
2025-10-28T07:14:18.399Z [INFO] GET /style.css - 200
2025-10-28T07:14:18.403Z [INFO] GET /script.js - 200
2025-10-28T07:14:18.451Z [DEBUG] Basic Auth attempt for user: admin
2025-10-28T07:14:18.451Z [INFO] Basic Auth successful for user: admin
2025-10-28T07:14:18.451Z [INFO] Request received to list users.
2025-10-28T07:14:18.452Z [INFO] No cached group ID. Fetching group info for "luxurydmc"...
2025-10-28T07:14:18.452Z [DEBUG] Making API call: GET https://my.luxurydmc.travel/api/v1/groups?search=luxurydmc
2025-10-28T07:14:18.454Z [DEBUG] Basic Auth attempt for user: admin
2025-10-28T07:14:18.454Z [INFO] Basic Auth successful for user: admin
2025-10-28T07:14:18.455Z [INFO] Using configured mail domains: luxurydmc.travel, luxurydestinationtourism.com
2025-10-28T07:14:18.455Z [DEBUG] Making API call: GET https://my.luxurydmc.travel/api/v1/users
2025-10-28T07:14:18.456Z [DEBUG] Making API call: GET https://my.luxurydmc.travel/api/v1/mail/luxurydmc.travel/mailboxes
2025-10-28T07:14:18.460Z [DEBUG] Basic Auth attempt for user: admin
2025-10-28T07:14:18.460Z [INFO] Basic Auth successful for user: admin
2025-10-28T07:14:18.460Z [INFO] Serving config with valid domains: {"domains":["luxurydmc.travel","luxurydestinationtourism.com"],"brandName":"Streamway"}
2025-10-28T07:14:18.461Z [INFO] GET /api/config - 200
2025-10-28T07:14:18.718Z [DEBUG] API call successful: GET https://my.luxurydmc.travel/api/v1/groups?search=luxurydmc
2025-10-28T07:14:18.719Z [INFO] Managing users for group: luxurydmc (ID: gid-5d8b1201-3e87-415f-ab4c-66bf5ed523f3)
2025-10-28T07:14:18.719Z [DEBUG] Making API call: GET https://my.luxurydmc.travel/api/v1/users
2025-10-28T07:14:18.720Z [DEBUG] Making API call: GET https://my.luxurydmc.travel/api/v1/groups/gid-5d8b1201-3e87-415f-ab4c-66bf5ed523f3
2025-10-28T07:14:18.724Z [DEBUG] API call successful: GET https://my.luxurydmc.travel/api/v1/users
2025-10-28T07:14:18.749Z [DEBUG] API call successful: GET https://my.luxurydmc.travel/api/v1/mail/luxurydmc.travel/mailboxes
2025-10-28T07:14:18.749Z [DEBUG] Making API call: GET https://my.luxurydmc.travel/api/v1/mail/luxurydestinationtourism.com/mailboxes
2025-10-28T07:14:18.880Z [DEBUG] API call successful: GET https://my.luxurydmc.travel/api/v1/users
2025-10-28T07:14:18.880Z [DEBUG] API call successful: GET https://my.luxurydmc.travel/api/v1/groups/gid-5d8b1201-3e87-415f-ab4c-66bf5ed523f3
2025-10-28T07:14:18.880Z [DEBUG] API call successful: GET https://my.luxurydmc.travel/api/v1/mail/luxurydestinationtourism.com/mailboxes
2025-10-28T07:14:18.881Z [INFO] Found 13 users in group, returning 12 after exclusions.
2025-10-28T07:14:18.881Z [INFO] Found 12 total mailboxes, returning 11 after exclusions.
2025-10-28T07:14:18.881Z [INFO] GET /api/users - 200
2025-10-28T07:14:18.881Z [INFO] GET /api/mailboxes - 200
2025-10-28T07:17:27.702Z [INFO] GET / - 200
2025-10-28T07:17:27.723Z [INFO] GET /style.css - 200
2025-10-28T07:17:27.727Z [INFO] GET /script.js - 200
2025-10-28T07:17:27.776Z [DEBUG] Basic Auth attempt for user: admin
2025-10-28T07:17:27.776Z [INFO] Basic Auth successful for user: admin
2025-10-28T07:17:27.776Z [INFO] Request received to list users.
2025-10-28T07:17:27.776Z [DEBUG] Making API call: GET https://my.luxurydmc.travel/api/v1/users
2025-10-28T07:17:27.777Z [DEBUG] Making API call: GET https://my.luxurydmc.travel/api/v1/groups/gid-5d8b1201-3e87-415f-ab4c-66bf5ed523f3
2025-10-28T07:17:27.778Z [DEBUG] Basic Auth attempt for user: admin
2025-10-28T07:17:27.778Z [INFO] Basic Auth successful for user: admin
2025-10-28T07:17:27.778Z [INFO] Using configured mail domains: luxurydmc.travel, luxurydestinationtourism.com
2025-10-28T07:17:27.778Z [DEBUG] Making API call: GET https://my.luxurydmc.travel/api/v1/users
2025-10-28T07:17:27.779Z [DEBUG] Making API call: GET https://my.luxurydmc.travel/api/v1/mail/luxurydmc.travel/mailboxes
2025-10-28T07:17:27.789Z [DEBUG] Basic Auth attempt for user: admin
2025-10-28T07:17:27.789Z [INFO] Basic Auth successful for user: admin
2025-10-28T07:17:27.789Z [INFO] Serving config with valid domains: {"domains":["luxurydmc.travel","luxurydestinationtourism.com"],"brandName":"Streamway"}
2025-10-28T07:17:27.789Z [INFO] GET /api/config - 200
2025-10-28T07:17:27.973Z [DEBUG] API call successful: GET https://my.luxurydmc.travel/api/v1/mail/luxurydmc.travel/mailboxes
2025-10-28T07:17:27.974Z [DEBUG] Making API call: GET https://my.luxurydmc.travel/api/v1/mail/luxurydestinationtourism.com/mailboxes
2025-10-28T07:17:27.978Z [DEBUG] API call successful: GET https://my.luxurydmc.travel/api/v1/groups/gid-5d8b1201-3e87-415f-ab4c-66bf5ed523f3
2025-10-28T07:17:28.004Z [DEBUG] API call successful: GET https://my.luxurydmc.travel/api/v1/users
2025-10-28T07:17:28.005Z [INFO] Found 13 users in group, returning 12 after exclusions.
2025-10-28T07:17:28.005Z [INFO] GET /api/users - 200
2025-10-28T07:17:28.018Z [DEBUG] API call successful: GET https://my.luxurydmc.travel/api/v1/users
2025-10-28T07:17:28.064Z [DEBUG] API call successful: GET https://my.luxurydmc.travel/api/v1/mail/luxurydestinationtourism.com/mailboxes
2025-10-28T07:17:28.064Z [INFO] Found 12 total mailboxes, returning 11 after exclusions.
2025-10-28T07:17:28.065Z [INFO] GET /api/mailboxes - 200
2025-10-28T07:17:47.627Z [DEBUG] Basic Auth attempt for user: admin
2025-10-28T07:17:47.628Z [INFO] Basic Auth successful for user: admin
2025-10-28T07:17:47.628Z [INFO] Request received to create a new user.
2025-10-28T07:17:47.629Z [INFO] POST /api/users - 400
2025-10-28T07:18:23.437Z [DEBUG] Basic Auth attempt for user: admin
2025-10-28T07:18:23.437Z [INFO] Basic Auth successful for user: admin
2025-10-28T07:18:23.437Z [INFO] Request received to create a new user.
2025-10-28T07:18:23.437Z [DEBUG] Making API call: POST https://my.luxurydmc.travel/api/v1/users
2025-10-28T07:18:23.571Z [DEBUG] API call successful: POST https://my.luxurydmc.travel/api/v1/users
2025-10-28T07:18:23.588Z [INFO] Password for new user uid-66acdf27-e80d-4434-acaa-9886ff6efeb1 stored in KV.
2025-10-28T07:18:23.596Z [INFO] [AUDIT] Created user 'ram' (ID: uid-66acdf27-e80d-4434-acaa-9886ff6efeb1)
2025-10-28T07:18:23.597Z [DEBUG] Making API call: GET https://my.luxurydmc.travel/api/v1/groups/gid-5d8b1201-3e87-415f-ab4c-66bf5ed523f3
2025-10-28T07:18:23.664Z [DEBUG] API call successful: GET https://my.luxurydmc.travel/api/v1/groups/gid-5d8b1201-3e87-415f-ab4c-66bf5ed523f3
2025-10-28T07:18:23.665Z [DEBUG] Making API call: PUT https://my.luxurydmc.travel/api/v1/groups/gid-5d8b1201-3e87-415f-ab4c-66bf5ed523f3/members
2025-10-28T07:18:23.732Z [DEBUG] API call successful: PUT https://my.luxurydmc.travel/api/v1/groups/gid-5d8b1201-3e87-415f-ab4c-66bf5ed523f3/members
2025-10-28T07:18:23.747Z [INFO] [AUDIT] Added user 'ram' to group 'luxurydmc'
2025-10-28T07:18:23.748Z [DEBUG] Making API call: POST https://my.luxurydmc.travel/api/v1/mail/luxurydmc.travel/mailboxes
2025-10-28T07:18:23.808Z [DEBUG] API call successful: POST https://my.luxurydmc.travel/api/v1/mail/luxurydmc.travel/mailboxes
2025-10-28T07:18:23.815Z [INFO] [AUDIT] Created default mailbox 'ram@luxurydmc.travel' for 'ram'
2025-10-28T07:18:23.815Z [INFO] Successfully created user 'ram'.
2025-10-28T07:18:23.816Z [INFO] POST /api/users - 201
2025-10-28T07:18:23.821Z [DEBUG] Basic Auth attempt for user: admin
2025-10-28T07:18:23.821Z [INFO] Basic Auth successful for user: admin
2025-10-28T07:18:23.821Z [INFO] Request received to list users.
2025-10-28T07:18:23.821Z [DEBUG] Making API call: GET https://my.luxurydmc.travel/api/v1/users
2025-10-28T07:18:23.822Z [DEBUG] Making API call: GET https://my.luxurydmc.travel/api/v1/groups/gid-5d8b1201-3e87-415f-ab4c-66bf5ed523f3
2025-10-28T07:18:23.823Z [DEBUG] Basic Auth attempt for user: admin
2025-10-28T07:18:23.823Z [INFO] Basic Auth successful for user: admin
2025-10-28T07:18:23.823Z [INFO] Using configured mail domains: luxurydmc.travel, luxurydestinationtourism.com
2025-10-28T07:18:23.823Z [DEBUG] Making API call: GET https://my.luxurydmc.travel/api/v1/users
2025-10-28T07:18:23.824Z [DEBUG] Making API call: GET https://my.luxurydmc.travel/api/v1/mail/luxurydmc.travel/mailboxes
2025-10-28T07:18:23.825Z [DEBUG] Basic Auth attempt for user: admin
2025-10-28T07:18:23.825Z [INFO] Basic Auth successful for user: admin
2025-10-28T07:18:23.825Z [INFO] Serving config with valid domains: {"domains":["luxurydmc.travel","luxurydestinationtourism.com"],"brandName":"Streamway"}
2025-10-28T07:18:23.825Z [INFO] GET /api/config - 200
2025-10-28T07:18:23.876Z [DEBUG] API call successful: GET https://my.luxurydmc.travel/api/v1/groups/gid-5d8b1201-3e87-415f-ab4c-66bf5ed523f3
2025-10-28T07:18:23.881Z [DEBUG] API call successful: GET https://my.luxurydmc.travel/api/v1/users
2025-10-28T07:18:23.882Z [INFO] Found 14 users in group, returning 13 after exclusions.
2025-10-28T07:18:23.882Z [INFO] GET /api/users - 200
2025-10-28T07:18:23.933Z [DEBUG] API call successful: GET https://my.luxurydmc.travel/api/v1/mail/luxurydmc.travel/mailboxes
2025-10-28T07:18:23.933Z [DEBUG] Making API call: GET https://my.luxurydmc.travel/api/v1/mail/luxurydestinationtourism.com/mailboxes
2025-10-28T07:18:23.934Z [DEBUG] API call successful: GET https://my.luxurydmc.travel/api/v1/users
2025-10-28T07:18:23.993Z [DEBUG] API call successful: GET https://my.luxurydmc.travel/api/v1/mail/luxurydestinationtourism.com/mailboxes
2025-10-28T07:18:23.993Z [INFO] Found 13 total mailboxes, returning 12 after exclusions.
2025-10-28T07:18:23.993Z [INFO] GET /api/mailboxes - 200
2025-10-28T07:18:28.721Z [INFO] GET / - 200
2025-10-28T07:18:28.741Z [INFO] GET /style.css - 200
2025-10-28T07:18:28.742Z [INFO] GET /script.js - 200
2025-10-28T07:18:28.792Z [DEBUG] Basic Auth attempt for user: admin
2025-10-28T07:18:28.792Z [INFO] Basic Auth successful for user: admin
2025-10-28T07:18:28.792Z [INFO] Request received to list users.
2025-10-28T07:18:28.792Z [DEBUG] Making API call: GET https://my.luxurydmc.travel/api/v1/users
2025-10-28T07:18:28.792Z [DEBUG] Making API call: GET https://my.luxurydmc.travel/api/v1/groups/gid-5d8b1201-3e87-415f-ab4c-66bf5ed523f3
2025-10-28T07:18:28.793Z [DEBUG] Basic Auth attempt for user: admin
2025-10-28T07:18:28.793Z [INFO] Basic Auth successful for user: admin
2025-10-28T07:18:28.793Z [INFO] Using configured mail domains: luxurydmc.travel, luxurydestinationtourism.com
2025-10-28T07:18:28.793Z [DEBUG] Making API call: GET https://my.luxurydmc.travel/api/v1/users
2025-10-28T07:18:28.794Z [DEBUG] Making API call: GET https://my.luxurydmc.travel/api/v1/mail/luxurydmc.travel/mailboxes
2025-10-28T07:18:28.794Z [DEBUG] Basic Auth attempt for user: admin
2025-10-28T07:18:28.794Z [INFO] Basic Auth successful for user: admin
2025-10-28T07:18:28.794Z [INFO] Serving config with valid domains: {"domains":["luxurydmc.travel","luxurydestinationtourism.com"],"brandName":"Streamway"}
2025-10-28T07:18:28.795Z [INFO] GET /api/config - 200
2025-10-28T07:18:28.850Z [DEBUG] API call successful: GET https://my.luxurydmc.travel/api/v1/groups/gid-5d8b1201-3e87-415f-ab4c-66bf5ed523f3
2025-10-28T07:18:28.850Z [DEBUG] API call successful: GET https://my.luxurydmc.travel/api/v1/users
2025-10-28T07:18:28.851Z [INFO] Found 14 users in group, returning 13 after exclusions.
2025-10-28T07:18:28.851Z [INFO] GET /api/users - 200
2025-10-28T07:18:28.900Z [DEBUG] API call successful: GET https://my.luxurydmc.travel/api/v1/mail/luxurydmc.travel/mailboxes
2025-10-28T07:18:28.900Z [DEBUG] Making API call: GET https://my.luxurydmc.travel/api/v1/mail/luxurydestinationtourism.com/mailboxes
2025-10-28T07:18:28.901Z [DEBUG] API call successful: GET https://my.luxurydmc.travel/api/v1/users
2025-10-28T07:18:28.949Z [DEBUG] API call successful: GET https://my.luxurydmc.travel/api/v1/mail/luxurydestinationtourism.com/mailboxes
2025-10-28T07:18:28.949Z [INFO] Found 13 total mailboxes, returning 12 after exclusions.
2025-10-28T07:18:28.949Z [INFO] GET /api/mailboxes - 200
2025-10-28T07:18:36.083Z [DEBUG] Basic Auth attempt for user: admin
2025-10-28T07:18:36.083Z [INFO] Basic Auth successful for user: admin
2025-10-28T07:18:36.085Z [INFO] GET /api/users/uid-66acdf27-e80d-4434-acaa-9886ff6efeb1/password - 200
2025-10-28T07:18:37.449Z [DEBUG] Basic Auth attempt for user: admin
2025-10-28T07:18:37.449Z [INFO] Basic Auth successful for user: admin
2025-10-28T07:18:37.454Z [INFO] [AUDIT] Viewed password for user ID uid-66acdf27-e80d-4434-acaa-9886ff6efeb1
2025-10-28T07:18:37.454Z [INFO] POST /api/logs/audit - 200
2025-10-28T07:18:42.371Z [DEBUG] Basic Auth attempt for user: admin
2025-10-28T07:18:42.371Z [INFO] Basic Auth successful for user: admin
2025-10-28T07:18:42.380Z [INFO] [AUDIT] Copied password for user ID uid-66acdf27-e80d-4434-acaa-9886ff6efeb1
2025-10-28T07:18:42.380Z [INFO] POST /api/logs/audit - 200
2025-10-29T13:59:25.108Z [INFO] Application starting...
2025-10-29T13:59:25.123Z [INFO] Running pre-flight checks...
2025-10-29T13:59:25.124Z [INFO] Using configured mail domains: luxurydmc.travel, luxurydestinationtourism.com
2025-10-29T13:59:25.124Z [INFO] Starting in development mode.
2025-10-29T13:59:25.124Z [INFO] Server starting on http://localhost:8020
2025-10-29T13:59:29.165Z [INFO] GET / - 200
2025-10-29T13:59:29.188Z [INFO] GET /style.css - 200
2025-10-29T13:59:29.227Z [INFO] GET /script.js - 200
2025-10-29T13:59:29.587Z [WARN] Auth failed: Missing or invalid Authorization header.
2025-10-29T13:59:29.590Z [INFO] GET /api/users - 401
2025-10-29T13:59:29.609Z [WARN] Auth failed: Missing or invalid Authorization header.
2025-10-29T13:59:29.610Z [INFO] GET /api/mailboxes - 401
2025-10-29T13:59:29.645Z [WARN] Auth failed: Missing or invalid Authorization header.
2025-10-29T13:59:29.646Z [INFO] GET /api/config - 401
2025-10-29T13:59:29.682Z [INFO] GET /favicon.ico - 404
2025-10-29T13:59:30.600Z [DEBUG] Basic Auth attempt for user: admin
2025-10-29T13:59:30.600Z [INFO] Basic Auth successful for user: admin
2025-10-29T13:59:30.600Z [INFO] Serving config with valid domains: {"domains":["luxurydmc.travel","luxurydestinationtourism.com"],"brandName":"Streamway"}
2025-10-29T13:59:30.601Z [INFO] GET /api/config - 200
2025-10-29T13:59:30.602Z [DEBUG] Basic Auth attempt for user: admin
2025-10-29T13:59:30.602Z [INFO] Basic Auth successful for user: admin
2025-10-29T13:59:30.602Z [INFO] Using configured mail domains: luxurydmc.travel, luxurydestinationtourism.com
2025-10-29T13:59:30.602Z [DEBUG] Making API call: GET https://my.luxurydmc.travel/api/v1/users
2025-10-29T13:59:30.604Z [DEBUG] Basic Auth attempt for user: admin
2025-10-29T13:59:30.605Z [INFO] Basic Auth successful for user: admin
2025-10-29T13:59:30.605Z [INFO] Request received to list users.
2025-10-29T13:59:30.605Z [INFO] No cached group ID. Fetching group info for "luxurydmc"...
2025-10-29T13:59:30.605Z [DEBUG] Making API call: GET https://my.luxurydmc.travel/api/v1/groups?search=luxurydmc
2025-10-29T13:59:30.606Z [DEBUG] Making API call: GET https://my.luxurydmc.travel/api/v1/mail/luxurydmc.travel/mailboxes
2025-10-29T13:59:30.906Z [DEBUG] API call successful: GET https://my.luxurydmc.travel/api/v1/groups?search=luxurydmc
2025-10-29T13:59:30.911Z [INFO] Managing users for group: luxurydmc (ID: gid-5d8b1201-3e87-415f-ab4c-66bf5ed523f3)
2025-10-29T13:59:30.911Z [DEBUG] Making API call: GET https://my.luxurydmc.travel/api/v1/users
2025-10-29T13:59:30.913Z [DEBUG] Making API call: GET https://my.luxurydmc.travel/api/v1/groups/gid-5d8b1201-3e87-415f-ab4c-66bf5ed523f3
2025-10-29T13:59:30.941Z [DEBUG] API call successful: GET https://my.luxurydmc.travel/api/v1/mail/luxurydmc.travel/mailboxes
2025-10-29T13:59:30.944Z [DEBUG] Making API call: GET https://my.luxurydmc.travel/api/v1/mail/luxurydestinationtourism.com/mailboxes
2025-10-29T13:59:30.959Z [DEBUG] API call successful: GET https://my.luxurydmc.travel/api/v1/users
2025-10-29T13:59:31.011Z [DEBUG] API call successful: GET https://my.luxurydmc.travel/api/v1/users
2025-10-29T13:59:31.012Z [DEBUG] API call successful: GET https://my.luxurydmc.travel/api/v1/groups/gid-5d8b1201-3e87-415f-ab4c-66bf5ed523f3
2025-10-29T13:59:31.012Z [INFO] Found 25 users in group, returning 25 after exclusions.
2025-10-29T13:59:31.013Z [INFO] GET /api/users - 200
2025-10-29T13:59:31.014Z [DEBUG] API call successful: GET https://my.luxurydmc.travel/api/v1/mail/luxurydestinationtourism.com/mailboxes
2025-10-29T13:59:31.015Z [INFO] Found 31 total mailboxes, returning 25 after exclusions.
2025-10-29T13:59:31.016Z [INFO] GET /api/mailboxes - 200
2025-10-29T14:06:36.576Z [DEBUG] Basic Auth attempt for user: admin
2025-10-29T14:06:36.576Z [INFO] Basic Auth successful for user: admin
2025-10-29T14:06:36.582Z [INFO] GET /api/users/uid-3d1c5781-d7e9-454f-b605-7ffb3ddb1598/password - 404
2025-10-29T14:06:44.813Z [DEBUG] Basic Auth attempt for user: admin
2025-10-29T14:06:44.813Z [INFO] Basic Auth successful for user: admin
2025-10-29T14:06:44.813Z [INFO] Using configured mail domains: luxurydmc.travel, luxurydestinationtourism.com
2025-10-29T14:06:44.813Z [DEBUG] Making API call: GET https://my.luxurydmc.travel/api/v1/mail/luxurydmc.travel/mailboxes
2025-10-29T14:06:45.477Z [DEBUG] API call successful: GET https://my.luxurydmc.travel/api/v1/mail/luxurydmc.travel/mailboxes
2025-10-29T14:06:45.478Z [DEBUG] Making API call: GET https://my.luxurydmc.travel/api/v1/mail/luxurydestinationtourism.com/mailboxes
2025-10-29T14:06:45.701Z [DEBUG] API call successful: GET https://my.luxurydmc.travel/api/v1/mail/luxurydestinationtourism.com/mailboxes
2025-10-29T14:06:45.702Z [INFO] Found 1 mailboxes for user uid-695a662e-a351-4e1c-bac4-4545015923fe.
2025-10-29T14:06:45.703Z [INFO] GET /api/mailboxes/user/uid-695a662e-a351-4e1c-bac4-4545015923fe - 200
2025-10-29T14:19:40.783Z [INFO] GET / - 200
2025-10-29T14:19:40.858Z [INFO] GET /style.css - 200
2025-10-29T14:19:40.859Z [INFO] GET /script.js - 200
2025-10-29T14:19:40.910Z [DEBUG] Basic Auth attempt for user: admin
2025-10-29T14:19:40.910Z [INFO] Basic Auth successful for user: admin
2025-10-29T14:19:40.910Z [INFO] Request received to list users.
2025-10-29T14:19:40.910Z [DEBUG] Making API call: GET https://my.luxurydmc.travel/api/v1/users
2025-10-29T14:19:40.912Z [DEBUG] Making API call: GET https://my.luxurydmc.travel/api/v1/groups/gid-5d8b1201-3e87-415f-ab4c-66bf5ed523f3
2025-10-29T14:19:40.913Z [DEBUG] Basic Auth attempt for user: admin
2025-10-29T14:19:40.913Z [INFO] Basic Auth successful for user: admin
2025-10-29T14:19:40.913Z [INFO] Using configured mail domains: luxurydmc.travel, luxurydestinationtourism.com
2025-10-29T14:19:40.913Z [DEBUG] Making API call: GET https://my.luxurydmc.travel/api/v1/users
2025-10-29T14:19:40.913Z [DEBUG] Making API call: GET https://my.luxurydmc.travel/api/v1/mail/luxurydmc.travel/mailboxes
2025-10-29T14:19:41.046Z [DEBUG] Basic Auth attempt for user: admin
2025-10-29T14:19:41.046Z [INFO] Basic Auth successful for user: admin
2025-10-29T14:19:41.047Z [INFO] Serving config with valid domains: {"domains":["luxurydmc.travel","luxurydestinationtourism.com"],"brandName":"Streamway"}
2025-10-29T14:19:41.047Z [INFO] GET /api/config - 200
2025-10-29T14:19:41.218Z [DEBUG] API call successful: GET https://my.luxurydmc.travel/api/v1/users
2025-10-29T14:19:41.225Z [DEBUG] API call successful: GET https://my.luxurydmc.travel/api/v1/groups/gid-5d8b1201-3e87-415f-ab4c-66bf5ed523f3
2025-10-29T14:19:41.225Z [INFO] Found 25 users in group, returning 25 after exclusions.
2025-10-29T14:19:41.226Z [INFO] GET /api/users - 200
2025-10-29T14:19:41.239Z [DEBUG] API call successful: GET https://my.luxurydmc.travel/api/v1/users
2025-10-29T14:19:41.240Z [DEBUG] API call successful: GET https://my.luxurydmc.travel/api/v1/mail/luxurydmc.travel/mailboxes
2025-10-29T14:19:41.241Z [DEBUG] Making API call: GET https://my.luxurydmc.travel/api/v1/mail/luxurydestinationtourism.com/mailboxes
2025-10-29T14:19:41.302Z [DEBUG] API call successful: GET https://my.luxurydmc.travel/api/v1/mail/luxurydestinationtourism.com/mailboxes
2025-10-29T14:19:41.302Z [INFO] Found 31 total mailboxes, returning 25 after exclusions.
2025-10-29T14:19:41.303Z [INFO] GET /api/mailboxes - 200
2025-10-29T14:20:23.642Z [DEBUG] Basic Auth attempt for user: admin
2025-10-29T14:20:23.642Z [INFO] Basic Auth successful for user: admin
2025-10-29T14:20:23.644Z [INFO] GET /api/users/uid-3d1c5781-d7e9-454f-b605-7ffb3ddb1598/password - 404
2025-10-29T14:20:29.631Z [DEBUG] Basic Auth attempt for user: admin
2025-10-29T14:20:29.631Z [INFO] Basic Auth successful for user: admin
2025-10-29T14:20:29.632Z [INFO] GET /api/users/uid-ce2f9381-4db7-44b1-bf1a-fd44a18ccbc7/password - 404
2025-10-29T14:20:39.522Z [DEBUG] Basic Auth attempt for user: admin
2025-10-29T14:20:39.522Z [INFO] Basic Auth successful for user: admin
2025-10-29T14:20:39.524Z [INFO] GET /api/users/uid-bc6874c2-714c-427a-aeeb-c16631cc814b/password - 404
2025-10-29T14:23:56.734Z [DEBUG] Basic Auth attempt for user: admin
2025-10-29T14:23:56.734Z [INFO] Basic Auth successful for user: admin
2025-10-29T14:23:56.734Z [INFO] Using configured mail domains: luxurydmc.travel, luxurydestinationtourism.com
2025-10-29T14:23:56.734Z [DEBUG] Making API call: GET https://my.luxurydmc.travel/api/v1/mail/luxurydmc.travel/mailboxes
2025-10-29T14:23:57.002Z [DEBUG] API call successful: GET https://my.luxurydmc.travel/api/v1/mail/luxurydmc.travel/mailboxes
2025-10-29T14:23:57.003Z [DEBUG] Making API call: GET https://my.luxurydmc.travel/api/v1/mail/luxurydestinationtourism.com/mailboxes
2025-10-29T14:23:57.147Z [DEBUG] API call successful: GET https://my.luxurydmc.travel/api/v1/mail/luxurydestinationtourism.com/mailboxes
2025-10-29T14:23:57.148Z [INFO] Found 2 mailboxes for user uid-e377651c-b17d-4e14-bbaf-bb565874eaee.
2025-10-29T14:23:57.148Z [INFO] GET /api/mailboxes/user/uid-e377651c-b17d-4e14-bbaf-bb565874eaee - 200
2025-10-29T14:24:38.209Z [INFO] GET / - 200
2025-10-29T14:24:38.232Z [INFO] GET /style.css - 200
2025-10-29T14:24:38.232Z [INFO] GET /script.js - 200
2025-10-29T14:24:38.286Z [DEBUG] Basic Auth attempt for user: admin
2025-10-29T14:24:38.286Z [INFO] Basic Auth successful for user: admin
2025-10-29T14:24:38.286Z [INFO] Request received to list users.
2025-10-29T14:24:38.287Z [DEBUG] Making API call: GET https://my.luxurydmc.travel/api/v1/users
2025-10-29T14:24:38.287Z [DEBUG] Making API call: GET https://my.luxurydmc.travel/api/v1/groups/gid-5d8b1201-3e87-415f-ab4c-66bf5ed523f3
2025-10-29T14:24:38.287Z [DEBUG] Basic Auth attempt for user: admin
2025-10-29T14:24:38.288Z [INFO] Basic Auth successful for user: admin
2025-10-29T14:24:38.288Z [INFO] Using configured mail domains: luxurydmc.travel, luxurydestinationtourism.com
2025-10-29T14:24:38.288Z [DEBUG] Making API call: GET https://my.luxurydmc.travel/api/v1/users
2025-10-29T14:24:38.288Z [DEBUG] Making API call: GET https://my.luxurydmc.travel/api/v1/mail/luxurydmc.travel/mailboxes
2025-10-29T14:24:38.289Z [DEBUG] Basic Auth attempt for user: admin
2025-10-29T14:24:38.289Z [INFO] Basic Auth successful for user: admin
2025-10-29T14:24:38.289Z [INFO] Serving config with valid domains: {"domains":["luxurydmc.travel","luxurydestinationtourism.com"],"brandName":"Streamway"}
2025-10-29T14:24:38.289Z [INFO] GET /api/config - 200
2025-10-29T14:24:38.352Z [DEBUG] API call successful: GET https://my.luxurydmc.travel/api/v1/groups/gid-5d8b1201-3e87-415f-ab4c-66bf5ed523f3
2025-10-29T14:24:38.407Z [DEBUG] API call successful: GET https://my.luxurydmc.travel/api/v1/users
2025-10-29T14:24:38.408Z [INFO] Found 25 users in group, returning 25 after exclusions.
2025-10-29T14:24:38.408Z [INFO] GET /api/users - 200
2025-10-29T14:24:38.421Z [DEBUG] API call successful: GET https://my.luxurydmc.travel/api/v1/users
2025-10-29T14:24:38.422Z [DEBUG] API call successful: GET https://my.luxurydmc.travel/api/v1/mail/luxurydmc.travel/mailboxes
2025-10-29T14:24:38.422Z [DEBUG] Making API call: GET https://my.luxurydmc.travel/api/v1/mail/luxurydestinationtourism.com/mailboxes
2025-10-29T14:24:38.483Z [DEBUG] API call successful: GET https://my.luxurydmc.travel/api/v1/mail/luxurydestinationtourism.com/mailboxes
2025-10-29T14:24:38.484Z [INFO] Found 31 total mailboxes, returning 25 after exclusions.
2025-10-29T14:24:38.484Z [INFO] GET /api/mailboxes - 200
2025-10-29T14:24:51.834Z [DEBUG] Basic Auth attempt for user: admin
2025-10-29T14:24:51.834Z [INFO] Basic Auth successful for user: admin
2025-10-29T14:24:51.834Z [DEBUG] Making API call: DELETE https://my.luxurydmc.travel/api/v1/mail/luxurydmc.travel/mailboxes/xxxxxxxxxxxxxxxx
2025-10-29T14:24:51.917Z [DEBUG] API call successful: DELETE https://my.luxurydmc.travel/api/v1/mail/luxurydmc.travel/mailboxes/xxxxxxxxxxxxxxxx
2025-10-29T14:24:51.942Z [INFO] [AUDIT] Deleted mailbox 'xxxxxxxxxxxxxxxx@luxurydmc.travel'
2025-10-29T14:24:51.942Z [INFO] DELETE /api/mailboxes/luxurydmc.travel/xxxxxxxxxxxxxxxx - 200
2025-10-29T14:24:51.951Z [DEBUG] Basic Auth attempt for user: admin
2025-10-29T14:24:51.951Z [INFO] Basic Auth successful for user: admin
2025-10-29T14:24:51.951Z [INFO] Request received to list users.
2025-10-29T14:24:51.952Z [DEBUG] Making API call: GET https://my.luxurydmc.travel/api/v1/users
2025-10-29T14:24:51.952Z [DEBUG] Making API call: GET https://my.luxurydmc.travel/api/v1/groups/gid-5d8b1201-3e87-415f-ab4c-66bf5ed523f3
2025-10-29T14:24:51.953Z [DEBUG] Basic Auth attempt for user: admin
2025-10-29T14:24:51.954Z [INFO] Basic Auth successful for user: admin
2025-10-29T14:24:51.954Z [INFO] Using configured mail domains: luxurydmc.travel, luxurydestinationtourism.com
2025-10-29T14:24:51.954Z [DEBUG] Making API call: GET https://my.luxurydmc.travel/api/v1/users
2025-10-29T14:24:51.954Z [DEBUG] Making API call: GET https://my.luxurydmc.travel/api/v1/mail/luxurydmc.travel/mailboxes
2025-10-29T14:24:51.955Z [DEBUG] Basic Auth attempt for user: admin
2025-10-29T14:24:51.955Z [INFO] Basic Auth successful for user: admin
2025-10-29T14:24:51.955Z [INFO] Serving config with valid domains: {"domains":["luxurydmc.travel","luxurydestinationtourism.com"],"brandName":"Streamway"}
2025-10-29T14:24:51.955Z [INFO] GET /api/config - 200
2025-10-29T14:24:52.016Z [DEBUG] API call successful: GET https://my.luxurydmc.travel/api/v1/users
2025-10-29T14:24:52.072Z [DEBUG] API call successful: GET https://my.luxurydmc.travel/api/v1/groups/gid-5d8b1201-3e87-415f-ab4c-66bf5ed523f3
2025-10-29T14:24:52.072Z [INFO] Found 25 users in group, returning 25 after exclusions.
2025-10-29T14:24:52.073Z [INFO] GET /api/users - 200
2025-10-29T14:24:52.082Z [DEBUG] API call successful: GET https://my.luxurydmc.travel/api/v1/mail/luxurydmc.travel/mailboxes
2025-10-29T14:24:52.083Z [DEBUG] Making API call: GET https://my.luxurydmc.travel/api/v1/mail/luxurydestinationtourism.com/mailboxes
2025-10-29T14:24:52.084Z [DEBUG] API call successful: GET https://my.luxurydmc.travel/api/v1/users
2025-10-29T14:24:52.143Z [DEBUG] API call successful: GET https://my.luxurydmc.travel/api/v1/mail/luxurydestinationtourism.com/mailboxes
2025-10-29T14:24:52.143Z [INFO] Found 30 total mailboxes, returning 24 after exclusions.
2025-10-29T14:24:52.143Z [INFO] GET /api/mailboxes - 200
2025-10-29T14:25:24.335Z [DEBUG] Basic Auth attempt for user: admin
2025-10-29T14:25:24.335Z [INFO] Basic Auth successful for user: admin
2025-10-29T14:25:24.336Z [DEBUG] Making API call: GET https://my.luxurydmc.travel/api/v1/users?search=ra
2025-10-29T14:25:24.431Z [DEBUG] API call successful: GET https://my.luxurydmc.travel/api/v1/users?search=ra
2025-10-29T14:25:24.431Z [INFO] GET /api/users/ra/exists - 200
2025-10-29T14:25:25.178Z [DEBUG] Basic Auth attempt for user: admin
2025-10-29T14:25:25.179Z [INFO] Basic Auth successful for user: admin
2025-10-29T14:25:25.179Z [DEBUG] Making API call: GET https://my.luxurydmc.travel/api/v1/users?search=ram
2025-10-29T14:25:25.267Z [DEBUG] API call successful: GET https://my.luxurydmc.travel/api/v1/users?search=ram
2025-10-29T14:25:25.268Z [INFO] GET /api/users/ram/exists - 200
2025-10-29T14:41:18.251Z [INFO] Application starting...
2025-10-29T14:41:18.252Z [INFO] Running pre-flight checks...
2025-10-29T14:41:18.252Z [INFO] Using configured mail domains: luxurydmc.travel, luxurydestinationtourism.com
2025-10-29T14:41:18.252Z [INFO] Starting in development mode.
2025-10-29T14:41:18.253Z [INFO] Server starting on http://localhost:8020
2025-10-29T14:41:56.689Z [INFO] Application starting...
2025-10-29T14:41:56.690Z [INFO] Running pre-flight checks...
2025-10-29T14:41:56.691Z [INFO] Using configured mail domains: luxurydmc.travel, luxurydestinationtourism.com
2025-10-29T14:41:56.691Z [INFO] Starting in development mode.
2025-10-29T14:41:56.691Z [INFO] Server starting on http://localhost:8020
2025-10-29T14:50:04.967Z [INFO] GET / - 200
2025-10-29T14:50:04.985Z [INFO] GET /style.css - 200
2025-10-29T14:50:04.986Z [INFO] GET /script.js - 200
2025-10-29T14:50:05.039Z [DEBUG] Basic Auth attempt for user: admin
2025-10-29T14:50:05.040Z [INFO] Basic Auth successful for user: admin
2025-10-29T14:50:05.040Z [INFO] Request received to list users.
2025-10-29T14:50:05.040Z [INFO] No cached group ID. Fetching group info for "luxurydmc"...
2025-10-29T14:50:05.040Z [DEBUG] Making API call: GET https://my.luxurydmc.travel/api/v1/groups?search=luxurydmc
2025-10-29T14:50:05.043Z [DEBUG] Basic Auth attempt for user: admin
2025-10-29T14:50:05.043Z [INFO] Basic Auth successful for user: admin
2025-10-29T14:50:05.043Z [INFO] Using configured mail domains: luxurydmc.travel, luxurydestinationtourism.com
2025-10-29T14:50:05.047Z [DEBUG] Making API call: GET https://my.luxurydmc.travel/api/v1/users
2025-10-29T14:50:05.048Z [DEBUG] Making API call: GET https://my.luxurydmc.travel/api/v1/mail/luxurydmc.travel/mailboxes
2025-10-29T14:50:05.219Z [DEBUG] Basic Auth attempt for user: admin
2025-10-29T14:50:05.219Z [INFO] Basic Auth successful for user: admin
2025-10-29T14:50:05.220Z [INFO] Serving config with valid domains: {"domains":["luxurydmc.travel","luxurydestinationtourism.com"],"brandName":"Streamway"}
2025-10-29T14:50:05.221Z [INFO] GET /api/config - 200
2025-10-29T14:50:05.364Z [DEBUG] API call successful: GET https://my.luxurydmc.travel/api/v1/groups?search=luxurydmc
2025-10-29T14:50:05.367Z [INFO] Managing users for group: luxurydmc (ID: gid-5d8b1201-3e87-415f-ab4c-66bf5ed523f3)
2025-10-29T14:50:05.368Z [DEBUG] Making API call: GET https://my.luxurydmc.travel/api/v1/users
2025-10-29T14:50:05.370Z [DEBUG] Making API call: GET https://my.luxurydmc.travel/api/v1/groups/gid-5d8b1201-3e87-415f-ab4c-66bf5ed523f3
2025-10-29T14:50:05.425Z [DEBUG] API call successful: GET https://my.luxurydmc.travel/api/v1/mail/luxurydmc.travel/mailboxes
2025-10-29T14:50:05.425Z [DEBUG] Making API call: GET https://my.luxurydmc.travel/api/v1/mail/luxurydestinationtourism.com/mailboxes
2025-10-29T14:50:05.427Z [DEBUG] API call successful: GET https://my.luxurydmc.travel/api/v1/users
2025-10-29T14:50:05.502Z [DEBUG] API call successful: GET https://my.luxurydmc.travel/api/v1/groups/gid-5d8b1201-3e87-415f-ab4c-66bf5ed523f3
2025-10-29T14:50:05.505Z [DEBUG] API call successful: GET https://my.luxurydmc.travel/api/v1/users
2025-10-29T14:50:05.506Z [INFO] Found 25 users in group, returning 25 after exclusions.
2025-10-29T14:50:05.507Z [INFO] GET /api/users - 200
2025-10-29T14:50:05.567Z [DEBUG] API call successful: GET https://my.luxurydmc.travel/api/v1/mail/luxurydestinationtourism.com/mailboxes
2025-10-29T14:50:05.568Z [INFO] Found 30 total mailboxes, returning 24 after exclusions.
2025-10-29T14:50:05.568Z [INFO] GET /api/mailboxes - 200
2025-10-29T14:52:55.211Z [DEBUG] Basic Auth attempt for user: admin
2025-10-29T14:52:55.212Z [INFO] Basic Auth successful for user: admin
2025-10-29T14:52:55.213Z [DEBUG] Making API call: GET https://my.luxurydmc.travel/api/v1/users?search=ra
2025-10-29T14:52:55.532Z [DEBUG] API call successful: GET https://my.luxurydmc.travel/api/v1/users?search=ra
2025-10-29T14:52:55.533Z [INFO] GET /api/users/ra/exists - 200
2025-10-29T14:52:55.819Z [DEBUG] Basic Auth attempt for user: admin
2025-10-29T14:52:55.820Z [INFO] Basic Auth successful for user: admin
2025-10-29T14:52:55.820Z [DEBUG] Making API call: GET https://my.luxurydmc.travel/api/v1/users?search=ram
2025-10-29T14:52:55.878Z [DEBUG] API call successful: GET https://my.luxurydmc.travel/api/v1/users?search=ram
2025-10-29T14:52:55.880Z [INFO] GET /api/users/ram/exists - 200
2025-10-29T14:54:08.748Z [INFO] GET / - 200
2025-10-29T14:54:08.766Z [INFO] GET /style.css - 200
2025-10-29T14:54:08.767Z [INFO] GET /script.js - 200
2025-10-29T14:54:08.819Z [DEBUG] Basic Auth attempt for user: admin
2025-10-29T14:54:08.820Z [INFO] Basic Auth successful for user: admin
2025-10-29T14:54:08.820Z [INFO] Request received to list users.
2025-10-29T14:54:08.820Z [DEBUG] Making API call: GET https://my.luxurydmc.travel/api/v1/users
2025-10-29T14:54:08.820Z [DEBUG] Making API call: GET https://my.luxurydmc.travel/api/v1/groups/gid-5d8b1201-3e87-415f-ab4c-66bf5ed523f3
2025-10-29T14:54:08.821Z [DEBUG] Basic Auth attempt for user: admin
2025-10-29T14:54:08.821Z [INFO] Basic Auth successful for user: admin
2025-10-29T14:54:08.822Z [INFO] Using configured mail domains: luxurydmc.travel, luxurydestinationtourism.com
2025-10-29T14:54:08.822Z [DEBUG] Making API call: GET https://my.luxurydmc.travel/api/v1/users
2025-10-29T14:54:08.822Z [DEBUG] Making API call: GET https://my.luxurydmc.travel/api/v1/mail/luxurydmc.travel/mailboxes
2025-10-29T14:54:08.823Z [DEBUG] Basic Auth attempt for user: admin
2025-10-29T14:54:08.823Z [INFO] Basic Auth successful for user: admin
2025-10-29T14:54:08.823Z [INFO] Serving config with valid domains: {"domains":["luxurydmc.travel","luxurydestinationtourism.com"],"brandName":"Streamway"}
2025-10-29T14:54:08.823Z [INFO] GET /api/config - 200
2025-10-29T14:54:09.037Z [DEBUG] API call successful: GET https://my.luxurydmc.travel/api/v1/groups/gid-5d8b1201-3e87-415f-ab4c-66bf5ed523f3
2025-10-29T14:54:09.073Z [DEBUG] API call successful: GET https://my.luxurydmc.travel/api/v1/users
2025-10-29T14:54:09.073Z [INFO] Found 25 users in group, returning 25 after exclusions.
2025-10-29T14:54:09.073Z [INFO] GET /api/users - 200
2025-10-29T14:54:09.081Z [DEBUG] API call successful: GET https://my.luxurydmc.travel/api/v1/mail/luxurydmc.travel/mailboxes
2025-10-29T14:54:09.082Z [DEBUG] Making API call: GET https://my.luxurydmc.travel/api/v1/mail/luxurydestinationtourism.com/mailboxes
2025-10-29T14:54:09.083Z [DEBUG] API call successful: GET https://my.luxurydmc.travel/api/v1/users
2025-10-29T14:54:09.136Z [DEBUG] API call successful: GET https://my.luxurydmc.travel/api/v1/mail/luxurydestinationtourism.com/mailboxes
2025-10-29T14:54:09.136Z [INFO] Found 30 total mailboxes, returning 24 after exclusions.
2025-10-29T14:54:09.136Z [INFO] GET /api/mailboxes - 200
2025-10-29T14:54:13.192Z [DEBUG] Basic Auth attempt for user: admin
2025-10-29T14:54:13.192Z [INFO] Basic Auth successful for user: admin
2025-10-29T14:54:13.192Z [DEBUG] Making API call: GET https://my.luxurydmc.travel/api/v1/users?search=ra
2025-10-29T14:54:13.262Z [DEBUG] API call successful: GET https://my.luxurydmc.travel/api/v1/users?search=ra
2025-10-29T14:54:13.262Z [INFO] GET /api/users/ra/exists - 200
2025-10-29T14:54:13.857Z [DEBUG] Basic Auth attempt for user: admin
2025-10-29T14:54:13.858Z [INFO] Basic Auth successful for user: admin
2025-10-29T14:54:13.858Z [DEBUG] Making API call: GET https://my.luxurydmc.travel/api/v1/users?search=ram
2025-10-29T14:54:13.915Z [DEBUG] API call successful: GET https://my.luxurydmc.travel/api/v1/users?search=ram
2025-10-29T14:54:13.916Z [INFO] GET /api/users/ram/exists - 200
2025-10-29T14:54:56.815Z [DEBUG] Basic Auth attempt for user: admin
2025-10-29T14:54:56.816Z [INFO] Basic Auth successful for user: admin
2025-10-29T14:54:56.818Z [DEBUG] Making API call: GET https://my.luxurydmc.travel/api/v1/mail/luxurydmc.travel/mailboxes/ra
2025-10-29T14:54:56.871Z [ERROR] API call failed: GET https://my.luxurydmc.travel/api/v1/mail/luxurydmc.travel/mailboxes/ra {"status":404,"body":"{\n  \"status\": \"Not Found\",\n  \"message\": \"Mailbox not found\"\n}"}
2025-10-29T14:54:56.871Z [INFO] GET /api/mailboxes/luxurydmc.travel/ra/exists - 200
2025-10-29T14:54:58.297Z [DEBUG] Basic Auth attempt for user: admin
2025-10-29T14:54:58.297Z [INFO] Basic Auth successful for user: admin
2025-10-29T14:54:58.298Z [DEBUG] Making API call: GET https://my.luxurydmc.travel/api/v1/mail/luxurydmc.travel/mailboxes/ramjivan
2025-10-29T14:54:58.352Z [ERROR] API call failed: GET https://my.luxurydmc.travel/api/v1/mail/luxurydmc.travel/mailboxes/ramjivan {"status":404,"body":"{\n  \"status\": \"Not Found\",\n  \"message\": \"Mailbox not found\"\n}"}
2025-10-29T14:54:58.353Z [INFO] GET /api/mailboxes/luxurydmc.travel/ramjivan/exists - 200
2025-10-29T14:55:19.696Z [DEBUG] Basic Auth attempt for user: admin
2025-10-29T14:55:19.696Z [INFO] Basic Auth successful for user: admin
2025-10-29T14:55:19.697Z [INFO] Request received to create a new user.
2025-10-29T14:55:19.697Z [DEBUG] Making API call: POST https://my.luxurydmc.travel/api/v1/users
2025-10-29T14:55:19.854Z [DEBUG] API call successful: POST https://my.luxurydmc.travel/api/v1/users
2025-10-29T14:55:19.874Z [INFO] Password for new user uid-eb20c86f-4e22-47ba-8dcf-d0f4b4095537 stored in KV.
2025-10-29T14:55:19.884Z [INFO] [AUDIT] Created user 'ram' (ID: uid-eb20c86f-4e22-47ba-8dcf-d0f4b4095537)
2025-10-29T14:55:19.885Z [DEBUG] Making API call: GET https://my.luxurydmc.travel/api/v1/groups/gid-5d8b1201-3e87-415f-ab4c-66bf5ed523f3
2025-10-29T14:55:19.961Z [DEBUG] API call successful: GET https://my.luxurydmc.travel/api/v1/groups/gid-5d8b1201-3e87-415f-ab4c-66bf5ed523f3
2025-10-29T14:55:19.962Z [DEBUG] Making API call: PUT https://my.luxurydmc.travel/api/v1/groups/gid-5d8b1201-3e87-415f-ab4c-66bf5ed523f3/members
2025-10-29T14:55:20.115Z [DEBUG] API call successful: PUT https://my.luxurydmc.travel/api/v1/groups/gid-5d8b1201-3e87-415f-ab4c-66bf5ed523f3/members
2025-10-29T14:55:20.130Z [INFO] [AUDIT] Added user 'ram' to group 'luxurydmc'
2025-10-29T14:55:20.131Z [DEBUG] Making API call: POST https://my.luxurydmc.travel/api/v1/mail/luxurydmc.travel/mailboxes
2025-10-29T14:55:20.200Z [DEBUG] API call successful: POST https://my.luxurydmc.travel/api/v1/mail/luxurydmc.travel/mailboxes
2025-10-29T14:55:20.211Z [INFO] [AUDIT] Created default mailbox 'ramjivan@luxurydmc.travel' for 'ram'
2025-10-29T14:55:20.212Z [INFO] Successfully created user 'ram'.
2025-10-29T14:55:20.212Z [INFO] POST /api/users - 201
2025-10-29T14:55:20.235Z [DEBUG] Basic Auth attempt for user: admin
2025-10-29T14:55:20.236Z [INFO] Basic Auth successful for user: admin
2025-10-29T14:55:20.236Z [INFO] Request received to list users.
2025-10-29T14:55:20.236Z [DEBUG] Making API call: GET https://my.luxurydmc.travel/api/v1/users
2025-10-29T14:55:20.237Z [DEBUG] Making API call: GET https://my.luxurydmc.travel/api/v1/groups/gid-5d8b1201-3e87-415f-ab4c-66bf5ed523f3
2025-10-29T14:55:20.241Z [DEBUG] Basic Auth attempt for user: admin
2025-10-29T14:55:20.242Z [INFO] Basic Auth successful for user: admin
2025-10-29T14:55:20.242Z [INFO] Using configured mail domains: luxurydmc.travel, luxurydestinationtourism.com
2025-10-29T14:55:20.242Z [DEBUG] Making API call: GET https://my.luxurydmc.travel/api/v1/users
2025-10-29T14:55:20.242Z [DEBUG] Making API call: GET https://my.luxurydmc.travel/api/v1/mail/luxurydmc.travel/mailboxes
2025-10-29T14:55:20.244Z [DEBUG] Basic Auth attempt for user: admin
2025-10-29T14:55:20.244Z [INFO] Basic Auth successful for user: admin
2025-10-29T14:55:20.244Z [INFO] Serving config with valid domains: {"domains":["luxurydmc.travel","luxurydestinationtourism.com"],"brandName":"Streamway"}
2025-10-29T14:55:20.244Z [INFO] GET /api/config - 200
2025-10-29T14:55:20.324Z [DEBUG] API call successful: GET https://my.luxurydmc.travel/api/v1/groups/gid-5d8b1201-3e87-415f-ab4c-66bf5ed523f3
2025-10-29T14:55:20.391Z [DEBUG] API call successful: GET https://my.luxurydmc.travel/api/v1/users
2025-10-29T14:55:20.391Z [INFO] Found 25 users in group, returning 25 after exclusions.
2025-10-29T14:55:20.391Z [INFO] GET /api/users - 200
2025-10-29T14:55:20.392Z [DEBUG] API call successful: GET https://my.luxurydmc.travel/api/v1/mail/luxurydmc.travel/mailboxes
2025-10-29T14:55:20.393Z [DEBUG] Making API call: GET https://my.luxurydmc.travel/api/v1/mail/luxurydestinationtourism.com/mailboxes
2025-10-29T14:55:20.403Z [DEBUG] API call successful: GET https://my.luxurydmc.travel/api/v1/users
2025-10-29T14:55:20.465Z [DEBUG] API call successful: GET https://my.luxurydmc.travel/api/v1/mail/luxurydestinationtourism.com/mailboxes
2025-10-29T14:55:20.466Z [INFO] Found 31 total mailboxes, returning 24 after exclusions.
2025-10-29T14:55:20.466Z [INFO] GET /api/mailboxes - 200
2025-10-29T14:55:24.066Z [INFO] GET / - 200
2025-10-29T14:55:24.082Z [INFO] GET /style.css - 200
2025-10-29T14:55:24.083Z [INFO] GET /script.js - 200
2025-10-29T14:55:24.133Z [DEBUG] Basic Auth attempt for user: admin
2025-10-29T14:55:24.133Z [INFO] Basic Auth successful for user: admin
2025-10-29T14:55:24.133Z [INFO] Request received to list users.
2025-10-29T14:55:24.133Z [DEBUG] Making API call: GET https://my.luxurydmc.travel/api/v1/users
2025-10-29T14:55:24.134Z [DEBUG] Making API call: GET https://my.luxurydmc.travel/api/v1/groups/gid-5d8b1201-3e87-415f-ab4c-66bf5ed523f3
2025-10-29T14:55:24.136Z [DEBUG] Basic Auth attempt for user: admin
2025-10-29T14:55:24.136Z [INFO] Basic Auth successful for user: admin
2025-10-29T14:55:24.136Z [INFO] Using configured mail domains: luxurydmc.travel, luxurydestinationtourism.com
2025-10-29T14:55:24.136Z [DEBUG] Making API call: GET https://my.luxurydmc.travel/api/v1/users
2025-10-29T14:55:24.136Z [DEBUG] Making API call: GET https://my.luxurydmc.travel/api/v1/mail/luxurydmc.travel/mailboxes
2025-10-29T14:55:24.137Z [DEBUG] Basic Auth attempt for user: admin
2025-10-29T14:55:24.138Z [INFO] Basic Auth successful for user: admin
2025-10-29T14:55:24.138Z [INFO] Serving config with valid domains: {"domains":["luxurydmc.travel","luxurydestinationtourism.com"],"brandName":"Streamway"}
2025-10-29T14:55:24.138Z [INFO] GET /api/config - 200
2025-10-29T14:55:24.195Z [DEBUG] API call successful: GET https://my.luxurydmc.travel/api/v1/groups/gid-5d8b1201-3e87-415f-ab4c-66bf5ed523f3
2025-10-29T14:55:24.242Z [DEBUG] API call successful: GET https://my.luxurydmc.travel/api/v1/users
2025-10-29T14:55:24.243Z [INFO] Found 25 users in group, returning 25 after exclusions.
2025-10-29T14:55:24.243Z [INFO] GET /api/users - 200
2025-10-29T14:55:24.254Z [DEBUG] API call successful: GET https://my.luxurydmc.travel/api/v1/mail/luxurydmc.travel/mailboxes
2025-10-29T14:55:24.254Z [DEBUG] Making API call: GET https://my.luxurydmc.travel/api/v1/mail/luxurydestinationtourism.com/mailboxes
2025-10-29T14:55:24.256Z [DEBUG] API call successful: GET https://my.luxurydmc.travel/api/v1/users
2025-10-29T14:55:24.313Z [DEBUG] API call successful: GET https://my.luxurydmc.travel/api/v1/mail/luxurydestinationtourism.com/mailboxes
2025-10-29T14:55:24.314Z [INFO] Found 31 total mailboxes, returning 24 after exclusions.
2025-10-29T14:55:24.315Z [INFO] GET /api/mailboxes - 200
2025-10-29T14:55:42.227Z [INFO] GET / - 200
2025-10-29T14:55:42.249Z [INFO] GET /style.css - 200
2025-10-29T14:55:42.252Z [INFO] GET /script.js - 200
2025-10-29T14:55:42.313Z [DEBUG] Basic Auth attempt for user: admin
2025-10-29T14:55:42.313Z [INFO] Basic Auth successful for user: admin
2025-10-29T14:55:42.313Z [INFO] Request received to list users.
2025-10-29T14:55:42.313Z [DEBUG] Basic Auth attempt for user: admin
2025-10-29T14:55:42.313Z [INFO] Basic Auth successful for user: admin
2025-10-29T14:55:42.314Z [INFO] Using configured mail domains: luxurydmc.travel, luxurydestinationtourism.com
2025-10-29T14:55:42.314Z [DEBUG] Making API call: GET https://my.luxurydmc.travel/api/v1/users
2025-10-29T14:55:42.315Z [DEBUG] Basic Auth attempt for user: admin
2025-10-29T14:55:42.315Z [INFO] Basic Auth successful for user: admin
2025-10-29T14:55:42.315Z [INFO] Serving config with valid domains: {"domains":["luxurydmc.travel","luxurydestinationtourism.com"],"brandName":"Streamway"}
2025-10-29T14:55:42.315Z [DEBUG] Making API call: GET https://my.luxurydmc.travel/api/v1/users
2025-10-29T14:55:42.316Z [DEBUG] Making API call: GET https://my.luxurydmc.travel/api/v1/groups/gid-5d8b1201-3e87-415f-ab4c-66bf5ed523f3
2025-10-29T14:55:42.316Z [DEBUG] Making API call: GET https://my.luxurydmc.travel/api/v1/mail/luxurydmc.travel/mailboxes
2025-10-29T14:55:42.316Z [INFO] GET /api/config - 200
2025-10-29T14:55:42.404Z [DEBUG] API call successful: GET https://my.luxurydmc.travel/api/v1/groups/gid-5d8b1201-3e87-415f-ab4c-66bf5ed523f3
2025-10-29T14:55:42.405Z [DEBUG] API call successful: GET https://my.luxurydmc.travel/api/v1/mail/luxurydmc.travel/mailboxes
2025-10-29T14:55:42.406Z [DEBUG] Making API call: GET https://my.luxurydmc.travel/api/v1/mail/luxurydestinationtourism.com/mailboxes
2025-10-29T14:55:42.452Z [DEBUG] API call successful: GET https://my.luxurydmc.travel/api/v1/users
2025-10-29T14:55:42.453Z [INFO] Found 25 users in group, returning 25 after exclusions.
2025-10-29T14:55:42.454Z [INFO] GET /api/users - 200
2025-10-29T14:55:42.469Z [DEBUG] API call successful: GET https://my.luxurydmc.travel/api/v1/users
2025-10-29T14:55:42.470Z [DEBUG] API call successful: GET https://my.luxurydmc.travel/api/v1/mail/luxurydestinationtourism.com/mailboxes
2025-10-29T14:55:42.471Z [INFO] Found 31 total mailboxes, returning 24 after exclusions.
2025-10-29T14:55:42.472Z [INFO] GET /api/mailboxes - 200
2025-10-29T14:58:37.787Z [INFO] Application starting...
2025-10-29T14:58:37.788Z [INFO] Running pre-flight checks...
2025-10-29T14:58:37.788Z [INFO] Using configured mail domains: luxurydmc.travel, luxurydestinationtourism.com
2025-10-29T14:58:37.789Z [INFO] Starting in development mode.
2025-10-29T14:58:37.789Z [INFO] Server starting on http://localhost:8020
2025-10-29T14:58:57.655Z [INFO] Application starting...
2025-10-29T14:58:57.657Z [INFO] Running pre-flight checks...
2025-10-29T14:58:57.657Z [INFO] Using configured mail domains: luxurydmc.travel, luxurydestinationtourism.com
2025-10-29T14:58:57.657Z [INFO] Starting in development mode.
2025-10-29T14:58:57.657Z [INFO] Server starting on http://localhost:8020
2025-10-29T15:02:54.519Z [INFO] GET / - 200
2025-10-29T15:02:54.550Z [INFO] GET /style.css - 200
2025-10-29T15:02:54.552Z [INFO] GET /script.js - 200
2025-10-29T15:02:54.604Z [DEBUG] Basic Auth attempt for user: admin
2025-10-29T15:02:54.604Z [INFO] Basic Auth successful for user: admin
2025-10-29T15:02:54.609Z [INFO] Request received to list users.
2025-10-29T15:02:54.609Z [INFO] No cached group ID. Fetching group info for "luxurydmc"...
2025-10-29T15:02:54.609Z [DEBUG] Making API call: GET https://my.luxurydmc.travel/api/v1/groups?search=luxurydmc
2025-10-29T15:02:54.611Z [DEBUG] Basic Auth attempt for user: admin
2025-10-29T15:02:54.612Z [INFO] Basic Auth successful for user: admin
2025-10-29T15:02:54.612Z [INFO] Using configured mail domains: luxurydmc.travel, luxurydestinationtourism.com
2025-10-29T15:02:54.612Z [DEBUG] Making API call: GET https://my.luxurydmc.travel/api/v1/users
2025-10-29T15:02:54.616Z [DEBUG] Making API call: GET https://my.luxurydmc.travel/api/v1/mail/luxurydmc.travel/mailboxes
2025-10-29T15:02:54.778Z [DEBUG] Basic Auth attempt for user: admin
2025-10-29T15:02:54.778Z [INFO] Basic Auth successful for user: admin
2025-10-29T15:02:54.778Z [INFO] Serving config with valid domains: {"domains":["luxurydmc.travel","luxurydestinationtourism.com"],"brandName":"Streamway"}
2025-10-29T15:02:54.779Z [INFO] GET /api/config - 200
2025-10-29T15:02:54.927Z [DEBUG] API call successful: GET https://my.luxurydmc.travel/api/v1/mail/luxurydmc.travel/mailboxes
2025-10-29T15:02:54.927Z [DEBUG] API call successful: GET https://my.luxurydmc.travel/api/v1/groups?search=luxurydmc
2025-10-29T15:02:54.931Z [DEBUG] Making API call: GET https://my.luxurydmc.travel/api/v1/mail/luxurydestinationtourism.com/mailboxes
2025-10-29T15:02:54.964Z [INFO] Managing users for group: luxurydmc (ID: gid-5d8b1201-3e87-415f-ab4c-66bf5ed523f3)
2025-10-29T15:02:54.965Z [DEBUG] Making API call: GET https://my.luxurydmc.travel/api/v1/users
2025-10-29T15:02:54.967Z [DEBUG] Making API call: GET https://my.luxurydmc.travel/api/v1/groups/gid-5d8b1201-3e87-415f-ab4c-66bf5ed523f3
2025-10-29T15:02:54.990Z [DEBUG] API call successful: GET https://my.luxurydmc.travel/api/v1/users
2025-10-29T15:02:55.068Z [DEBUG] API call successful: GET https://my.luxurydmc.travel/api/v1/users
2025-10-29T15:02:55.069Z [DEBUG] API call successful: GET https://my.luxurydmc.travel/api/v1/groups/gid-5d8b1201-3e87-415f-ab4c-66bf5ed523f3
2025-10-29T15:02:55.069Z [DEBUG] API call successful: GET https://my.luxurydmc.travel/api/v1/mail/luxurydestinationtourism.com/mailboxes
2025-10-29T15:02:55.070Z [INFO] Found 25 users in group, returning 25 after exclusions.
2025-10-29T15:02:55.070Z [INFO] Found 29 total mailboxes, returning 24 after exclusions.
2025-10-29T15:02:55.071Z [INFO] GET /api/users - 200
2025-10-29T15:02:55.071Z [INFO] GET /api/mailboxes - 200
2025-10-29T15:03:51.541Z [INFO] GET / - 200
2025-10-29T15:03:51.557Z [INFO] GET /style.css - 200
2025-10-29T15:03:51.559Z [INFO] GET /script.js - 200
2025-10-29T15:03:51.610Z [DEBUG] Basic Auth attempt for user: admin
2025-10-29T15:03:51.610Z [INFO] Basic Auth successful for user: admin
2025-10-29T15:03:51.610Z [INFO] Request received to list users.
2025-10-29T15:03:51.610Z [DEBUG] Making API call: GET https://my.luxurydmc.travel/api/v1/users
2025-10-29T15:03:51.610Z [DEBUG] Making API call: GET https://my.luxurydmc.travel/api/v1/groups/gid-5d8b1201-3e87-415f-ab4c-66bf5ed523f3
2025-10-29T15:03:51.611Z [DEBUG] Basic Auth attempt for user: admin
2025-10-29T15:03:51.611Z [INFO] Basic Auth successful for user: admin
2025-10-29T15:03:51.611Z [INFO] Using configured mail domains: luxurydmc.travel, luxurydestinationtourism.com
2025-10-29T15:03:51.611Z [DEBUG] Making API call: GET https://my.luxurydmc.travel/api/v1/users
2025-10-29T15:03:51.612Z [DEBUG] Basic Auth attempt for user: admin
2025-10-29T15:03:51.612Z [INFO] Basic Auth successful for user: admin
2025-10-29T15:03:51.612Z [INFO] Serving config with valid domains: {"domains":["luxurydmc.travel","luxurydestinationtourism.com"],"brandName":"Streamway"}
2025-10-29T15:03:51.613Z [DEBUG] Making API call: GET https://my.luxurydmc.travel/api/v1/mail/luxurydmc.travel/mailboxes
2025-10-29T15:03:51.613Z [INFO] GET /api/config - 200
2025-10-29T15:03:51.710Z [DEBUG] API call successful: GET https://my.luxurydmc.travel/api/v1/groups/gid-5d8b1201-3e87-415f-ab4c-66bf5ed523f3
2025-10-29T15:03:51.785Z [DEBUG] API call successful: GET https://my.luxurydmc.travel/api/v1/users
2025-10-29T15:03:51.785Z [INFO] Found 25 users in group, returning 25 after exclusions.
2025-10-29T15:03:51.786Z [INFO] GET /api/users - 200
2025-10-29T15:03:51.788Z [DEBUG] API call successful: GET https://my.luxurydmc.travel/api/v1/mail/luxurydmc.travel/mailboxes
2025-10-29T15:03:51.788Z [DEBUG] Making API call: GET https://my.luxurydmc.travel/api/v1/mail/luxurydestinationtourism.com/mailboxes
2025-10-29T15:03:51.807Z [DEBUG] API call successful: GET https://my.luxurydmc.travel/api/v1/users
2025-10-29T15:03:51.883Z [DEBUG] API call successful: GET https://my.luxurydmc.travel/api/v1/mail/luxurydestinationtourism.com/mailboxes
2025-10-29T15:03:51.884Z [INFO] Found 29 total mailboxes, returning 24 after exclusions.
2025-10-29T15:03:51.884Z [INFO] GET /api/mailboxes - 200
2025-10-29T15:04:07.013Z [DEBUG] Basic Auth attempt for user: admin
2025-10-29T15:04:07.013Z [INFO] Basic Auth successful for user: admin
2025-10-29T15:04:07.014Z [DEBUG] Making API call: GET https://my.luxurydmc.travel/api/v1/users?search=ram
2025-10-29T15:04:07.086Z [DEBUG] API call successful: GET https://my.luxurydmc.travel/api/v1/users?search=ram
2025-10-29T15:04:07.087Z [INFO] GET /api/users/ram/exists - 200
2025-10-29T15:04:09.751Z [DEBUG] Basic Auth attempt for user: admin
2025-10-29T15:04:09.751Z [INFO] Basic Auth successful for user: admin
2025-10-29T15:04:09.753Z [DEBUG] Making API call: GET https://my.luxurydmc.travel/api/v1/mail/luxurydmc.travel/mailboxes/ramjivan
2025-10-29T15:04:09.827Z [ERROR] API call failed: GET https://my.luxurydmc.travel/api/v1/mail/luxurydmc.travel/mailboxes/ramjivan {"status":404,"body":"{\n  \"status\": \"Not Found\",\n  \"message\": \"Mailbox not found\"\n}"}
2025-10-29T15:04:09.828Z [INFO] GET /api/mailboxes/luxurydmc.travel/ramjivan/exists - 200
2025-10-29T15:04:20.692Z [DEBUG] Basic Auth attempt for user: admin
2025-10-29T15:04:20.692Z [INFO] Basic Auth successful for user: admin
2025-10-29T15:04:20.693Z [INFO] Request received to create a new user.
2025-10-29T15:04:20.694Z [DEBUG] Making API call: POST https://my.luxurydmc.travel/api/v1/users
2025-10-29T15:04:20.859Z [DEBUG] API call successful: POST https://my.luxurydmc.travel/api/v1/users
2025-10-29T15:04:20.860Z [DEBUG] Making API call: GET https://my.luxurydmc.travel/api/v1/groups?search=luxurydmc
2025-10-29T15:04:20.968Z [DEBUG] API call successful: GET https://my.luxurydmc.travel/api/v1/groups?search=luxurydmc
2025-10-29T15:04:20.969Z [DEBUG] Making API call: GET https://my.luxurydmc.travel/api/v1/groups/gid-5d8b1201-3e87-415f-ab4c-66bf5ed523f3
2025-10-29T15:04:21.083Z [DEBUG] API call successful: GET https://my.luxurydmc.travel/api/v1/groups/gid-5d8b1201-3e87-415f-ab4c-66bf5ed523f3
2025-10-29T15:04:21.084Z [DEBUG] Making API call: PUT https://my.luxurydmc.travel/api/v1/groups/gid-5d8b1201-3e87-415f-ab4c-66bf5ed523f3/members
2025-10-29T15:04:21.277Z [DEBUG] API call successful: PUT https://my.luxurydmc.travel/api/v1/groups/gid-5d8b1201-3e87-415f-ab4c-66bf5ed523f3/members
2025-10-29T15:04:21.278Z [INFO] Successfully added user uid-02e7a5c4-7ad2-458a-9eba-ec7bb7c62776 to group luxurydmc (gid-5d8b1201-3e87-415f-ab4c-66bf5ed523f3).
2025-10-29T15:04:21.302Z [INFO] Password for new user uid-02e7a5c4-7ad2-458a-9eba-ec7bb7c62776 stored in KV.
2025-10-29T15:04:21.320Z [INFO] [AUDIT] Created user 'ram' (ID: uid-02e7a5c4-7ad2-458a-9eba-ec7bb7c62776)
2025-10-29T15:04:21.321Z [DEBUG] Making API call: POST https://my.luxurydmc.travel/api/v1/mail/luxurydmc.travel/mailboxes
2025-10-29T15:04:21.403Z [DEBUG] API call successful: POST https://my.luxurydmc.travel/api/v1/mail/luxurydmc.travel/mailboxes
2025-10-29T15:04:21.419Z [INFO] [AUDIT] Created default mailbox 'ramjivan@luxurydmc.travel' for 'ram'
2025-10-29T15:04:21.420Z [INFO] Successfully created user 'ram'.
2025-10-29T15:04:21.420Z [INFO] POST /api/users - 201
2025-10-29T15:04:21.425Z [DEBUG] Basic Auth attempt for user: admin
2025-10-29T15:04:21.425Z [INFO] Basic Auth successful for user: admin
2025-10-29T15:04:21.425Z [INFO] Request received to list users.
2025-10-29T15:04:21.425Z [DEBUG] Making API call: GET https://my.luxurydmc.travel/api/v1/users
2025-10-29T15:04:21.425Z [DEBUG] Making API call: GET https://my.luxurydmc.travel/api/v1/groups/gid-5d8b1201-3e87-415f-ab4c-66bf5ed523f3
2025-10-29T15:04:21.426Z [DEBUG] Basic Auth attempt for user: admin
2025-10-29T15:04:21.426Z [INFO] Basic Auth successful for user: admin
2025-10-29T15:04:21.426Z [INFO] Using configured mail domains: luxurydmc.travel, luxurydestinationtourism.com
2025-10-29T15:04:21.426Z [DEBUG] Making API call: GET https://my.luxurydmc.travel/api/v1/users
2025-10-29T15:04:21.427Z [DEBUG] Basic Auth attempt for user: admin
2025-10-29T15:04:21.427Z [INFO] Basic Auth successful for user: admin
2025-10-29T15:04:21.427Z [INFO] Serving config with valid domains: {"domains":["luxurydmc.travel","luxurydestinationtourism.com"],"brandName":"Streamway"}
2025-10-29T15:04:21.427Z [DEBUG] Making API call: GET https://my.luxurydmc.travel/api/v1/mail/luxurydmc.travel/mailboxes
2025-10-29T15:04:21.427Z [INFO] GET /api/config - 200
2025-10-29T15:04:21.502Z [DEBUG] API call successful: GET https://my.luxurydmc.travel/api/v1/users
2025-10-29T15:04:21.564Z [DEBUG] API call successful: GET https://my.luxurydmc.travel/api/v1/groups/gid-5d8b1201-3e87-415f-ab4c-66bf5ed523f3
2025-10-29T15:04:21.565Z [INFO] Found 25 users in group, returning 25 after exclusions.
2025-10-29T15:04:21.566Z [INFO] GET /api/users - 200
2025-10-29T15:04:21.578Z [DEBUG] API call successful: GET https://my.luxurydmc.travel/api/v1/users
2025-10-29T15:04:21.579Z [DEBUG] API call successful: GET https://my.luxurydmc.travel/api/v1/mail/luxurydmc.travel/mailboxes
2025-10-29T15:04:21.580Z [DEBUG] Making API call: GET https://my.luxurydmc.travel/api/v1/mail/luxurydestinationtourism.com/mailboxes
2025-10-29T15:04:21.653Z [DEBUG] API call successful: GET https://my.luxurydmc.travel/api/v1/mail/luxurydestinationtourism.com/mailboxes
2025-10-29T15:04:21.653Z [INFO] Found 30 total mailboxes, returning 24 after exclusions.
2025-10-29T15:04:21.654Z [INFO] GET /api/mailboxes - 200
2025-10-29T15:04:24.623Z [INFO] GET / - 200
2025-10-29T15:04:24.639Z [INFO] GET /style.css - 200
2025-10-29T15:04:24.640Z [INFO] GET /script.js - 200
2025-10-29T15:04:24.689Z [DEBUG] Basic Auth attempt for user: admin
2025-10-29T15:04:24.689Z [INFO] Basic Auth successful for user: admin
2025-10-29T15:04:24.690Z [INFO] Request received to list users.
2025-10-29T15:04:24.690Z [DEBUG] Making API call: GET https://my.luxurydmc.travel/api/v1/users
2025-10-29T15:04:24.690Z [DEBUG] Making API call: GET https://my.luxurydmc.travel/api/v1/groups/gid-5d8b1201-3e87-415f-ab4c-66bf5ed523f3
2025-10-29T15:04:24.692Z [DEBUG] Basic Auth attempt for user: admin
2025-10-29T15:04:24.692Z [INFO] Basic Auth successful for user: admin
2025-10-29T15:04:24.692Z [INFO] Using configured mail domains: luxurydmc.travel, luxurydestinationtourism.com
2025-10-29T15:04:24.693Z [DEBUG] Making API call: GET https://my.luxurydmc.travel/api/v1/users
2025-10-29T15:04:24.693Z [DEBUG] Making API call: GET https://my.luxurydmc.travel/api/v1/mail/luxurydmc.travel/mailboxes
2025-10-29T15:04:24.693Z [DEBUG] Basic Auth attempt for user: admin
2025-10-29T15:04:24.694Z [INFO] Basic Auth successful for user: admin
2025-10-29T15:04:24.694Z [INFO] Serving config with valid domains: {"domains":["luxurydmc.travel","luxurydestinationtourism.com"],"brandName":"Streamway"}
2025-10-29T15:04:24.694Z [INFO] GET /api/config - 200
2025-10-29T15:04:24.769Z [DEBUG] API call successful: GET https://my.luxurydmc.travel/api/v1/groups/gid-5d8b1201-3e87-415f-ab4c-66bf5ed523f3
2025-10-29T15:04:24.835Z [DEBUG] API call successful: GET https://my.luxurydmc.travel/api/v1/users
2025-10-29T15:04:24.836Z [INFO] Found 25 users in group, returning 25 after exclusions.
2025-10-29T15:04:24.836Z [INFO] GET /api/users - 200
2025-10-29T15:04:24.849Z [DEBUG] API call successful: GET https://my.luxurydmc.travel/api/v1/mail/luxurydmc.travel/mailboxes
2025-10-29T15:04:24.850Z [DEBUG] Making API call: GET https://my.luxurydmc.travel/api/v1/mail/luxurydestinationtourism.com/mailboxes
2025-10-29T15:04:24.851Z [DEBUG] API call successful: GET https://my.luxurydmc.travel/api/v1/users
2025-10-29T15:04:24.924Z [DEBUG] API call successful: GET https://my.luxurydmc.travel/api/v1/mail/luxurydestinationtourism.com/mailboxes
2025-10-29T15:04:24.924Z [INFO] Found 30 total mailboxes, returning 24 after exclusions.
2025-10-29T15:04:24.924Z [INFO] GET /api/mailboxes - 200
2025-10-30T05:10:32.216Z [INFO] Application starting...
2025-10-30T05:10:32.219Z [INFO] Running pre-flight checks...
2025-10-30T05:10:32.219Z [INFO] Using configured mail domains: luxurydmc.travel, luxurydestinationtourism.com
2025-10-30T05:10:32.219Z [INFO] Starting in development mode.
2025-10-30T05:10:32.219Z [INFO] Server starting on http://localhost:8020
2025-10-30T05:10:38.265Z [INFO] Application starting...
2025-10-30T05:10:38.266Z [INFO] Running pre-flight checks...
2025-10-30T05:10:38.266Z [INFO] Using configured mail domains: luxurydmc.travel, luxurydestinationtourism.com
2025-10-30T05:10:38.267Z [INFO] Starting in development mode.
2025-10-30T05:10:38.267Z [INFO] Server starting on http://localhost:8020
2025-10-30T05:10:47.577Z [INFO] Application starting...
2025-10-30T05:10:47.578Z [INFO] Running pre-flight checks...
2025-10-30T05:10:47.578Z [INFO] Using configured mail domains: luxurydmc.travel, luxurydestinationtourism.com
2025-10-30T05:10:47.579Z [INFO] Starting in development mode.
2025-10-30T05:10:47.579Z [INFO] Server starting on http://localhost:8020
2025-10-30T05:11:57.987Z [INFO] Application starting...
2025-10-30T05:11:57.989Z [INFO] Running pre-flight checks...
2025-10-30T05:11:57.989Z [INFO] Using configured mail domains: luxurydmc.travel, luxurydestinationtourism.com
2025-10-30T05:11:57.989Z [INFO] Starting in development mode.
2025-10-30T05:11:57.989Z [INFO] Server starting on http://localhost:8020
2025-10-30T05:12:12.267Z [INFO] Application starting...
2025-10-30T05:12:12.269Z [INFO] Running pre-flight checks...
2025-10-30T05:12:12.269Z [INFO] Using configured mail domains: luxurydmc.travel, luxurydestinationtourism.com
2025-10-30T05:12:12.269Z [INFO] Starting in development mode.
2025-10-30T05:12:12.269Z [INFO] Server starting on http://localhost:8020
2025-10-30T05:12:55.172Z [INFO] Application starting...
2025-10-30T05:12:55.173Z [INFO] Running pre-flight checks...
2025-10-30T05:12:55.174Z [INFO] Using configured mail domains: luxurydmc.travel, luxurydestinationtourism.com
2025-10-30T05:12:55.174Z [INFO] Starting in development mode.
2025-10-30T05:12:55.174Z [INFO] Server starting on http://localhost:8020
2025-10-30T06:41:16.510Z [INFO] Application starting...
2025-10-30T06:41:16.514Z [INFO] Running pre-flight checks...
2025-10-30T06:41:16.514Z [INFO] Using configured mail domains: luxurydmc.travel, luxurydestinationtourism.com
2025-10-30T06:41:16.514Z [INFO] Starting in development mode.
2025-10-30T06:41:16.514Z [INFO] Server starting on http://localhost:8020
2025-10-30T06:41:20.786Z [INFO] GET / - 200
2025-10-30T06:41:20.807Z [INFO] GET /style.css - 200
2025-10-30T06:41:20.812Z [INFO] GET /script.js - 200
2025-10-30T06:41:20.861Z [DEBUG] Basic Auth attempt for user: admin
2025-10-30T06:41:20.861Z [INFO] Basic Auth successful for user: admin
2025-10-30T06:41:20.861Z [INFO] Request received to list users.
2025-10-30T06:41:20.862Z [INFO] No cached group ID. Fetching group info for "luxurydmc"...
2025-10-30T06:41:20.862Z [DEBUG] Making API call: GET https://my.luxurydmc.travel/api/v1/groups?search=luxurydmc
2025-10-30T06:41:20.864Z [DEBUG] Basic Auth attempt for user: admin
2025-10-30T06:41:20.864Z [INFO] Basic Auth successful for user: admin
2025-10-30T06:41:20.864Z [INFO] Using configured mail domains: luxurydmc.travel, luxurydestinationtourism.com
2025-10-30T06:41:20.864Z [DEBUG] Making API call: GET https://my.luxurydmc.travel/api/v1/users?page=1&per_page=20
2025-10-30T06:41:20.865Z [DEBUG] Making API call: GET https://my.luxurydmc.travel/api/v1/mail/luxurydmc.travel/mailboxes?page=1&per_page=50
2025-10-30T06:41:21.020Z [DEBUG] Basic Auth attempt for user: admin
2025-10-30T06:41:21.021Z [INFO] Basic Auth successful for user: admin
2025-10-30T06:41:21.021Z [INFO] Serving config with valid domains: {"domains":["luxurydmc.travel","luxurydestinationtourism.com"],"brandName":"Streamway"}
2025-10-30T06:41:21.022Z [INFO] GET /api/config - 200
2025-10-30T06:41:21.117Z [DEBUG] API call successful: GET https://my.luxurydmc.travel/api/v1/groups?search=luxurydmc
2025-10-30T06:41:21.119Z [INFO] Managing users for group: luxurydmc (ID: gid-5d8b1201-3e87-415f-ab4c-66bf5ed523f3)
2025-10-30T06:41:21.119Z [DEBUG] Making API call: GET https://my.luxurydmc.travel/api/v1/users?page=1&per_page=50
2025-10-30T06:41:21.120Z [DEBUG] Making API call: GET https://my.luxurydmc.travel/api/v1/groups/gid-5d8b1201-3e87-415f-ab4c-66bf5ed523f3
2025-10-30T06:41:21.141Z [DEBUG] API call successful: GET https://my.luxurydmc.travel/api/v1/mail/luxurydmc.travel/mailboxes?page=1&per_page=50
2025-10-30T06:41:21.142Z [DEBUG] Making API call: GET https://my.luxurydmc.travel/api/v1/mail/luxurydmc.travel/mailboxes?page=2&per_page=50
2025-10-30T06:41:21.165Z [DEBUG] API call successful: GET https://my.luxurydmc.travel/api/v1/users?page=1&per_page=20
2025-10-30T06:41:21.217Z [DEBUG] API call successful: GET https://my.luxurydmc.travel/api/v1/users?page=1&per_page=50
2025-10-30T06:41:21.217Z [DEBUG] API call successful: GET https://my.luxurydmc.travel/api/v1/groups/gid-5d8b1201-3e87-415f-ab4c-66bf5ed523f3
2025-10-30T06:41:21.217Z [DEBUG] API call successful: GET https://my.luxurydmc.travel/api/v1/mail/luxurydmc.travel/mailboxes?page=2&per_page=50
2025-10-30T06:41:21.218Z [DEBUG] Making API call: GET https://my.luxurydmc.travel/api/v1/users?page=2&per_page=50
2025-10-30T06:41:21.219Z [DEBUG] Making API call: GET https://my.luxurydmc.travel/api/v1/mail/luxurydestinationtourism.com/mailboxes?page=1&per_page=50
2025-10-30T06:41:21.286Z [DEBUG] API call successful: GET https://my.luxurydmc.travel/api/v1/users?page=2&per_page=50
2025-10-30T06:41:21.287Z [INFO] Found 33 users in group, returning 32 after exclusions.
2025-10-30T06:41:21.288Z [INFO] GET /api/users - 200
2025-10-30T06:41:21.295Z [DEBUG] API call successful: GET https://my.luxurydmc.travel/api/v1/mail/luxurydestinationtourism.com/mailboxes?page=1&per_page=50
2025-10-30T06:41:21.295Z [DEBUG] Making API call: GET https://my.luxurydmc.travel/api/v1/mail/luxurydestinationtourism.com/mailboxes?page=2&per_page=50
2025-10-30T06:41:21.350Z [DEBUG] API call successful: GET https://my.luxurydmc.travel/api/v1/mail/luxurydestinationtourism.com/mailboxes?page=2&per_page=50
2025-10-30T06:41:21.350Z [INFO] Found 30 total mailboxes, returning 19 after exclusions.
2025-10-30T06:41:21.351Z [INFO] GET /api/mailboxes - 200
2025-10-31T07:56:22.470Z [INFO] Application starting...
2025-10-31T07:56:22.483Z [INFO] Running pre-flight checks...
2025-10-31T07:56:22.484Z [INFO] Using configured mail domains: luxurydmc.travel, luxurydestinationtourism.com
2025-10-31T07:56:22.484Z [INFO] Starting in development mode.
2025-10-31T07:56:22.484Z [INFO] Server starting on http://localhost:8020
2025-10-31T07:56:26.419Z [INFO] GET / - 200
2025-10-31T07:56:26.440Z [INFO] GET /style.css - 200
2025-10-31T07:56:26.486Z [INFO] GET /script.js - 200
2025-10-31T07:56:26.528Z [WARN] Auth failed: Missing or invalid Authorization header.
2025-10-31T07:56:26.529Z [INFO] GET /api/users - 401
2025-10-31T07:56:26.529Z [WARN] Auth failed: Missing or invalid Authorization header.
2025-10-31T07:56:26.530Z [INFO] GET /api/mailboxes - 401
2025-10-31T07:56:26.926Z [WARN] Auth failed: Missing or invalid Authorization header.
2025-10-31T07:56:26.928Z [INFO] GET /api/config - 401
2025-10-31T07:56:26.965Z [INFO] GET /favicon.ico - 404
2025-10-31T07:56:27.861Z [DEBUG] Basic Auth attempt for user: admin
2025-10-31T07:56:27.861Z [INFO] Basic Auth successful for user: admin
2025-10-31T07:56:27.862Z [INFO] Serving config with valid domains: {"domains":["luxurydmc.travel","luxurydestinationtourism.com"],"brandName":"Streamway"}
2025-10-31T07:56:27.862Z [INFO] GET /api/config - 200
2025-10-31T07:56:27.863Z [DEBUG] Basic Auth attempt for user: admin
2025-10-31T07:56:27.863Z [INFO] Basic Auth successful for user: admin
2025-10-31T07:56:27.864Z [INFO] Request received to list users (page: 1, per_page: 25).
2025-10-31T07:56:27.864Z [INFO] No cached group ID. Fetching group info for "luxurydmc"...
2025-10-31T07:56:27.864Z [DEBUG] Making API call: GET https://my.luxurydmc.travel/api/v1/groups?search=luxurydmc
2025-10-31T07:56:27.866Z [DEBUG] Basic Auth attempt for user: admin
2025-10-31T07:56:27.867Z [INFO] Basic Auth successful for user: admin
2025-10-31T07:56:27.867Z [INFO] Using configured mail domains: luxurydmc.travel, luxurydestinationtourism.com
2025-10-31T07:56:27.867Z [DEBUG] Making API call: GET https://my.luxurydmc.travel/api/v1/users?page=1&per_page=20
2025-10-31T07:56:27.868Z [DEBUG] Making API call: GET https://my.luxurydmc.travel/api/v1/mail/luxurydmc.travel/mailboxes?page=1&per_page=50
2025-10-31T07:56:28.081Z [DEBUG] API call successful: GET https://my.luxurydmc.travel/api/v1/users?page=1&per_page=20
2025-10-31T07:56:28.107Z [DEBUG] API call successful: GET https://my.luxurydmc.travel/api/v1/groups?search=luxurydmc
2025-10-31T07:56:28.108Z [INFO] Managing users for group: luxurydmc (ID: gid-5d8b1201-3e87-415f-ab4c-66bf5ed523f3)
2025-10-31T07:56:28.109Z [DEBUG] Making API call: GET https://my.luxurydmc.travel/api/v1/users?page=1&per_page=50
2025-10-31T07:56:28.111Z [DEBUG] Making API call: GET https://my.luxurydmc.travel/api/v1/groups/gid-5d8b1201-3e87-415f-ab4c-66bf5ed523f3
2025-10-31T07:56:28.125Z [DEBUG] API call successful: GET https://my.luxurydmc.travel/api/v1/mail/luxurydmc.travel/mailboxes?page=1&per_page=50
2025-10-31T07:56:28.125Z [DEBUG] Making API call: GET https://my.luxurydmc.travel/api/v1/mail/luxurydmc.travel/mailboxes?page=2&per_page=50
2025-10-31T07:56:28.167Z [DEBUG] API call successful: GET https://my.luxurydmc.travel/api/v1/groups/gid-5d8b1201-3e87-415f-ab4c-66bf5ed523f3
2025-10-31T07:56:28.187Z [DEBUG] API call successful: GET https://my.luxurydmc.travel/api/v1/users?page=1&per_page=50
2025-10-31T07:56:28.188Z [DEBUG] Making API call: GET https://my.luxurydmc.travel/api/v1/users?page=2&per_page=50
2025-10-31T07:56:28.237Z [DEBUG] API call successful: GET https://my.luxurydmc.travel/api/v1/mail/luxurydmc.travel/mailboxes?page=2&per_page=50
2025-10-31T07:56:28.238Z [DEBUG] Making API call: GET https://my.luxurydmc.travel/api/v1/mail/luxurydestinationtourism.com/mailboxes?page=1&per_page=50
2025-10-31T07:56:28.310Z [DEBUG] API call successful: GET https://my.luxurydmc.travel/api/v1/users?page=2&per_page=50
2025-10-31T07:56:28.312Z [INFO] Found 32 users in group, returning 25 for page 1.
2025-10-31T07:56:28.313Z [INFO] GET /api/users - 200
2025-10-31T07:56:28.386Z [DEBUG] API call successful: GET https://my.luxurydmc.travel/api/v1/mail/luxurydestinationtourism.com/mailboxes?page=1&per_page=50
2025-10-31T07:56:28.386Z [DEBUG] Making API call: GET https://my.luxurydmc.travel/api/v1/mail/luxurydestinationtourism.com/mailboxes?page=2&per_page=50
2025-10-31T07:56:28.461Z [DEBUG] API call successful: GET https://my.luxurydmc.travel/api/v1/mail/luxurydestinationtourism.com/mailboxes?page=2&per_page=50
2025-10-31T07:56:28.461Z [INFO] Found 30 total mailboxes, returning 19 after exclusions.
2025-10-31T07:56:28.462Z [INFO] GET /api/mailboxes - 200
2025-10-31T07:56:37.969Z [DEBUG] Basic Auth attempt for user: admin
2025-10-31T07:56:37.969Z [INFO] Basic Auth successful for user: admin
2025-10-31T07:56:37.969Z [INFO] Request received to list users (page: 2, per_page: 25).
2025-10-31T07:56:37.970Z [DEBUG] Making API call: GET https://my.luxurydmc.travel/api/v1/users?page=1&per_page=50
2025-10-31T07:56:37.971Z [DEBUG] Making API call: GET https://my.luxurydmc.travel/api/v1/groups/gid-5d8b1201-3e87-415f-ab4c-66bf5ed523f3
2025-10-31T07:56:37.972Z [DEBUG] Basic Auth attempt for user: admin
2025-10-31T07:56:37.973Z [INFO] Basic Auth successful for user: admin
2025-10-31T07:56:37.973Z [INFO] Using configured mail domains: luxurydmc.travel, luxurydestinationtourism.com
2025-10-31T07:56:37.973Z [DEBUG] Making API call: GET https://my.luxurydmc.travel/api/v1/users?page=1&per_page=20
2025-10-31T07:56:37.973Z [DEBUG] Basic Auth attempt for user: admin
2025-10-31T07:56:37.974Z [INFO] Basic Auth successful for user: admin
2025-10-31T07:56:37.974Z [INFO] Serving config with valid domains: {"domains":["luxurydmc.travel","luxurydestinationtourism.com"],"brandName":"Streamway"}
2025-10-31T07:56:37.974Z [DEBUG] Making API call: GET https://my.luxurydmc.travel/api/v1/mail/luxurydmc.travel/mailboxes?page=1&per_page=50
2025-10-31T07:56:37.975Z [INFO] GET /api/config - 200
2025-10-31T07:56:38.045Z [DEBUG] API call successful: GET https://my.luxurydmc.travel/api/v1/groups/gid-5d8b1201-3e87-415f-ab4c-66bf5ed523f3
2025-10-31T07:56:38.105Z [DEBUG] API call successful: GET https://my.luxurydmc.travel/api/v1/users?page=1&per_page=50
2025-10-31T07:56:38.106Z [DEBUG] Making API call: GET https://my.luxurydmc.travel/api/v1/users?page=2&per_page=50
2025-10-31T07:56:38.117Z [DEBUG] API call successful: GET https://my.luxurydmc.travel/api/v1/mail/luxurydmc.travel/mailboxes?page=1&per_page=50
2025-10-31T07:56:38.118Z [DEBUG] Making API call: GET https://my.luxurydmc.travel/api/v1/mail/luxurydmc.travel/mailboxes?page=2&per_page=50
2025-10-31T07:56:38.154Z [DEBUG] API call successful: GET https://my.luxurydmc.travel/api/v1/users?page=1&per_page=20
2025-10-31T07:56:38.175Z [DEBUG] API call successful: GET https://my.luxurydmc.travel/api/v1/users?page=2&per_page=50
2025-10-31T07:56:38.175Z [INFO] Found 32 users in group, returning 7 for page 2.
2025-10-31T07:56:38.176Z [INFO] GET /api/users - 200
2025-10-31T07:56:38.250Z [DEBUG] API call successful: GET https://my.luxurydmc.travel/api/v1/mail/luxurydmc.travel/mailboxes?page=2&per_page=50
2025-10-31T07:56:38.251Z [DEBUG] Making API call: GET https://my.luxurydmc.travel/api/v1/mail/luxurydestinationtourism.com/mailboxes?page=1&per_page=50
2025-10-31T07:56:38.305Z [DEBUG] API call successful: GET https://my.luxurydmc.travel/api/v1/mail/luxurydestinationtourism.com/mailboxes?page=1&per_page=50
2025-10-31T07:56:38.305Z [DEBUG] Making API call: GET https://my.luxurydmc.travel/api/v1/mail/luxurydestinationtourism.com/mailboxes?page=2&per_page=50
2025-10-31T07:56:38.361Z [DEBUG] API call successful: GET https://my.luxurydmc.travel/api/v1/mail/luxurydestinationtourism.com/mailboxes?page=2&per_page=50
2025-10-31T07:56:38.362Z [INFO] Found 30 total mailboxes, returning 19 after exclusions.
2025-10-31T07:56:38.362Z [INFO] GET /api/mailboxes - 200
2025-10-31T07:56:57.713Z [DEBUG] Basic Auth attempt for user: admin
2025-10-31T07:56:57.713Z [INFO] Basic Auth successful for user: admin
2025-10-31T07:56:57.714Z [INFO] Using configured mail domains: luxurydmc.travel, luxurydestinationtourism.com
2025-10-31T07:56:57.714Z [DEBUG] Making API call: GET https://my.luxurydmc.travel/api/v1/mail/luxurydmc.travel/mailboxes?page=1&per_page=50
2025-10-31T07:56:57.885Z [DEBUG] API call successful: GET https://my.luxurydmc.travel/api/v1/mail/luxurydmc.travel/mailboxes?page=1&per_page=50
2025-10-31T07:56:57.886Z [DEBUG] Making API call: GET https://my.luxurydmc.travel/api/v1/mail/luxurydmc.travel/mailboxes?page=2&per_page=50
2025-10-31T07:56:58.014Z [DEBUG] API call successful: GET https://my.luxurydmc.travel/api/v1/mail/luxurydmc.travel/mailboxes?page=2&per_page=50
2025-10-31T07:56:58.015Z [DEBUG] Making API call: GET https://my.luxurydmc.travel/api/v1/mail/luxurydestinationtourism.com/mailboxes?page=1&per_page=50
2025-10-31T07:56:59.307Z [DEBUG] API call successful: GET https://my.luxurydmc.travel/api/v1/mail/luxurydestinationtourism.com/mailboxes?page=1&per_page=50
2025-10-31T07:56:59.307Z [DEBUG] Making API call: GET https://my.luxurydmc.travel/api/v1/mail/luxurydestinationtourism.com/mailboxes?page=2&per_page=50
2025-10-31T07:56:59.385Z [DEBUG] API call successful: GET https://my.luxurydmc.travel/api/v1/mail/luxurydestinationtourism.com/mailboxes?page=2&per_page=50
2025-10-31T07:56:59.386Z [INFO] Found 1 mailboxes for user uid-60456eef-13fa-4046-bab6-60bc72acaaf1.
2025-10-31T07:56:59.386Z [INFO] GET /api/mailboxes/user/uid-60456eef-13fa-4046-bab6-60bc72acaaf1 - 200
2025-10-31T07:57:12.078Z [DEBUG] Basic Auth attempt for user: admin
2025-10-31T07:57:12.078Z [INFO] Basic Auth successful for user: admin
2025-10-31T07:57:12.080Z [INFO] GET /api/users/uid-60456eef-13fa-4046-bab6-60bc72acaaf1/password - 404
2025-10-31T07:59:38.666Z [DEBUG] Basic Auth attempt for user: admin
2025-10-31T07:59:38.667Z [INFO] Basic Auth successful for user: admin
2025-10-31T07:59:38.667Z [INFO] Request received to list users (page: 1, per_page: 25).
2025-10-31T07:59:38.667Z [DEBUG] Making API call: GET https://my.luxurydmc.travel/api/v1/users?page=1&per_page=50
2025-10-31T07:59:38.667Z [DEBUG] Making API call: GET https://my.luxurydmc.travel/api/v1/groups/gid-5d8b1201-3e87-415f-ab4c-66bf5ed523f3
2025-10-31T07:59:38.668Z [DEBUG] Basic Auth attempt for user: admin
2025-10-31T07:59:38.668Z [INFO] Basic Auth successful for user: admin
2025-10-31T07:59:38.668Z [INFO] Using configured mail domains: luxurydmc.travel, luxurydestinationtourism.com
2025-10-31T07:59:38.668Z [DEBUG] Making API call: GET https://my.luxurydmc.travel/api/v1/users?page=1&per_page=20
2025-10-31T07:59:38.669Z [DEBUG] Basic Auth attempt for user: admin
2025-10-31T07:59:38.669Z [INFO] Basic Auth successful for user: admin
2025-10-31T07:59:38.669Z [INFO] Serving config with valid domains: {"domains":["luxurydmc.travel","luxurydestinationtourism.com"],"brandName":"Streamway"}
2025-10-31T07:59:38.669Z [DEBUG] Making API call: GET https://my.luxurydmc.travel/api/v1/mail/luxurydmc.travel/mailboxes?page=1&per_page=50
2025-10-31T07:59:38.669Z [INFO] GET /api/config - 200
2025-10-31T07:59:39.117Z [DEBUG] API call successful: GET https://my.luxurydmc.travel/api/v1/users?page=1&per_page=50
2025-10-31T07:59:39.118Z [DEBUG] Making API call: GET https://my.luxurydmc.travel/api/v1/users?page=2&per_page=50
2025-10-31T07:59:39.150Z [DEBUG] API call successful: GET https://my.luxurydmc.travel/api/v1/groups/gid-5d8b1201-3e87-415f-ab4c-66bf5ed523f3
2025-10-31T07:59:39.176Z [DEBUG] API call successful: GET https://my.luxurydmc.travel/api/v1/mail/luxurydmc.travel/mailboxes?page=1&per_page=50
2025-10-31T07:59:39.177Z [DEBUG] Making API call: GET https://my.luxurydmc.travel/api/v1/mail/luxurydmc.travel/mailboxes?page=2&per_page=50
2025-10-31T07:59:39.249Z [DEBUG] API call successful: GET https://my.luxurydmc.travel/api/v1/users?page=1&per_page=20
2025-10-31T07:59:39.249Z [DEBUG] API call successful: GET https://my.luxurydmc.travel/api/v1/users?page=2&per_page=50
2025-10-31T07:59:39.250Z [INFO] Found 32 users in group, returning 25 for page 1.
2025-10-31T07:59:39.251Z [INFO] GET /api/users - 200
2025-10-31T07:59:39.325Z [DEBUG] API call successful: GET https://my.luxurydmc.travel/api/v1/mail/luxurydmc.travel/mailboxes?page=2&per_page=50
2025-10-31T07:59:39.326Z [DEBUG] Making API call: GET https://my.luxurydmc.travel/api/v1/mail/luxurydestinationtourism.com/mailboxes?page=1&per_page=50
2025-10-31T07:59:39.420Z [DEBUG] API call successful: GET https://my.luxurydmc.travel/api/v1/mail/luxurydestinationtourism.com/mailboxes?page=1&per_page=50
2025-10-31T07:59:39.420Z [DEBUG] Making API call: GET https://my.luxurydmc.travel/api/v1/mail/luxurydestinationtourism.com/mailboxes?page=2&per_page=50
2025-10-31T07:59:39.502Z [DEBUG] API call successful: GET https://my.luxurydmc.travel/api/v1/mail/luxurydestinationtourism.com/mailboxes?page=2&per_page=50
2025-10-31T07:59:39.503Z [INFO] Found 30 total mailboxes, returning 19 after exclusions.
2025-10-31T07:59:39.504Z [INFO] GET /api/mailboxes - 200
2025-10-31T08:04:47.836Z [INFO] Application starting...
2025-10-31T08:04:47.837Z [INFO] Running pre-flight checks...
2025-10-31T08:04:47.837Z [INFO] Using configured mail domains: luxurydmc.travel, luxurydestinationtourism.com
2025-10-31T08:04:47.838Z [INFO] Starting in development mode.
2025-10-31T08:04:47.838Z [INFO] Server starting on http://localhost:8020
2025-10-31T08:05:02.490Z [INFO] GET / - 200
2025-10-31T08:05:02.501Z [INFO] GET /style.css - 200
2025-10-31T08:05:02.502Z [INFO] GET /script.js - 200
2025-10-31T08:05:02.559Z [DEBUG] Basic Auth attempt for user: admin
2025-10-31T08:05:02.559Z [INFO] Basic Auth successful for user: admin
2025-10-31T08:05:02.559Z [INFO] Request received to list users (page: 1, per_page: 25).
2025-10-31T08:05:02.560Z [INFO] No cached group ID. Fetching group info for "luxurydmc"...
2025-10-31T08:05:02.560Z [DEBUG] Making API call: GET https://my.luxurydmc.travel/api/v1/groups?search=luxurydmc
2025-10-31T08:05:02.562Z [DEBUG] Basic Auth attempt for user: admin
2025-10-31T08:05:02.562Z [INFO] Basic Auth successful for user: admin
2025-10-31T08:05:02.562Z [INFO] Request received to list mailboxes (page: 1, per_page: 25).
2025-10-31T08:05:02.562Z [INFO] Using configured mail domains: luxurydmc.travel, luxurydestinationtourism.com
2025-10-31T08:05:02.563Z [DEBUG] Making API call: GET https://my.luxurydmc.travel/api/v1/users?page=1&per_page=50
2025-10-31T08:05:02.563Z [DEBUG] Making API call: GET https://my.luxurydmc.travel/api/v1/mail/luxurydmc.travel/mailboxes?page=1&per_page=50
2025-10-31T08:05:02.740Z [DEBUG] Basic Auth attempt for user: admin
2025-10-31T08:05:02.740Z [INFO] Basic Auth successful for user: admin
2025-10-31T08:05:02.741Z [INFO] Serving config with valid domains: {"domains":["luxurydmc.travel","luxurydestinationtourism.com"],"brandName":"Streamway"}
2025-10-31T08:05:02.742Z [INFO] GET /api/config - 200
2025-10-31T08:05:02.811Z [DEBUG] API call successful: GET https://my.luxurydmc.travel/api/v1/users?page=1&per_page=50
2025-10-31T08:05:02.813Z [DEBUG] Making API call: GET https://my.luxurydmc.travel/api/v1/users?page=2&per_page=50
2025-10-31T08:05:02.839Z [DEBUG] API call successful: GET https://my.luxurydmc.travel/api/v1/groups?search=luxurydmc
2025-10-31T08:05:02.840Z [INFO] Managing users for group: luxurydmc (ID: gid-5d8b1201-3e87-415f-ab4c-66bf5ed523f3)
2025-10-31T08:05:02.840Z [DEBUG] Making API call: GET https://my.luxurydmc.travel/api/v1/users?page=1&per_page=50
2025-10-31T08:05:02.840Z [DEBUG] Making API call: GET https://my.luxurydmc.travel/api/v1/groups/gid-5d8b1201-3e87-415f-ab4c-66bf5ed523f3
2025-10-31T08:05:02.841Z [DEBUG] API call successful: GET https://my.luxurydmc.travel/api/v1/mail/luxurydmc.travel/mailboxes?page=1&per_page=50
2025-10-31T08:05:02.841Z [DEBUG] Making API call: GET https://my.luxurydmc.travel/api/v1/mail/luxurydmc.travel/mailboxes?page=2&per_page=50
2025-10-31T08:05:02.866Z [DEBUG] API call successful: GET https://my.luxurydmc.travel/api/v1/users?page=2&per_page=50
2025-10-31T08:05:02.918Z [DEBUG] API call successful: GET https://my.luxurydmc.travel/api/v1/users?page=1&per_page=50
2025-10-31T08:05:02.918Z [DEBUG] Making API call: GET https://my.luxurydmc.travel/api/v1/users?page=2&per_page=50
2025-10-31T08:05:02.920Z [DEBUG] API call successful: GET https://my.luxurydmc.travel/api/v1/groups/gid-5d8b1201-3e87-415f-ab4c-66bf5ed523f3
2025-10-31T08:05:02.920Z [DEBUG] API call successful: GET https://my.luxurydmc.travel/api/v1/mail/luxurydmc.travel/mailboxes?page=2&per_page=50
2025-10-31T08:05:02.920Z [DEBUG] Making API call: GET https://my.luxurydmc.travel/api/v1/mail/luxurydestinationtourism.com/mailboxes?page=1&per_page=50
2025-10-31T08:05:02.968Z [DEBUG] API call successful: GET https://my.luxurydmc.travel/api/v1/users?page=2&per_page=50
2025-10-31T08:05:02.969Z [INFO] Found 32 users in group, returning 25 for page 1.
2025-10-31T08:05:02.970Z [INFO] GET /api/users - 200
2025-10-31T08:05:03.021Z [DEBUG] API call successful: GET https://my.luxurydmc.travel/api/v1/mail/luxurydestinationtourism.com/mailboxes?page=1&per_page=50
2025-10-31T08:05:03.022Z [DEBUG] Making API call: GET https://my.luxurydmc.travel/api/v1/mail/luxurydestinationtourism.com/mailboxes?page=2&per_page=50
2025-10-31T08:05:03.072Z [DEBUG] API call successful: GET https://my.luxurydmc.travel/api/v1/mail/luxurydestinationtourism.com/mailboxes?page=2&per_page=50
2025-10-31T08:05:03.073Z [INFO] Found 29 total mailboxes, returning 25 after exclusions for page 1.
2025-10-31T08:05:03.073Z [INFO] GET /api/mailboxes - 200
2025-10-31T08:05:11.402Z [DEBUG] Basic Auth attempt for user: admin
2025-10-31T08:05:11.403Z [INFO] Basic Auth successful for user: admin
2025-10-31T08:05:11.403Z [INFO] Request received to list users (page: 1, per_page: 10).
2025-10-31T08:05:11.403Z [DEBUG] Making API call: GET https://my.luxurydmc.travel/api/v1/users?page=1&per_page=50
2025-10-31T08:05:11.403Z [DEBUG] Making API call: GET https://my.luxurydmc.travel/api/v1/groups/gid-5d8b1201-3e87-415f-ab4c-66bf5ed523f3
2025-10-31T08:05:11.405Z [DEBUG] Basic Auth attempt for user: admin
2025-10-31T08:05:11.406Z [INFO] Basic Auth successful for user: admin
2025-10-31T08:05:11.406Z [INFO] Request received to list mailboxes (page: 1, per_page: 25).
2025-10-31T08:05:11.406Z [INFO] Using configured mail domains: luxurydmc.travel, luxurydestinationtourism.com
2025-10-31T08:05:11.406Z [DEBUG] Making API call: GET https://my.luxurydmc.travel/api/v1/users?page=1&per_page=50
2025-10-31T08:05:11.406Z [DEBUG] Making API call: GET https://my.luxurydmc.travel/api/v1/mail/luxurydmc.travel/mailboxes?page=1&per_page=50
2025-10-31T08:05:11.407Z [DEBUG] Basic Auth attempt for user: admin
2025-10-31T08:05:11.407Z [INFO] Basic Auth successful for user: admin
2025-10-31T08:05:11.407Z [INFO] Serving config with valid domains: {"domains":["luxurydmc.travel","luxurydestinationtourism.com"],"brandName":"Streamway"}
2025-10-31T08:05:11.408Z [INFO] GET /api/config - 200
2025-10-31T08:05:11.495Z [DEBUG] API call successful: GET https://my.luxurydmc.travel/api/v1/groups/gid-5d8b1201-3e87-415f-ab4c-66bf5ed523f3
2025-10-31T08:05:11.581Z [DEBUG] API call successful: GET https://my.luxurydmc.travel/api/v1/users?page=1&per_page=50
2025-10-31T08:05:11.582Z [DEBUG] Making API call: GET https://my.luxurydmc.travel/api/v1/users?page=2&per_page=50
2025-10-31T08:05:11.584Z [DEBUG] API call successful: GET https://my.luxurydmc.travel/api/v1/mail/luxurydmc.travel/mailboxes?page=1&per_page=50
2025-10-31T08:05:11.584Z [DEBUG] Making API call: GET https://my.luxurydmc.travel/api/v1/mail/luxurydmc.travel/mailboxes?page=2&per_page=50
2025-10-31T08:05:11.620Z [DEBUG] API call successful: GET https://my.luxurydmc.travel/api/v1/users?page=1&per_page=50
2025-10-31T08:05:11.621Z [DEBUG] Making API call: GET https://my.luxurydmc.travel/api/v1/users?page=2&per_page=50
2025-10-31T08:05:11.648Z [DEBUG] API call successful: GET https://my.luxurydmc.travel/api/v1/users?page=2&per_page=50
2025-10-31T08:05:11.649Z [INFO] Found 32 users in group, returning 10 for page 1.
2025-10-31T08:05:11.650Z [INFO] GET /api/users - 200
2025-10-31T08:05:11.739Z [DEBUG] API call successful: GET https://my.luxurydmc.travel/api/v1/mail/luxurydmc.travel/mailboxes?page=2&per_page=50
2025-10-31T08:05:11.740Z [DEBUG] API call successful: GET https://my.luxurydmc.travel/api/v1/users?page=2&per_page=50
2025-10-31T08:05:11.740Z [DEBUG] Making API call: GET https://my.luxurydmc.travel/api/v1/mail/luxurydestinationtourism.com/mailboxes?page=1&per_page=50
2025-10-31T08:05:11.818Z [DEBUG] API call successful: GET https://my.luxurydmc.travel/api/v1/mail/luxurydestinationtourism.com/mailboxes?page=1&per_page=50
2025-10-31T08:05:11.819Z [DEBUG] Making API call: GET https://my.luxurydmc.travel/api/v1/mail/luxurydestinationtourism.com/mailboxes?page=2&per_page=50
2025-10-31T08:05:11.940Z [DEBUG] API call successful: GET https://my.luxurydmc.travel/api/v1/mail/luxurydestinationtourism.com/mailboxes?page=2&per_page=50
2025-10-31T08:05:11.941Z [INFO] Found 29 total mailboxes, returning 25 after exclusions for page 1.
2025-10-31T08:05:11.942Z [INFO] GET /api/mailboxes - 200
2025-10-31T08:05:44.108Z [DEBUG] Basic Auth attempt for user: admin
2025-10-31T08:05:44.108Z [INFO] Basic Auth successful for user: admin
2025-10-31T08:05:44.108Z [INFO] Request received to list mailboxes (page: 2, per_page: 25).
2025-10-31T08:05:44.108Z [INFO] Using configured mail domains: luxurydmc.travel, luxurydestinationtourism.com
2025-10-31T08:05:44.108Z [DEBUG] Making API call: GET https://my.luxurydmc.travel/api/v1/users?page=1&per_page=50
2025-10-31T08:05:44.109Z [DEBUG] Basic Auth attempt for user: admin
2025-10-31T08:05:44.109Z [INFO] Basic Auth successful for user: admin
2025-10-31T08:05:44.109Z [INFO] Request received to list users (page: 1, per_page: 10).
2025-10-31T08:05:44.109Z [DEBUG] Making API call: GET https://my.luxurydmc.travel/api/v1/mail/luxurydmc.travel/mailboxes?page=1&per_page=50
2025-10-31T08:05:44.109Z [DEBUG] Making API call: GET https://my.luxurydmc.travel/api/v1/users?page=1&per_page=50
2025-10-31T08:05:44.110Z [DEBUG] Making API call: GET https://my.luxurydmc.travel/api/v1/groups/gid-5d8b1201-3e87-415f-ab4c-66bf5ed523f3
2025-10-31T08:05:44.110Z [DEBUG] Basic Auth attempt for user: admin
2025-10-31T08:05:44.110Z [INFO] Basic Auth successful for user: admin
2025-10-31T08:05:44.110Z [INFO] Serving config with valid domains: {"domains":["luxurydmc.travel","luxurydestinationtourism.com"],"brandName":"Streamway"}
2025-10-31T08:05:44.111Z [INFO] GET /api/config - 200
2025-10-31T08:05:44.233Z [DEBUG] API call successful: GET https://my.luxurydmc.travel/api/v1/users?page=1&per_page=50
2025-10-31T08:05:44.234Z [DEBUG] API call successful: GET https://my.luxurydmc.travel/api/v1/groups/gid-5d8b1201-3e87-415f-ab4c-66bf5ed523f3
2025-10-31T08:05:44.234Z [DEBUG] API call successful: GET https://my.luxurydmc.travel/api/v1/mail/luxurydmc.travel/mailboxes?page=1&per_page=50
2025-10-31T08:05:44.235Z [DEBUG] API call successful: GET https://my.luxurydmc.travel/api/v1/users?page=1&per_page=50
2025-10-31T08:05:44.236Z [DEBUG] Making API call: GET https://my.luxurydmc.travel/api/v1/mail/luxurydmc.travel/mailboxes?page=2&per_page=50
2025-10-31T08:05:44.237Z [DEBUG] Making API call: GET https://my.luxurydmc.travel/api/v1/users?page=2&per_page=50
2025-10-31T08:05:44.273Z [DEBUG] Making API call: GET https://my.luxurydmc.travel/api/v1/users?page=2&per_page=50
2025-10-31T08:05:44.292Z [DEBUG] API call successful: GET https://my.luxurydmc.travel/api/v1/users?page=2&per_page=50
2025-10-31T08:05:44.296Z [DEBUG] API call successful: GET https://my.luxurydmc.travel/api/v1/mail/luxurydmc.travel/mailboxes?page=2&per_page=50
2025-10-31T08:05:44.297Z [DEBUG] Making API call: GET https://my.luxurydmc.travel/api/v1/mail/luxurydestinationtourism.com/mailboxes?page=1&per_page=50
2025-10-31T08:05:44.342Z [DEBUG] API call successful: GET https://my.luxurydmc.travel/api/v1/users?page=2&per_page=50
2025-10-31T08:05:44.343Z [INFO] Found 32 users in group, returning 10 for page 1.
2025-10-31T08:05:44.344Z [INFO] GET /api/users - 200
2025-10-31T08:05:44.395Z [DEBUG] API call successful: GET https://my.luxurydmc.travel/api/v1/mail/luxurydestinationtourism.com/mailboxes?page=1&per_page=50
2025-10-31T08:05:44.396Z [DEBUG] Making API call: GET https://my.luxurydmc.travel/api/v1/mail/luxurydestinationtourism.com/mailboxes?page=2&per_page=50
2025-10-31T08:05:44.445Z [DEBUG] API call successful: GET https://my.luxurydmc.travel/api/v1/mail/luxurydestinationtourism.com/mailboxes?page=2&per_page=50
2025-10-31T08:05:44.446Z [INFO] Found 29 total mailboxes, returning 4 after exclusions for page 2.
2025-10-31T08:05:44.447Z [INFO] GET /api/mailboxes - 200
2025-10-31T08:05:51.424Z [DEBUG] Basic Auth attempt for user: admin
2025-10-31T08:05:51.424Z [INFO] Basic Auth successful for user: admin
2025-10-31T08:05:51.424Z [INFO] Request received to list mailboxes (page: 1, per_page: 25).
2025-10-31T08:05:51.424Z [INFO] Using configured mail domains: luxurydmc.travel, luxurydestinationtourism.com
2025-10-31T08:05:51.424Z [DEBUG] Making API call: GET https://my.luxurydmc.travel/api/v1/users?page=1&per_page=50
2025-10-31T08:05:51.425Z [DEBUG] Basic Auth attempt for user: admin
2025-10-31T08:05:51.425Z [INFO] Basic Auth successful for user: admin
2025-10-31T08:05:51.425Z [INFO] Request received to list users (page: 1, per_page: 10).
2025-10-31T08:05:51.425Z [DEBUG] Making API call: GET https://my.luxurydmc.travel/api/v1/mail/luxurydmc.travel/mailboxes?page=1&per_page=50
2025-10-31T08:05:51.425Z [DEBUG] Making API call: GET https://my.luxurydmc.travel/api/v1/users?page=1&per_page=50
2025-10-31T08:05:51.426Z [DEBUG] Making API call: GET https://my.luxurydmc.travel/api/v1/groups/gid-5d8b1201-3e87-415f-ab4c-66bf5ed523f3
2025-10-31T08:05:51.426Z [DEBUG] Basic Auth attempt for user: admin
2025-10-31T08:05:51.426Z [INFO] Basic Auth successful for user: admin
2025-10-31T08:05:51.426Z [INFO] Serving config with valid domains: {"domains":["luxurydmc.travel","luxurydestinationtourism.com"],"brandName":"Streamway"}
2025-10-31T08:05:51.427Z [INFO] GET /api/config - 200
2025-10-31T08:05:51.483Z [DEBUG] API call successful: GET https://my.luxurydmc.travel/api/v1/mail/luxurydmc.travel/mailboxes?page=1&per_page=50
2025-10-31T08:05:51.484Z [DEBUG] API call successful: GET https://my.luxurydmc.travel/api/v1/groups/gid-5d8b1201-3e87-415f-ab4c-66bf5ed523f3
2025-10-31T08:05:51.485Z [DEBUG] Making API call: GET https://my.luxurydmc.travel/api/v1/mail/luxurydmc.travel/mailboxes?page=2&per_page=50
2025-10-31T08:05:51.534Z [DEBUG] API call successful: GET https://my.luxurydmc.travel/api/v1/users?page=1&per_page=50
2025-10-31T08:05:51.535Z [DEBUG] Making API call: GET https://my.luxurydmc.travel/api/v1/users?page=2&per_page=50
2025-10-31T08:05:51.586Z [DEBUG] API call successful: GET https://my.luxurydmc.travel/api/v1/users?page=1&per_page=50
2025-10-31T08:05:51.587Z [DEBUG] API call successful: GET https://my.luxurydmc.travel/api/v1/mail/luxurydmc.travel/mailboxes?page=2&per_page=50
2025-10-31T08:05:51.588Z [DEBUG] Making API call: GET https://my.luxurydmc.travel/api/v1/users?page=2&per_page=50
2025-10-31T08:05:51.589Z [DEBUG] Making API call: GET https://my.luxurydmc.travel/api/v1/mail/luxurydestinationtourism.com/mailboxes?page=1&per_page=50
2025-10-31T08:05:51.617Z [DEBUG] API call successful: GET https://my.luxurydmc.travel/api/v1/users?page=2&per_page=50
2025-10-31T08:05:51.661Z [DEBUG] API call successful: GET https://my.luxurydmc.travel/api/v1/users?page=2&per_page=50
2025-10-31T08:05:51.661Z [DEBUG] API call successful: GET https://my.luxurydmc.travel/api/v1/mail/luxurydestinationtourism.com/mailboxes?page=1&per_page=50
2025-10-31T08:05:51.662Z [DEBUG] Making API call: GET https://my.luxurydmc.travel/api/v1/mail/luxurydestinationtourism.com/mailboxes?page=2&per_page=50
2025-10-31T08:05:51.663Z [INFO] Found 32 users in group, returning 10 for page 1.
2025-10-31T08:05:51.664Z [INFO] GET /api/users - 200
2025-10-31T08:05:51.719Z [DEBUG] API call successful: GET https://my.luxurydmc.travel/api/v1/mail/luxurydestinationtourism.com/mailboxes?page=2&per_page=50
2025-10-31T08:05:51.720Z [INFO] Found 29 total mailboxes, returning 25 after exclusions for page 1.
2025-10-31T08:05:51.721Z [INFO] GET /api/mailboxes - 200
2025-10-31T08:08:35.749Z [DEBUG] Basic Auth attempt for user: admin
2025-10-31T08:08:35.750Z [INFO] Basic Auth successful for user: admin
2025-10-31T08:08:35.750Z [INFO] Request received to list mailboxes (page: 1, per_page: 10).
2025-10-31T08:08:35.750Z [INFO] Using configured mail domains: luxurydmc.travel, luxurydestinationtourism.com
2025-10-31T08:08:35.750Z [DEBUG] Making API call: GET https://my.luxurydmc.travel/api/v1/users?page=1&per_page=50
2025-10-31T08:08:35.750Z [DEBUG] Basic Auth attempt for user: admin
2025-10-31T08:08:35.751Z [INFO] Basic Auth successful for user: admin
2025-10-31T08:08:35.751Z [INFO] Request received to list users (page: 1, per_page: 10).
2025-10-31T08:08:35.751Z [DEBUG] Making API call: GET https://my.luxurydmc.travel/api/v1/mail/luxurydmc.travel/mailboxes?page=1&per_page=50
2025-10-31T08:08:35.751Z [DEBUG] Making API call: GET https://my.luxurydmc.travel/api/v1/users?page=1&per_page=50
2025-10-31T08:08:35.751Z [DEBUG] Making API call: GET https://my.luxurydmc.travel/api/v1/groups/gid-5d8b1201-3e87-415f-ab4c-66bf5ed523f3
2025-10-31T08:08:35.752Z [DEBUG] Basic Auth attempt for user: admin
2025-10-31T08:08:35.752Z [INFO] Basic Auth successful for user: admin
2025-10-31T08:08:35.753Z [INFO] Serving config with valid domains: {"domains":["luxurydmc.travel","luxurydestinationtourism.com"],"brandName":"Streamway"}
2025-10-31T08:08:35.753Z [INFO] GET /api/config - 200
2025-10-31T08:08:35.987Z [DEBUG] API call successful: GET https://my.luxurydmc.travel/api/v1/users?page=1&per_page=50
2025-10-31T08:08:35.988Z [DEBUG] Making API call: GET https://my.luxurydmc.travel/api/v1/users?page=2&per_page=50
2025-10-31T08:08:36.005Z [DEBUG] API call successful: GET https://my.luxurydmc.travel/api/v1/groups/gid-5d8b1201-3e87-415f-ab4c-66bf5ed523f3
2025-10-31T08:08:36.006Z [DEBUG] API call successful: GET https://my.luxurydmc.travel/api/v1/mail/luxurydmc.travel/mailboxes?page=1&per_page=50
2025-10-31T08:08:36.007Z [DEBUG] Making API call: GET https://my.luxurydmc.travel/api/v1/mail/luxurydmc.travel/mailboxes?page=2&per_page=50
2025-10-31T08:08:36.028Z [DEBUG] API call successful: GET https://my.luxurydmc.travel/api/v1/users?page=1&per_page=50
2025-10-31T08:08:36.029Z [DEBUG] Making API call: GET https://my.luxurydmc.travel/api/v1/users?page=2&per_page=50
2025-10-31T08:08:36.044Z [DEBUG] API call successful: GET https://my.luxurydmc.travel/api/v1/users?page=2&per_page=50
2025-10-31T08:08:36.094Z [DEBUG] API call successful: GET https://my.luxurydmc.travel/api/v1/mail/luxurydmc.travel/mailboxes?page=2&per_page=50
2025-10-31T08:08:36.094Z [DEBUG] API call successful: GET https://my.luxurydmc.travel/api/v1/users?page=2&per_page=50
2025-10-31T08:08:36.094Z [DEBUG] Making API call: GET https://my.luxurydmc.travel/api/v1/mail/luxurydestinationtourism.com/mailboxes?page=1&per_page=50
2025-10-31T08:08:36.095Z [INFO] Found 32 users in group, returning 10 for page 1.
2025-10-31T08:08:36.095Z [INFO] GET /api/users - 200
2025-10-31T08:08:36.147Z [DEBUG] API call successful: GET https://my.luxurydmc.travel/api/v1/mail/luxurydestinationtourism.com/mailboxes?page=1&per_page=50
2025-10-31T08:08:36.147Z [DEBUG] Making API call: GET https://my.luxurydmc.travel/api/v1/mail/luxurydestinationtourism.com/mailboxes?page=2&per_page=50
2025-10-31T08:08:36.199Z [DEBUG] API call successful: GET https://my.luxurydmc.travel/api/v1/mail/luxurydestinationtourism.com/mailboxes?page=2&per_page=50
2025-10-31T08:08:36.200Z [INFO] Found 29 total mailboxes, returning 10 after exclusions for page 1.
2025-10-31T08:08:36.200Z [INFO] GET /api/mailboxes - 200
2025-10-31T08:09:19.093Z [INFO] GET / - 200
2025-10-31T08:09:19.106Z [INFO] GET /script.js - 200
2025-10-31T08:09:19.107Z [INFO] GET /style.css - 200
2025-10-31T08:09:19.162Z [DEBUG] Basic Auth attempt for user: admin
2025-10-31T08:09:19.162Z [INFO] Basic Auth successful for user: admin
2025-10-31T08:09:19.162Z [INFO] Request received to list users (page: 1, per_page: 25).
2025-10-31T08:09:19.162Z [DEBUG] Making API call: GET https://my.luxurydmc.travel/api/v1/users?page=1&per_page=50
2025-10-31T08:09:19.163Z [DEBUG] Making API call: GET https://my.luxurydmc.travel/api/v1/groups/gid-5d8b1201-3e87-415f-ab4c-66bf5ed523f3
2025-10-31T08:09:19.166Z [DEBUG] Basic Auth attempt for user: admin
2025-10-31T08:09:19.166Z [INFO] Basic Auth successful for user: admin
2025-10-31T08:09:19.166Z [INFO] Request received to list mailboxes (page: 1, per_page: 25).
2025-10-31T08:09:19.167Z [INFO] Using configured mail domains: luxurydmc.travel, luxurydestinationtourism.com
2025-10-31T08:09:19.167Z [DEBUG] Making API call: GET https://my.luxurydmc.travel/api/v1/users?page=1&per_page=50
2025-10-31T08:09:19.167Z [DEBUG] Making API call: GET https://my.luxurydmc.travel/api/v1/mail/luxurydmc.travel/mailboxes?page=1&per_page=50
2025-10-31T08:09:19.168Z [DEBUG] Basic Auth attempt for user: admin
2025-10-31T08:09:19.168Z [INFO] Basic Auth successful for user: admin
2025-10-31T08:09:19.168Z [INFO] Serving config with valid domains: {"domains":["luxurydmc.travel","luxurydestinationtourism.com"],"brandName":"Streamway"}
2025-10-31T08:09:19.169Z [INFO] GET /api/config - 200
2025-10-31T08:09:19.217Z [DEBUG] API call successful: GET https://my.luxurydmc.travel/api/v1/groups/gid-5d8b1201-3e87-415f-ab4c-66bf5ed523f3
2025-10-31T08:09:19.261Z [DEBUG] API call successful: GET https://my.luxurydmc.travel/api/v1/users?page=1&per_page=50
2025-10-31T08:09:19.261Z [DEBUG] Making API call: GET https://my.luxurydmc.travel/api/v1/users?page=2&per_page=50
2025-10-31T08:09:19.273Z [DEBUG] API call successful: GET https://my.luxurydmc.travel/api/v1/users?page=1&per_page=50
2025-10-31T08:09:19.273Z [DEBUG] Making API call: GET https://my.luxurydmc.travel/api/v1/users?page=2&per_page=50
2025-10-31T08:09:19.305Z [DEBUG] API call successful: GET https://my.luxurydmc.travel/api/v1/mail/luxurydmc.travel/mailboxes?page=1&per_page=50
2025-10-31T08:09:19.305Z [DEBUG] Making API call: GET https://my.luxurydmc.travel/api/v1/mail/luxurydmc.travel/mailboxes?page=2&per_page=50
2025-10-31T08:09:19.314Z [DEBUG] API call successful: GET https://my.luxurydmc.travel/api/v1/users?page=2&per_page=50
2025-10-31T08:09:19.314Z [INFO] Found 32 users in group, returning 25 for page 1.
2025-10-31T08:09:19.315Z [INFO] GET /api/users - 200
2025-10-31T08:09:19.352Z [DEBUG] API call successful: GET https://my.luxurydmc.travel/api/v1/users?page=2&per_page=50
2025-10-31T08:09:19.405Z [DEBUG] API call successful: GET https://my.luxurydmc.travel/api/v1/mail/luxurydmc.travel/mailboxes?page=2&per_page=50
2025-10-31T08:09:19.406Z [DEBUG] Making API call: GET https://my.luxurydmc.travel/api/v1/mail/luxurydestinationtourism.com/mailboxes?page=1&per_page=50
2025-10-31T08:09:19.458Z [DEBUG] API call successful: GET https://my.luxurydmc.travel/api/v1/mail/luxurydestinationtourism.com/mailboxes?page=1&per_page=50
2025-10-31T08:09:19.459Z [DEBUG] Making API call: GET https://my.luxurydmc.travel/api/v1/mail/luxurydestinationtourism.com/mailboxes?page=2&per_page=50
2025-10-31T08:09:19.509Z [DEBUG] API call successful: GET https://my.luxurydmc.travel/api/v1/mail/luxurydestinationtourism.com/mailboxes?page=2&per_page=50
2025-10-31T08:09:19.509Z [INFO] Found 29 total mailboxes, returning 25 after exclusions for page 1.
2025-10-31T08:09:19.509Z [INFO] GET /api/mailboxes - 200
2025-10-31T08:09:22.101Z [DEBUG] Basic Auth attempt for user: admin
2025-10-31T08:09:22.101Z [INFO] Basic Auth successful for user: admin
2025-10-31T08:09:22.101Z [INFO] Request received to list users (page: 1, per_page: 25).
2025-10-31T08:09:22.102Z [DEBUG] Making API call: GET https://my.luxurydmc.travel/api/v1/users?page=1&per_page=50
2025-10-31T08:09:22.103Z [DEBUG] Making API call: GET https://my.luxurydmc.travel/api/v1/groups/gid-5d8b1201-3e87-415f-ab4c-66bf5ed523f3
2025-10-31T08:09:22.105Z [DEBUG] Basic Auth attempt for user: admin
2025-10-31T08:09:22.105Z [INFO] Basic Auth successful for user: admin
2025-10-31T08:09:22.105Z [INFO] Request received to list mailboxes (page: 1, per_page: 25).
2025-10-31T08:09:22.106Z [INFO] Using configured mail domains: luxurydmc.travel, luxurydestinationtourism.com
2025-10-31T08:09:22.106Z [DEBUG] Making API call: GET https://my.luxurydmc.travel/api/v1/users?page=1&per_page=50
2025-10-31T08:09:22.107Z [DEBUG] Basic Auth attempt for user: admin
2025-10-31T08:09:22.108Z [INFO] Basic Auth successful for user: admin
2025-10-31T08:09:22.108Z [INFO] Serving config with valid domains: {"domains":["luxurydmc.travel","luxurydestinationtourism.com"],"brandName":"Streamway"}
2025-10-31T08:09:22.109Z [DEBUG] Making API call: GET https://my.luxurydmc.travel/api/v1/mail/luxurydmc.travel/mailboxes?page=1&per_page=50
2025-10-31T08:09:22.113Z [INFO] GET /api/config - 200
2025-10-31T08:09:22.204Z [DEBUG] API call successful: GET https://my.luxurydmc.travel/api/v1/users?page=1&per_page=50
2025-10-31T08:09:22.204Z [DEBUG] Making API call: GET https://my.luxurydmc.travel/api/v1/users?page=2&per_page=50
2025-10-31T08:09:22.205Z [DEBUG] API call successful: GET https://my.luxurydmc.travel/api/v1/groups/gid-5d8b1201-3e87-415f-ab4c-66bf5ed523f3
2025-10-31T08:09:22.219Z [DEBUG] API call successful: GET https://my.luxurydmc.travel/api/v1/users?page=1&per_page=50
2025-10-31T08:09:22.220Z [DEBUG] Making API call: GET https://my.luxurydmc.travel/api/v1/users?page=2&per_page=50
2025-10-31T08:09:22.246Z [DEBUG] API call successful: GET https://my.luxurydmc.travel/api/v1/mail/luxurydmc.travel/mailboxes?page=1&per_page=50
2025-10-31T08:09:22.246Z [DEBUG] Making API call: GET https://my.luxurydmc.travel/api/v1/mail/luxurydmc.travel/mailboxes?page=2&per_page=50
2025-10-31T08:09:22.253Z [DEBUG] API call successful: GET https://my.luxurydmc.travel/api/v1/users?page=2&per_page=50
2025-10-31T08:09:22.254Z [INFO] Found 32 users in group, returning 25 for page 1.
2025-10-31T08:09:22.254Z [INFO] GET /api/users - 200
2025-10-31T08:09:22.303Z [DEBUG] API call successful: GET https://my.luxurydmc.travel/api/v1/mail/luxurydmc.travel/mailboxes?page=2&per_page=50
2025-10-31T08:09:22.304Z [DEBUG] API call successful: GET https://my.luxurydmc.travel/api/v1/users?page=2&per_page=50
2025-10-31T08:09:22.304Z [DEBUG] Making API call: GET https://my.luxurydmc.travel/api/v1/mail/luxurydestinationtourism.com/mailboxes?page=1&per_page=50
2025-10-31T08:09:22.356Z [DEBUG] API call successful: GET https://my.luxurydmc.travel/api/v1/mail/luxurydestinationtourism.com/mailboxes?page=1&per_page=50
2025-10-31T08:09:22.357Z [DEBUG] Making API call: GET https://my.luxurydmc.travel/api/v1/mail/luxurydestinationtourism.com/mailboxes?page=2&per_page=50
2025-10-31T08:09:22.406Z [DEBUG] API call successful: GET https://my.luxurydmc.travel/api/v1/mail/luxurydestinationtourism.com/mailboxes?page=2&per_page=50
2025-10-31T08:09:22.407Z [INFO] Found 29 total mailboxes, returning 25 after exclusions for page 1.
2025-10-31T08:09:22.408Z [INFO] GET /api/mailboxes - 200
2025-10-31T08:09:23.105Z [DEBUG] Basic Auth attempt for user: admin
2025-10-31T08:09:23.106Z [INFO] Basic Auth successful for user: admin
2025-10-31T08:09:23.106Z [INFO] Request received to list users (page: 1, per_page: 25).
2025-10-31T08:09:23.106Z [DEBUG] Making API call: GET https://my.luxurydmc.travel/api/v1/users?page=1&per_page=50
2025-10-31T08:09:23.107Z [DEBUG] Making API call: GET https://my.luxurydmc.travel/api/v1/groups/gid-5d8b1201-3e87-415f-ab4c-66bf5ed523f3
2025-10-31T08:09:23.108Z [DEBUG] Basic Auth attempt for user: admin
2025-10-31T08:09:23.108Z [INFO] Basic Auth successful for user: admin
2025-10-31T08:09:23.108Z [INFO] Request received to list mailboxes (page: 1, per_page: 25).
2025-10-31T08:09:23.109Z [INFO] Using configured mail domains: luxurydmc.travel, luxurydestinationtourism.com
2025-10-31T08:09:23.109Z [DEBUG] Making API call: GET https://my.luxurydmc.travel/api/v1/users?page=1&per_page=50
2025-10-31T08:09:23.109Z [DEBUG] Basic Auth attempt for user: admin
2025-10-31T08:09:23.110Z [INFO] Basic Auth successful for user: admin
2025-10-31T08:09:23.110Z [INFO] Serving config with valid domains: {"domains":["luxurydmc.travel","luxurydestinationtourism.com"],"brandName":"Streamway"}
2025-10-31T08:09:23.110Z [DEBUG] Making API call: GET https://my.luxurydmc.travel/api/v1/mail/luxurydmc.travel/mailboxes?page=1&per_page=50
2025-10-31T08:09:23.111Z [INFO] GET /api/config - 200
2025-10-31T08:09:23.212Z [DEBUG] API call successful: GET https://my.luxurydmc.travel/api/v1/users?page=1&per_page=50
2025-10-31T08:09:23.212Z [DEBUG] Making API call: GET https://my.luxurydmc.travel/api/v1/users?page=2&per_page=50
2025-10-31T08:09:23.214Z [DEBUG] API call successful: GET https://my.luxurydmc.travel/api/v1/groups/gid-5d8b1201-3e87-415f-ab4c-66bf5ed523f3
2025-10-31T08:09:23.220Z [DEBUG] API call successful: GET https://my.luxurydmc.travel/api/v1/mail/luxurydmc.travel/mailboxes?page=1&per_page=50
2025-10-31T08:09:23.221Z [DEBUG] Making API call: GET https://my.luxurydmc.travel/api/v1/mail/luxurydmc.travel/mailboxes?page=2&per_page=50
2025-10-31T08:09:23.251Z [DEBUG] API call successful: GET https://my.luxurydmc.travel/api/v1/users?page=1&per_page=50
2025-10-31T08:09:23.252Z [DEBUG] Making API call: GET https://my.luxurydmc.travel/api/v1/users?page=2&per_page=50
2025-10-31T08:09:23.263Z [DEBUG] API call successful: GET https://my.luxurydmc.travel/api/v1/users?page=2&per_page=50
2025-10-31T08:09:23.263Z [INFO] Found 32 users in group, returning 25 for page 1.
2025-10-31T08:09:23.264Z [INFO] GET /api/users - 200
2025-10-31T08:09:23.318Z [DEBUG] API call successful: GET https://my.luxurydmc.travel/api/v1/mail/luxurydmc.travel/mailboxes?page=2&per_page=50
2025-10-31T08:09:23.319Z [DEBUG] API call successful: GET https://my.luxurydmc.travel/api/v1/users?page=2&per_page=50
2025-10-31T08:09:23.319Z [DEBUG] Making API call: GET https://my.luxurydmc.travel/api/v1/mail/luxurydestinationtourism.com/mailboxes?page=1&per_page=50
2025-10-31T08:09:23.371Z [DEBUG] API call successful: GET https://my.luxurydmc.travel/api/v1/mail/luxurydestinationtourism.com/mailboxes?page=1&per_page=50
2025-10-31T08:09:23.372Z [DEBUG] Making API call: GET https://my.luxurydmc.travel/api/v1/mail/luxurydestinationtourism.com/mailboxes?page=2&per_page=50
2025-10-31T08:09:23.422Z [DEBUG] API call successful: GET https://my.luxurydmc.travel/api/v1/mail/luxurydestinationtourism.com/mailboxes?page=2&per_page=50
2025-10-31T08:09:23.422Z [INFO] Found 29 total mailboxes, returning 25 after exclusions for page 1.
2025-10-31T08:09:23.423Z [INFO] GET /api/mailboxes - 200
2025-10-31T08:09:24.415Z [DEBUG] Basic Auth attempt for user: admin
2025-10-31T08:09:24.416Z [INFO] Basic Auth successful for user: admin
2025-10-31T08:09:24.416Z [INFO] Request received to list users (page: 1, per_page: 25).
2025-10-31T08:09:24.417Z [DEBUG] Making API call: GET https://my.luxurydmc.travel/api/v1/users?page=1&per_page=50
2025-10-31T08:09:24.418Z [DEBUG] Making API call: GET https://my.luxurydmc.travel/api/v1/groups/gid-5d8b1201-3e87-415f-ab4c-66bf5ed523f3
2025-10-31T08:09:24.420Z [DEBUG] Basic Auth attempt for user: admin
2025-10-31T08:09:24.420Z [INFO] Basic Auth successful for user: admin
2025-10-31T08:09:24.421Z [INFO] Request received to list mailboxes (page: 1, per_page: 25).
2025-10-31T08:09:24.421Z [INFO] Using configured mail domains: luxurydmc.travel, luxurydestinationtourism.com
2025-10-31T08:09:24.421Z [DEBUG] Making API call: GET https://my.luxurydmc.travel/api/v1/users?page=1&per_page=50
2025-10-31T08:09:24.422Z [DEBUG] Basic Auth attempt for user: admin
2025-10-31T08:09:24.422Z [INFO] Basic Auth successful for user: admin
2025-10-31T08:09:24.423Z [INFO] Serving config with valid domains: {"domains":["luxurydmc.travel","luxurydestinationtourism.com"],"brandName":"Streamway"}
2025-10-31T08:09:24.423Z [DEBUG] Making API call: GET https://my.luxurydmc.travel/api/v1/mail/luxurydmc.travel/mailboxes?page=1&per_page=50
2025-10-31T08:09:24.427Z [INFO] GET /api/config - 200
2025-10-31T08:09:24.480Z [DEBUG] API call successful: GET https://my.luxurydmc.travel/api/v1/groups/gid-5d8b1201-3e87-415f-ab4c-66bf5ed523f3
2025-10-31T08:09:24.527Z [DEBUG] API call successful: GET https://my.luxurydmc.travel/api/v1/users?page=1&per_page=50
2025-10-31T08:09:24.527Z [DEBUG] Making API call: GET https://my.luxurydmc.travel/api/v1/users?page=2&per_page=50
2025-10-31T08:09:24.542Z [DEBUG] API call successful: GET https://my.luxurydmc.travel/api/v1/users?page=1&per_page=50
2025-10-31T08:09:24.542Z [DEBUG] Making API call: GET https://my.luxurydmc.travel/api/v1/users?page=2&per_page=50
2025-10-31T08:09:24.572Z [DEBUG] API call successful: GET https://my.luxurydmc.travel/api/v1/mail/luxurydmc.travel/mailboxes?page=1&per_page=50
2025-10-31T08:09:24.572Z [DEBUG] Making API call: GET https://my.luxurydmc.travel/api/v1/mail/luxurydmc.travel/mailboxes?page=2&per_page=50
2025-10-31T08:09:24.577Z [DEBUG] API call successful: GET https://my.luxurydmc.travel/api/v1/users?page=2&per_page=50
2025-10-31T08:09:24.577Z [INFO] Found 32 users in group, returning 25 for page 1.
2025-10-31T08:09:24.577Z [INFO] GET /api/users - 200
2025-10-31T08:09:24.622Z [DEBUG] API call successful: GET https://my.luxurydmc.travel/api/v1/users?page=2&per_page=50
2025-10-31T08:09:24.670Z [DEBUG] API call successful: GET https://my.luxurydmc.travel/api/v1/mail/luxurydmc.travel/mailboxes?page=2&per_page=50
2025-10-31T08:09:24.671Z [DEBUG] Making API call: GET https://my.luxurydmc.travel/api/v1/mail/luxurydestinationtourism.com/mailboxes?page=1&per_page=50
2025-10-31T08:09:24.726Z [DEBUG] API call successful: GET https://my.luxurydmc.travel/api/v1/mail/luxurydestinationtourism.com/mailboxes?page=1&per_page=50
2025-10-31T08:09:24.727Z [DEBUG] Making API call: GET https://my.luxurydmc.travel/api/v1/mail/luxurydestinationtourism.com/mailboxes?page=2&per_page=50
2025-10-31T08:09:24.779Z [DEBUG] API call successful: GET https://my.luxurydmc.travel/api/v1/mail/luxurydestinationtourism.com/mailboxes?page=2&per_page=50
2025-10-31T08:09:24.779Z [INFO] Found 29 total mailboxes, returning 25 after exclusions for page 1.
2025-10-31T08:09:24.779Z [INFO] GET /api/mailboxes - 200
2025-10-31T08:09:57.683Z [INFO] Application starting...
2025-10-31T08:09:57.685Z [INFO] Running pre-flight checks...
2025-10-31T08:09:57.685Z [INFO] Using configured mail domains: luxurydmc.travel, luxurydestinationtourism.com
2025-10-31T08:09:57.685Z [INFO] Starting in development mode.
2025-10-31T08:09:57.686Z [INFO] Server starting on http://localhost:8020
2025-10-31T08:10:08.534Z [INFO] Application starting...
2025-10-31T08:10:08.535Z [INFO] Running pre-flight checks...
2025-10-31T08:10:08.536Z [INFO] Using configured mail domains: luxurydmc.travel, luxurydestinationtourism.com
2025-10-31T08:10:08.536Z [INFO] Starting in development mode.
2025-10-31T08:10:08.536Z [INFO] Server starting on http://localhost:8020
2025-10-31T08:10:53.532Z [INFO] GET / - 200
2025-10-31T08:10:53.544Z [INFO] GET /style.css - 200
2025-10-31T08:10:53.546Z [INFO] GET /script.js - 200
2025-10-31T08:10:53.597Z [DEBUG] Basic Auth attempt for user: admin
2025-10-31T08:10:53.597Z [INFO] Basic Auth successful for user: admin
2025-10-31T08:10:53.598Z [INFO] Request received to list users (page: 1, per_page: 25, search: ).
2025-10-31T08:10:53.598Z [INFO] No cached group ID. Fetching group info for "luxurydmc"...
2025-10-31T08:10:53.598Z [DEBUG] Making API call: GET https://my.luxurydmc.travel/api/v1/groups?search=luxurydmc
2025-10-31T08:10:53.601Z [DEBUG] Basic Auth attempt for user: admin
2025-10-31T08:10:53.602Z [INFO] Basic Auth successful for user: admin
2025-10-31T08:10:53.602Z [INFO] Request received to list mailboxes (page: 1, per_page: 25, search: ).
2025-10-31T08:10:53.602Z [INFO] Using configured mail domains: luxurydmc.travel, luxurydestinationtourism.com
2025-10-31T08:10:53.602Z [DEBUG] Making API call: GET https://my.luxurydmc.travel/api/v1/users?page=1&per_page=50
2025-10-31T08:10:53.603Z [DEBUG] Making API call: GET https://my.luxurydmc.travel/api/v1/mail/luxurydmc.travel/mailboxes?page=1&per_page=50
2025-10-31T08:10:53.782Z [DEBUG] Basic Auth attempt for user: admin
2025-10-31T08:10:53.782Z [INFO] Basic Auth successful for user: admin
2025-10-31T08:10:53.782Z [INFO] Serving config with valid domains: {"domains":["luxurydmc.travel","luxurydestinationtourism.com"],"brandName":"Streamway"}
2025-10-31T08:10:53.783Z [INFO] GET /api/config - 200
2025-10-31T08:10:53.832Z [DEBUG] API call successful: GET https://my.luxurydmc.travel/api/v1/mail/luxurydmc.travel/mailboxes?page=1&per_page=50
2025-10-31T08:10:53.833Z [DEBUG] Making API call: GET https://my.luxurydmc.travel/api/v1/mail/luxurydmc.travel/mailboxes?page=2&per_page=50
2025-10-31T08:10:53.834Z [DEBUG] API call successful: GET https://my.luxurydmc.travel/api/v1/groups?search=luxurydmc
2025-10-31T08:10:53.857Z [INFO] Managing users for group: luxurydmc (ID: gid-5d8b1201-3e87-415f-ab4c-66bf5ed523f3)
2025-10-31T08:10:53.857Z [DEBUG] Making API call: GET https://my.luxurydmc.travel/api/v1/users?page=1&per_page=50
2025-10-31T08:10:53.857Z [DEBUG] Making API call: GET https://my.luxurydmc.travel/api/v1/groups/gid-5d8b1201-3e87-415f-ab4c-66bf5ed523f3
2025-10-31T08:10:53.882Z [DEBUG] API call successful: GET https://my.luxurydmc.travel/api/v1/users?page=1&per_page=50
2025-10-31T08:10:53.882Z [DEBUG] Making API call: GET https://my.luxurydmc.travel/api/v1/users?page=2&per_page=50
2025-10-31T08:10:53.912Z [DEBUG] API call successful: GET https://my.luxurydmc.travel/api/v1/mail/luxurydmc.travel/mailboxes?page=2&per_page=50
2025-10-31T08:10:53.912Z [DEBUG] Making API call: GET https://my.luxurydmc.travel/api/v1/mail/luxurydestinationtourism.com/mailboxes?page=1&per_page=50
2025-10-31T08:10:53.918Z [DEBUG] API call successful: GET https://my.luxurydmc.travel/api/v1/groups/gid-5d8b1201-3e87-415f-ab4c-66bf5ed523f3
2025-10-31T08:10:53.919Z [DEBUG] API call successful: GET https://my.luxurydmc.travel/api/v1/users?page=1&per_page=50
2025-10-31T08:10:53.920Z [DEBUG] Making API call: GET https://my.luxurydmc.travel/api/v1/users?page=2&per_page=50
2025-10-31T08:10:53.967Z [DEBUG] API call successful: GET https://my.luxurydmc.travel/api/v1/users?page=2&per_page=50
2025-10-31T08:10:54.020Z [DEBUG] API call successful: GET https://my.luxurydmc.travel/api/v1/mail/luxurydestinationtourism.com/mailboxes?page=1&per_page=50
2025-10-31T08:10:54.020Z [DEBUG] Making API call: GET https://my.luxurydmc.travel/api/v1/mail/luxurydestinationtourism.com/mailboxes?page=2&per_page=50
2025-10-31T08:10:54.021Z [DEBUG] API call successful: GET https://my.luxurydmc.travel/api/v1/users?page=2&per_page=50
2025-10-31T08:10:54.021Z [INFO] Found 32 users in group, returning 25 for page 1.
2025-10-31T08:10:54.022Z [INFO] GET /api/users - 200
2025-10-31T08:10:54.075Z [DEBUG] API call successful: GET https://my.luxurydmc.travel/api/v1/mail/luxurydestinationtourism.com/mailboxes?page=2&per_page=50
2025-10-31T08:10:54.076Z [INFO] Found 29 total mailboxes, returning 25 after exclusions for page 1.
2025-10-31T08:10:54.076Z [INFO] GET /api/mailboxes - 200
2025-10-31T08:10:56.102Z [DEBUG] Basic Auth attempt for user: admin
2025-10-31T08:10:56.102Z [INFO] Basic Auth successful for user: admin
2025-10-31T08:10:56.103Z [INFO] Request received to list users (page: 1, per_page: 25, search: r).
2025-10-31T08:10:56.103Z [DEBUG] Making API call: GET https://my.luxurydmc.travel/api/v1/users?page=1&per_page=50
2025-10-31T08:10:56.104Z [DEBUG] Making API call: GET https://my.luxurydmc.travel/api/v1/groups/gid-5d8b1201-3e87-415f-ab4c-66bf5ed523f3
2025-10-31T08:10:56.106Z [DEBUG] Basic Auth attempt for user: admin
2025-10-31T08:10:56.106Z [INFO] Basic Auth successful for user: admin
2025-10-31T08:10:56.107Z [INFO] Request received to list mailboxes (page: 1, per_page: 25, search: ).
2025-10-31T08:10:56.107Z [INFO] Using configured mail domains: luxurydmc.travel, luxurydestinationtourism.com
2025-10-31T08:10:56.107Z [DEBUG] Making API call: GET https://my.luxurydmc.travel/api/v1/users?page=1&per_page=50
2025-10-31T08:10:56.109Z [DEBUG] Basic Auth attempt for user: admin
2025-10-31T08:10:56.109Z [INFO] Basic Auth successful for user: admin
2025-10-31T08:10:56.109Z [INFO] Serving config with valid domains: {"domains":["luxurydmc.travel","luxurydestinationtourism.com"],"brandName":"Streamway"}
2025-10-31T08:10:56.110Z [DEBUG] Making API call: GET https://my.luxurydmc.travel/api/v1/mail/luxurydmc.travel/mailboxes?page=1&per_page=50
2025-10-31T08:10:56.111Z [INFO] GET /api/config - 200
2025-10-31T08:10:56.216Z [DEBUG] API call successful: GET https://my.luxurydmc.travel/api/v1/users?page=1&per_page=50
2025-10-31T08:10:56.216Z [DEBUG] API call successful: GET https://my.luxurydmc.travel/api/v1/groups/gid-5d8b1201-3e87-415f-ab4c-66bf5ed523f3
2025-10-31T08:10:56.217Z [DEBUG] Making API call: GET https://my.luxurydmc.travel/api/v1/users?page=2&per_page=50
2025-10-31T08:10:56.230Z [DEBUG] API call successful: GET https://my.luxurydmc.travel/api/v1/users?page=1&per_page=50
2025-10-31T08:10:56.230Z [DEBUG] Making API call: GET https://my.luxurydmc.travel/api/v1/users?page=2&per_page=50
2025-10-31T08:10:56.263Z [DEBUG] API call successful: GET https://my.luxurydmc.travel/api/v1/mail/luxurydmc.travel/mailboxes?page=1&per_page=50
2025-10-31T08:10:56.263Z [DEBUG] Making API call: GET https://my.luxurydmc.travel/api/v1/mail/luxurydmc.travel/mailboxes?page=2&per_page=50
2025-10-31T08:10:56.274Z [DEBUG] API call successful: GET https://my.luxurydmc.travel/api/v1/users?page=2&per_page=50
2025-10-31T08:10:56.274Z [INFO] Found 32 users in group, returning 25 for page 1.
2025-10-31T08:10:56.275Z [INFO] GET /api/users - 200
2025-10-31T08:10:56.326Z [DEBUG] API call successful: GET https://my.luxurydmc.travel/api/v1/mail/luxurydmc.travel/mailboxes?page=2&per_page=50
2025-10-31T08:10:56.326Z [DEBUG] Making API call: GET https://my.luxurydmc.travel/api/v1/mail/luxurydestinationtourism.com/mailboxes?page=1&per_page=50
2025-10-31T08:10:56.330Z [DEBUG] API call successful: GET https://my.luxurydmc.travel/api/v1/users?page=2&per_page=50
2025-10-31T08:10:56.387Z [DEBUG] API call successful: GET https://my.luxurydmc.travel/api/v1/mail/luxurydestinationtourism.com/mailboxes?page=1&per_page=50
2025-10-31T08:10:56.387Z [DEBUG] Making API call: GET https://my.luxurydmc.travel/api/v1/mail/luxurydestinationtourism.com/mailboxes?page=2&per_page=50
2025-10-31T08:10:56.444Z [DEBUG] API call successful: GET https://my.luxurydmc.travel/api/v1/mail/luxurydestinationtourism.com/mailboxes?page=2&per_page=50
2025-10-31T08:10:56.444Z [INFO] Found 29 total mailboxes, returning 25 after exclusions for page 1.
2025-10-31T08:10:56.445Z [INFO] GET /api/mailboxes - 200
2025-10-31T08:10:56.802Z [DEBUG] Basic Auth attempt for user: admin
2025-10-31T08:10:56.802Z [INFO] Basic Auth successful for user: admin
2025-10-31T08:10:56.803Z [INFO] Request received to list users (page: 1, per_page: 25, search: ra).
2025-10-31T08:10:56.803Z [DEBUG] Basic Auth attempt for user: admin
2025-10-31T08:10:56.804Z [INFO] Basic Auth successful for user: admin
2025-10-31T08:10:56.804Z [INFO] Request received to list mailboxes (page: 1, per_page: 25, search: ).
2025-10-31T08:10:56.805Z [INFO] Using configured mail domains: luxurydmc.travel, luxurydestinationtourism.com
2025-10-31T08:10:56.805Z [DEBUG] Making API call: GET https://my.luxurydmc.travel/api/v1/users?page=1&per_page=50
2025-10-31T08:10:56.806Z [DEBUG] Making API call: GET https://my.luxurydmc.travel/api/v1/users?page=1&per_page=50
2025-10-31T08:10:56.807Z [DEBUG] Making API call: GET https://my.luxurydmc.travel/api/v1/groups/gid-5d8b1201-3e87-415f-ab4c-66bf5ed523f3
2025-10-31T08:10:56.808Z [DEBUG] Making API call: GET https://my.luxurydmc.travel/api/v1/mail/luxurydmc.travel/mailboxes?page=1&per_page=50
2025-10-31T08:10:56.810Z [DEBUG] Basic Auth attempt for user: admin
2025-10-31T08:10:56.810Z [INFO] Basic Auth successful for user: admin
2025-10-31T08:10:56.810Z [INFO] Serving config with valid domains: {"domains":["luxurydmc.travel","luxurydestinationtourism.com"],"brandName":"Streamway"}
2025-10-31T08:10:56.811Z [INFO] GET /api/config - 200
2025-10-31T08:10:56.872Z [DEBUG] API call successful: GET https://my.luxurydmc.travel/api/v1/users?page=1&per_page=50
2025-10-31T08:10:56.872Z [DEBUG] Making API call: GET https://my.luxurydmc.travel/api/v1/users?page=2&per_page=50
2025-10-31T08:10:56.881Z [DEBUG] API call successful: GET https://my.luxurydmc.travel/api/v1/groups/gid-5d8b1201-3e87-415f-ab4c-66bf5ed523f3
2025-10-31T08:10:56.882Z [DEBUG] API call successful: GET https://my.luxurydmc.travel/api/v1/mail/luxurydmc.travel/mailboxes?page=1&per_page=50
2025-10-31T08:10:56.882Z [DEBUG] Making API call: GET https://my.luxurydmc.travel/api/v1/mail/luxurydmc.travel/mailboxes?page=2&per_page=50
2025-10-31T08:10:56.919Z [DEBUG] API call successful: GET https://my.luxurydmc.travel/api/v1/users?page=1&per_page=50
2025-10-31T08:10:56.920Z [DEBUG] Making API call: GET https://my.luxurydmc.travel/api/v1/users?page=2&per_page=50
2025-10-31T08:10:56.930Z [DEBUG] API call successful: GET https://my.luxurydmc.travel/api/v1/users?page=2&per_page=50
2025-10-31T08:10:56.984Z [DEBUG] API call successful: GET https://my.luxurydmc.travel/api/v1/mail/luxurydmc.travel/mailboxes?page=2&per_page=50
2025-10-31T08:10:56.984Z [DEBUG] API call successful: GET https://my.luxurydmc.travel/api/v1/users?page=2&per_page=50
2025-10-31T08:10:56.985Z [DEBUG] Making API call: GET https://my.luxurydmc.travel/api/v1/mail/luxurydestinationtourism.com/mailboxes?page=1&per_page=50
2025-10-31T08:10:56.985Z [INFO] Found 26 users in group, returning 25 for page 1.
2025-10-31T08:10:56.986Z [INFO] GET /api/users - 200
2025-10-31T08:10:57.042Z [DEBUG] API call successful: GET https://my.luxurydmc.travel/api/v1/mail/luxurydestinationtourism.com/mailboxes?page=1&per_page=50
2025-10-31T08:10:57.043Z [DEBUG] Making API call: GET https://my.luxurydmc.travel/api/v1/mail/luxurydestinationtourism.com/mailboxes?page=2&per_page=50
2025-10-31T08:10:57.100Z [DEBUG] API call successful: GET https://my.luxurydmc.travel/api/v1/mail/luxurydestinationtourism.com/mailboxes?page=2&per_page=50
2025-10-31T08:10:57.101Z [INFO] Found 29 total mailboxes, returning 25 after exclusions for page 1.
2025-10-31T08:10:57.101Z [INFO] GET /api/mailboxes - 200
2025-10-31T08:10:57.718Z [DEBUG] Basic Auth attempt for user: admin
2025-10-31T08:10:57.719Z [INFO] Basic Auth successful for user: admin
2025-10-31T08:10:57.719Z [INFO] Request received to list users (page: 1, per_page: 25, search: ram).
2025-10-31T08:10:57.719Z [DEBUG] Making API call: GET https://my.luxurydmc.travel/api/v1/users?page=1&per_page=50
2025-10-31T08:10:57.720Z [DEBUG] Making API call: GET https://my.luxurydmc.travel/api/v1/groups/gid-5d8b1201-3e87-415f-ab4c-66bf5ed523f3
2025-10-31T08:10:57.721Z [DEBUG] Basic Auth attempt for user: admin
2025-10-31T08:10:57.721Z [INFO] Basic Auth successful for user: admin
2025-10-31T08:10:57.721Z [INFO] Request received to list mailboxes (page: 1, per_page: 25, search: ).
2025-10-31T08:10:57.722Z [INFO] Using configured mail domains: luxurydmc.travel, luxurydestinationtourism.com
2025-10-31T08:10:57.722Z [DEBUG] Making API call: GET https://my.luxurydmc.travel/api/v1/users?page=1&per_page=50
2025-10-31T08:10:57.722Z [DEBUG] Basic Auth attempt for user: admin
2025-10-31T08:10:57.723Z [INFO] Basic Auth successful for user: admin
2025-10-31T08:10:57.723Z [INFO] Serving config with valid domains: {"domains":["luxurydmc.travel","luxurydestinationtourism.com"],"brandName":"Streamway"}
2025-10-31T08:10:57.723Z [DEBUG] Making API call: GET https://my.luxurydmc.travel/api/v1/mail/luxurydmc.travel/mailboxes?page=1&per_page=50
2025-10-31T08:10:57.724Z [INFO] GET /api/config - 200
2025-10-31T08:10:57.777Z [DEBUG] API call successful: GET https://my.luxurydmc.travel/api/v1/groups/gid-5d8b1201-3e87-415f-ab4c-66bf5ed523f3
2025-10-31T08:10:57.826Z [DEBUG] API call successful: GET https://my.luxurydmc.travel/api/v1/users?page=1&per_page=50
2025-10-31T08:10:57.827Z [DEBUG] Making API call: GET https://my.luxurydmc.travel/api/v1/users?page=2&per_page=50
2025-10-31T08:10:57.836Z [DEBUG] API call successful: GET https://my.luxurydmc.travel/api/v1/users?page=1&per_page=50
2025-10-31T08:10:57.837Z [DEBUG] Making API call: GET https://my.luxurydmc.travel/api/v1/users?page=2&per_page=50
2025-10-31T08:10:57.868Z [DEBUG] API call successful: GET https://my.luxurydmc.travel/api/v1/mail/luxurydmc.travel/mailboxes?page=1&per_page=50
2025-10-31T08:10:57.868Z [DEBUG] Making API call: GET https://my.luxurydmc.travel/api/v1/mail/luxurydmc.travel/mailboxes?page=2&per_page=50
2025-10-31T08:10:57.879Z [DEBUG] API call successful: GET https://my.luxurydmc.travel/api/v1/users?page=2&per_page=50
2025-10-31T08:10:57.880Z [INFO] Found 1 users in group, returning 1 for page 1.
2025-10-31T08:10:57.881Z [INFO] GET /api/users - 200
2025-10-31T08:10:57.935Z [DEBUG] API call successful: GET https://my.luxurydmc.travel/api/v1/mail/luxurydmc.travel/mailboxes?page=2&per_page=50
2025-10-31T08:10:57.936Z [DEBUG] API call successful: GET https://my.luxurydmc.travel/api/v1/users?page=2&per_page=50
2025-10-31T08:10:57.936Z [DEBUG] Making API call: GET https://my.luxurydmc.travel/api/v1/mail/luxurydestinationtourism.com/mailboxes?page=1&per_page=50
2025-10-31T08:10:57.990Z [DEBUG] API call successful: GET https://my.luxurydmc.travel/api/v1/mail/luxurydestinationtourism.com/mailboxes?page=1&per_page=50
2025-10-31T08:10:57.991Z [DEBUG] Making API call: GET https://my.luxurydmc.travel/api/v1/mail/luxurydestinationtourism.com/mailboxes?page=2&per_page=50
2025-10-31T08:10:58.043Z [DEBUG] API call successful: GET https://my.luxurydmc.travel/api/v1/mail/luxurydestinationtourism.com/mailboxes?page=2&per_page=50
2025-10-31T08:10:58.044Z [INFO] Found 29 total mailboxes, returning 25 after exclusions for page 1.
2025-10-31T08:10:58.044Z [INFO] GET /api/mailboxes - 200
2025-10-31T08:11:01.476Z [DEBUG] Basic Auth attempt for user: admin
2025-10-31T08:11:01.477Z [INFO] Basic Auth successful for user: admin
2025-10-31T08:11:01.477Z [INFO] Request received to list users (page: 1, per_page: 25, search: ).
2025-10-31T08:11:01.478Z [DEBUG] Making API call: GET https://my.luxurydmc.travel/api/v1/users?page=1&per_page=50
2025-10-31T08:11:01.478Z [DEBUG] Making API call: GET https://my.luxurydmc.travel/api/v1/groups/gid-5d8b1201-3e87-415f-ab4c-66bf5ed523f3
2025-10-31T08:11:01.480Z [DEBUG] Basic Auth attempt for user: admin
2025-10-31T08:11:01.481Z [INFO] Basic Auth successful for user: admin
2025-10-31T08:11:01.481Z [INFO] Request received to list mailboxes (page: 1, per_page: 25, search: ).
2025-10-31T08:11:01.482Z [INFO] Using configured mail domains: luxurydmc.travel, luxurydestinationtourism.com
2025-10-31T08:11:01.482Z [DEBUG] Making API call: GET https://my.luxurydmc.travel/api/v1/users?page=1&per_page=50
2025-10-31T08:11:01.484Z [DEBUG] Basic Auth attempt for user: admin
2025-10-31T08:11:01.484Z [INFO] Basic Auth successful for user: admin
2025-10-31T08:11:01.484Z [INFO] Serving config with valid domains: {"domains":["luxurydmc.travel","luxurydestinationtourism.com"],"brandName":"Streamway"}
2025-10-31T08:11:01.485Z [DEBUG] Making API call: GET https://my.luxurydmc.travel/api/v1/mail/luxurydmc.travel/mailboxes?page=1&per_page=50
2025-10-31T08:11:01.485Z [INFO] GET /api/config - 200
2025-10-31T08:11:01.597Z [DEBUG] API call successful: GET https://my.luxurydmc.travel/api/v1/users?page=1&per_page=50
2025-10-31T08:11:01.597Z [DEBUG] API call successful: GET https://my.luxurydmc.travel/api/v1/groups/gid-5d8b1201-3e87-415f-ab4c-66bf5ed523f3
2025-10-31T08:11:01.597Z [DEBUG] Making API call: GET https://my.luxurydmc.travel/api/v1/users?page=2&per_page=50
2025-10-31T08:11:01.614Z [DEBUG] API call successful: GET https://my.luxurydmc.travel/api/v1/users?page=1&per_page=50
2025-10-31T08:11:01.614Z [DEBUG] Making API call: GET https://my.luxurydmc.travel/api/v1/users?page=2&per_page=50
2025-10-31T08:11:01.646Z [DEBUG] API call successful: GET https://my.luxurydmc.travel/api/v1/mail/luxurydmc.travel/mailboxes?page=1&per_page=50
2025-10-31T08:11:01.647Z [DEBUG] Making API call: GET https://my.luxurydmc.travel/api/v1/mail/luxurydmc.travel/mailboxes?page=2&per_page=50
2025-10-31T08:11:01.651Z [DEBUG] API call successful: GET https://my.luxurydmc.travel/api/v1/users?page=2&per_page=50
2025-10-31T08:11:01.651Z [INFO] Found 32 users in group, returning 25 for page 1.
2025-10-31T08:11:01.652Z [INFO] GET /api/users - 200
2025-10-31T08:11:01.706Z [DEBUG] API call successful: GET https://my.luxurydmc.travel/api/v1/mail/luxurydmc.travel/mailboxes?page=2&per_page=50
2025-10-31T08:11:01.706Z [DEBUG] API call successful: GET https://my.luxurydmc.travel/api/v1/users?page=2&per_page=50
2025-10-31T08:11:01.706Z [DEBUG] Making API call: GET https://my.luxurydmc.travel/api/v1/mail/luxurydestinationtourism.com/mailboxes?page=1&per_page=50
2025-10-31T08:11:01.761Z [DEBUG] API call successful: GET https://my.luxurydmc.travel/api/v1/mail/luxurydestinationtourism.com/mailboxes?page=1&per_page=50
2025-10-31T08:11:01.761Z [DEBUG] Making API call: GET https://my.luxurydmc.travel/api/v1/mail/luxurydestinationtourism.com/mailboxes?page=2&per_page=50
2025-10-31T08:11:01.818Z [DEBUG] API call successful: GET https://my.luxurydmc.travel/api/v1/mail/luxurydestinationtourism.com/mailboxes?page=2&per_page=50
2025-10-31T08:11:01.818Z [INFO] Found 29 total mailboxes, returning 25 after exclusions for page 1.
2025-10-31T08:11:01.819Z [INFO] GET /api/mailboxes - 200
2025-10-31T08:11:03.777Z [DEBUG] Basic Auth attempt for user: admin
2025-10-31T08:11:03.777Z [INFO] Basic Auth successful for user: admin
2025-10-31T08:11:03.777Z [INFO] Request received to list mailboxes (page: 1, per_page: 25, search: r).
2025-10-31T08:11:03.778Z [INFO] Using configured mail domains: luxurydmc.travel, luxurydestinationtourism.com
2025-10-31T08:11:03.778Z [DEBUG] Making API call: GET https://my.luxurydmc.travel/api/v1/users?page=1&per_page=50
2025-10-31T08:11:03.778Z [DEBUG] Making API call: GET https://my.luxurydmc.travel/api/v1/mail/luxurydmc.travel/mailboxes?page=1&per_page=50
2025-10-31T08:11:03.779Z [DEBUG] Basic Auth attempt for user: admin
2025-10-31T08:11:03.780Z [INFO] Basic Auth successful for user: admin
2025-10-31T08:11:03.780Z [INFO] Request received to list users (page: 1, per_page: 25, search: ).
2025-10-31T08:11:03.780Z [DEBUG] Basic Auth attempt for user: admin
2025-10-31T08:11:03.780Z [INFO] Basic Auth successful for user: admin
2025-10-31T08:11:03.781Z [INFO] Serving config with valid domains: {"domains":["luxurydmc.travel","luxurydestinationtourism.com"],"brandName":"Streamway"}
2025-10-31T08:11:03.781Z [DEBUG] Making API call: GET https://my.luxurydmc.travel/api/v1/users?page=1&per_page=50
2025-10-31T08:11:03.781Z [DEBUG] Making API call: GET https://my.luxurydmc.travel/api/v1/groups/gid-5d8b1201-3e87-415f-ab4c-66bf5ed523f3
2025-10-31T08:11:03.782Z [INFO] GET /api/config - 200
2025-10-31T08:11:03.837Z [DEBUG] API call successful: GET https://my.luxurydmc.travel/api/v1/mail/luxurydmc.travel/mailboxes?page=1&per_page=50
2025-10-31T08:11:03.838Z [DEBUG] Making API call: GET https://my.luxurydmc.travel/api/v1/mail/luxurydmc.travel/mailboxes?page=2&per_page=50
2025-10-31T08:11:03.881Z [DEBUG] API call successful: GET https://my.luxurydmc.travel/api/v1/users?page=1&per_page=50
2025-10-31T08:11:03.881Z [DEBUG] Making API call: GET https://my.luxurydmc.travel/api/v1/users?page=2&per_page=50
2025-10-31T08:11:03.889Z [DEBUG] API call successful: GET https://my.luxurydmc.travel/api/v1/groups/gid-5d8b1201-3e87-415f-ab4c-66bf5ed523f3
2025-10-31T08:11:03.927Z [DEBUG] API call successful: GET https://my.luxurydmc.travel/api/v1/users?page=1&per_page=50
2025-10-31T08:11:03.928Z [DEBUG] Making API call: GET https://my.luxurydmc.travel/api/v1/users?page=2&per_page=50
2025-10-31T08:11:03.951Z [DEBUG] API call successful: GET https://my.luxurydmc.travel/api/v1/mail/luxurydmc.travel/mailboxes?page=2&per_page=50
2025-10-31T08:11:03.951Z [DEBUG] Making API call: GET https://my.luxurydmc.travel/api/v1/mail/luxurydestinationtourism.com/mailboxes?page=1&per_page=50
2025-10-31T08:11:03.984Z [DEBUG] API call successful: GET https://my.luxurydmc.travel/api/v1/users?page=2&per_page=50
2025-10-31T08:11:04.049Z [DEBUG] API call successful: GET https://my.luxurydmc.travel/api/v1/mail/luxurydestinationtourism.com/mailboxes?page=1&per_page=50
2025-10-31T08:11:04.049Z [DEBUG] Making API call: GET https://my.luxurydmc.travel/api/v1/mail/luxurydestinationtourism.com/mailboxes?page=2&per_page=50
2025-10-31T08:11:04.049Z [DEBUG] API call successful: GET https://my.luxurydmc.travel/api/v1/users?page=2&per_page=50
2025-10-31T08:11:04.050Z [INFO] Found 32 users in group, returning 25 for page 1.
2025-10-31T08:11:04.050Z [INFO] GET /api/users - 200
2025-10-31T08:11:04.103Z [DEBUG] API call successful: GET https://my.luxurydmc.travel/api/v1/mail/luxurydestinationtourism.com/mailboxes?page=2&per_page=50
2025-10-31T08:11:04.104Z [INFO] Found 29 total mailboxes, returning 25 after exclusions for page 1.
2025-10-31T08:11:04.104Z [INFO] GET /api/mailboxes - 200
2025-10-31T08:11:04.406Z [DEBUG] Basic Auth attempt for user: admin
2025-10-31T08:11:04.407Z [INFO] Basic Auth successful for user: admin
2025-10-31T08:11:04.407Z [INFO] Request received to list mailboxes (page: 1, per_page: 25, search: ra).
2025-10-31T08:11:04.408Z [INFO] Using configured mail domains: luxurydmc.travel, luxurydestinationtourism.com
2025-10-31T08:11:04.408Z [DEBUG] Making API call: GET https://my.luxurydmc.travel/api/v1/users?page=1&per_page=50
2025-10-31T08:11:04.409Z [DEBUG] Basic Auth attempt for user: admin
2025-10-31T08:11:04.410Z [INFO] Basic Auth successful for user: admin
2025-10-31T08:11:04.410Z [INFO] Request received to list users (page: 1, per_page: 25, search: ).
2025-10-31T08:11:04.410Z [DEBUG] Making API call: GET https://my.luxurydmc.travel/api/v1/mail/luxurydmc.travel/mailboxes?page=1&per_page=50
2025-10-31T08:11:04.411Z [DEBUG] Making API call: GET https://my.luxurydmc.travel/api/v1/users?page=1&per_page=50
2025-10-31T08:11:04.412Z [DEBUG] Making API call: GET https://my.luxurydmc.travel/api/v1/groups/gid-5d8b1201-3e87-415f-ab4c-66bf5ed523f3
2025-10-31T08:11:04.414Z [DEBUG] Basic Auth attempt for user: admin
2025-10-31T08:11:04.415Z [INFO] Basic Auth successful for user: admin
2025-10-31T08:11:04.415Z [INFO] Serving config with valid domains: {"domains":["luxurydmc.travel","luxurydestinationtourism.com"],"brandName":"Streamway"}
2025-10-31T08:11:04.417Z [INFO] GET /api/config - 200
2025-10-31T08:11:04.479Z [DEBUG] API call successful: GET https://my.luxurydmc.travel/api/v1/users?page=1&per_page=50
2025-10-31T08:11:04.480Z [DEBUG] Making API call: GET https://my.luxurydmc.travel/api/v1/users?page=2&per_page=50
2025-10-31T08:11:04.481Z [DEBUG] API call successful: GET https://my.luxurydmc.travel/api/v1/groups/gid-5d8b1201-3e87-415f-ab4c-66bf5ed523f3
2025-10-31T08:11:04.527Z [DEBUG] API call successful: GET https://my.luxurydmc.travel/api/v1/mail/luxurydmc.travel/mailboxes?page=1&per_page=50
2025-10-31T08:11:04.528Z [DEBUG] Making API call: GET https://my.luxurydmc.travel/api/v1/mail/luxurydmc.travel/mailboxes?page=2&per_page=50
2025-10-31T08:11:04.530Z [DEBUG] API call successful: GET https://my.luxurydmc.travel/api/v1/users?page=1&per_page=50
2025-10-31T08:11:04.530Z [DEBUG] Making API call: GET https://my.luxurydmc.travel/api/v1/users?page=2&per_page=50
2025-10-31T08:11:04.535Z [DEBUG] API call successful: GET https://my.luxurydmc.travel/api/v1/users?page=2&per_page=50
2025-10-31T08:11:04.584Z [DEBUG] API call successful: GET https://my.luxurydmc.travel/api/v1/mail/luxurydmc.travel/mailboxes?page=2&per_page=50
2025-10-31T08:11:04.584Z [DEBUG] Making API call: GET https://my.luxurydmc.travel/api/v1/mail/luxurydestinationtourism.com/mailboxes?page=1&per_page=50
2025-10-31T08:11:04.639Z [DEBUG] API call successful: GET https://my.luxurydmc.travel/api/v1/users?page=2&per_page=50
2025-10-31T08:11:04.639Z [INFO] Found 32 users in group, returning 25 for page 1.
2025-10-31T08:11:04.640Z [INFO] GET /api/users - 200
2025-10-31T08:11:04.694Z [DEBUG] API call successful: GET https://my.luxurydmc.travel/api/v1/mail/luxurydestinationtourism.com/mailboxes?page=1&per_page=50
2025-10-31T08:11:04.696Z [DEBUG] Making API call: GET https://my.luxurydmc.travel/api/v1/mail/luxurydestinationtourism.com/mailboxes?page=2&per_page=50
2025-10-31T08:11:04.750Z [DEBUG] API call successful: GET https://my.luxurydmc.travel/api/v1/mail/luxurydestinationtourism.com/mailboxes?page=2&per_page=50
2025-10-31T08:11:04.751Z [INFO] Found 21 total mailboxes, returning 21 after exclusions for page 1.
2025-10-31T08:11:04.752Z [INFO] GET /api/mailboxes - 200
2025-10-31T08:11:07.260Z [DEBUG] Basic Auth attempt for user: admin
2025-10-31T08:11:07.261Z [INFO] Basic Auth successful for user: admin
2025-10-31T08:11:07.261Z [INFO] Request received to list mailboxes (page: 1, per_page: 25, search: ram).
2025-10-31T08:11:07.262Z [INFO] Using configured mail domains: luxurydmc.travel, luxurydestinationtourism.com
2025-10-31T08:11:07.262Z [DEBUG] Making API call: GET https://my.luxurydmc.travel/api/v1/users?page=1&per_page=50
2025-10-31T08:11:07.264Z [DEBUG] Making API call: GET https://my.luxurydmc.travel/api/v1/mail/luxurydmc.travel/mailboxes?page=1&per_page=50
2025-10-31T08:11:07.266Z [DEBUG] Basic Auth attempt for user: admin
2025-10-31T08:11:07.266Z [INFO] Basic Auth successful for user: admin
2025-10-31T08:11:07.267Z [INFO] Request received to list users (page: 1, per_page: 25, search: ).
2025-10-31T08:11:07.267Z [DEBUG] Basic Auth attempt for user: admin
2025-10-31T08:11:07.268Z [INFO] Basic Auth successful for user: admin
2025-10-31T08:11:07.268Z [INFO] Serving config with valid domains: {"domains":["luxurydmc.travel","luxurydestinationtourism.com"],"brandName":"Streamway"}
2025-10-31T08:11:07.269Z [DEBUG] Making API call: GET https://my.luxurydmc.travel/api/v1/users?page=1&per_page=50
2025-10-31T08:11:07.270Z [DEBUG] Making API call: GET https://my.luxurydmc.travel/api/v1/groups/gid-5d8b1201-3e87-415f-ab4c-66bf5ed523f3
2025-10-31T08:11:07.273Z [INFO] GET /api/config - 200
2025-10-31T08:11:07.348Z [DEBUG] API call successful: GET https://my.luxurydmc.travel/api/v1/mail/luxurydmc.travel/mailboxes?page=1&per_page=50
2025-10-31T08:11:07.348Z [DEBUG] Making API call: GET https://my.luxurydmc.travel/api/v1/mail/luxurydmc.travel/mailboxes?page=2&per_page=50
2025-10-31T08:11:07.407Z [DEBUG] API call successful: GET https://my.luxurydmc.travel/api/v1/users?page=1&per_page=50
2025-10-31T08:11:07.407Z [DEBUG] API call successful: GET https://my.luxurydmc.travel/api/v1/groups/gid-5d8b1201-3e87-415f-ab4c-66bf5ed523f3
2025-10-31T08:11:07.408Z [DEBUG] Making API call: GET https://my.luxurydmc.travel/api/v1/users?page=2&per_page=50
2025-10-31T08:11:07.475Z [DEBUG] API call successful: GET https://my.luxurydmc.travel/api/v1/users?page=1&per_page=50
2025-10-31T08:11:07.476Z [DEBUG] API call successful: GET https://my.luxurydmc.travel/api/v1/mail/luxurydmc.travel/mailboxes?page=2&per_page=50
2025-10-31T08:11:07.476Z [DEBUG] Making API call: GET https://my.luxurydmc.travel/api/v1/users?page=2&per_page=50
2025-10-31T08:11:07.478Z [DEBUG] Making API call: GET https://my.luxurydmc.travel/api/v1/mail/luxurydestinationtourism.com/mailboxes?page=1&per_page=50
2025-10-31T08:11:07.544Z [DEBUG] API call successful: GET https://my.luxurydmc.travel/api/v1/users?page=2&per_page=50
2025-10-31T08:11:07.622Z [DEBUG] API call successful: GET https://my.luxurydmc.travel/api/v1/users?page=2&per_page=50
2025-10-31T08:11:07.623Z [INFO] Found 32 users in group, returning 25 for page 1.
2025-10-31T08:11:07.623Z [INFO] GET /api/users - 200
2025-10-31T08:11:07.624Z [DEBUG] API call successful: GET https://my.luxurydmc.travel/api/v1/mail/luxurydestinationtourism.com/mailboxes?page=1&per_page=50
2025-10-31T08:11:07.624Z [DEBUG] Making API call: GET https://my.luxurydmc.travel/api/v1/mail/luxurydestinationtourism.com/mailboxes?page=2&per_page=50
2025-10-31T08:11:07.698Z [DEBUG] API call successful: GET https://my.luxurydmc.travel/api/v1/mail/luxurydestinationtourism.com/mailboxes?page=2&per_page=50
2025-10-31T08:11:07.699Z [INFO] Found 1 total mailboxes, returning 1 after exclusions for page 1.
2025-10-31T08:11:07.699Z [INFO] GET /api/mailboxes - 200
2025-10-31T08:11:11.114Z [DEBUG] Basic Auth attempt for user: admin
2025-10-31T08:11:11.115Z [INFO] Basic Auth successful for user: admin
2025-10-31T08:11:11.115Z [INFO] Request received to list users (page: 1, per_page: 25, search: ).
2025-10-31T08:11:11.116Z [DEBUG] Basic Auth attempt for user: admin
2025-10-31T08:11:11.117Z [INFO] Basic Auth successful for user: admin
2025-10-31T08:11:11.117Z [INFO] Request received to list mailboxes (page: 1, per_page: 25, search: ra).
2025-10-31T08:11:11.117Z [INFO] Using configured mail domains: luxurydmc.travel, luxurydestinationtourism.com
2025-10-31T08:11:11.118Z [DEBUG] Making API call: GET https://my.luxurydmc.travel/api/v1/users?page=1&per_page=50
2025-10-31T08:11:11.119Z [DEBUG] Making API call: GET https://my.luxurydmc.travel/api/v1/users?page=1&per_page=50
2025-10-31T08:11:11.120Z [DEBUG] Making API call: GET https://my.luxurydmc.travel/api/v1/groups/gid-5d8b1201-3e87-415f-ab4c-66bf5ed523f3
2025-10-31T08:11:11.121Z [DEBUG] Making API call: GET https://my.luxurydmc.travel/api/v1/mail/luxurydmc.travel/mailboxes?page=1&per_page=50
2025-10-31T08:11:11.123Z [DEBUG] Basic Auth attempt for user: admin
2025-10-31T08:11:11.124Z [INFO] Basic Auth successful for user: admin
2025-10-31T08:11:11.124Z [INFO] Serving config with valid domains: {"domains":["luxurydmc.travel","luxurydestinationtourism.com"],"brandName":"Streamway"}
2025-10-31T08:11:11.125Z [INFO] GET /api/config - 200
2025-10-31T08:11:11.259Z [DEBUG] API call successful: GET https://my.luxurydmc.travel/api/v1/users?page=1&per_page=50
2025-10-31T08:11:11.259Z [DEBUG] API call successful: GET https://my.luxurydmc.travel/api/v1/groups/gid-5d8b1201-3e87-415f-ab4c-66bf5ed523f3
2025-10-31T08:11:11.260Z [DEBUG] Making API call: GET https://my.luxurydmc.travel/api/v1/users?page=2&per_page=50
2025-10-31T08:11:11.261Z [DEBUG] API call successful: GET https://my.luxurydmc.travel/api/v1/mail/luxurydmc.travel/mailboxes?page=1&per_page=50
2025-10-31T08:11:11.262Z [DEBUG] Making API call: GET https://my.luxurydmc.travel/api/v1/mail/luxurydmc.travel/mailboxes?page=2&per_page=50
2025-10-31T08:11:11.274Z [DEBUG] API call successful: GET https://my.luxurydmc.travel/api/v1/users?page=1&per_page=50
2025-10-31T08:11:11.326Z [DEBUG] Making API call: GET https://my.luxurydmc.travel/api/v1/users?page=2&per_page=50
2025-10-31T08:11:11.329Z [DEBUG] API call successful: GET https://my.luxurydmc.travel/api/v1/users?page=2&per_page=50
2025-10-31T08:11:11.329Z [INFO] Found 32 users in group, returning 25 for page 1.
2025-10-31T08:11:11.330Z [INFO] GET /api/users - 200
2025-10-31T08:11:11.383Z [DEBUG] API call successful: GET https://my.luxurydmc.travel/api/v1/mail/luxurydmc.travel/mailboxes?page=2&per_page=50
2025-10-31T08:11:11.383Z [DEBUG] API call successful: GET https://my.luxurydmc.travel/api/v1/users?page=2&per_page=50
2025-10-31T08:11:11.384Z [DEBUG] Making API call: GET https://my.luxurydmc.travel/api/v1/mail/luxurydestinationtourism.com/mailboxes?page=1&per_page=50
2025-10-31T08:11:11.442Z [DEBUG] API call successful: GET https://my.luxurydmc.travel/api/v1/mail/luxurydestinationtourism.com/mailboxes?page=1&per_page=50
2025-10-31T08:11:11.443Z [DEBUG] Making API call: GET https://my.luxurydmc.travel/api/v1/mail/luxurydestinationtourism.com/mailboxes?page=2&per_page=50
2025-10-31T08:11:11.495Z [DEBUG] API call successful: GET https://my.luxurydmc.travel/api/v1/mail/luxurydestinationtourism.com/mailboxes?page=2&per_page=50
2025-10-31T08:11:11.495Z [INFO] Found 21 total mailboxes, returning 21 after exclusions for page 1.
2025-10-31T08:11:11.496Z [INFO] GET /api/mailboxes - 200
2025-10-31T08:11:17.258Z [DEBUG] Basic Auth attempt for user: admin
2025-10-31T08:11:17.259Z [INFO] Basic Auth successful for user: admin
2025-10-31T08:11:17.259Z [INFO] Request received to list users (page: 1, per_page: 25, search: ).
2025-10-31T08:11:17.259Z [DEBUG] Basic Auth attempt for user: admin
2025-10-31T08:11:17.260Z [INFO] Basic Auth successful for user: admin
2025-10-31T08:11:17.260Z [INFO] Request received to list mailboxes (page: 1, per_page: 25, search: ram).
2025-10-31T08:11:17.260Z [INFO] Using configured mail domains: luxurydmc.travel, luxurydestinationtourism.com
2025-10-31T08:11:17.260Z [DEBUG] Making API call: GET https://my.luxurydmc.travel/api/v1/users?page=1&per_page=50
2025-10-31T08:11:17.261Z [DEBUG] Making API call: GET https://my.luxurydmc.travel/api/v1/users?page=1&per_page=50
2025-10-31T08:11:17.262Z [DEBUG] Making API call: GET https://my.luxurydmc.travel/api/v1/groups/gid-5d8b1201-3e87-415f-ab4c-66bf5ed523f3
2025-10-31T08:11:17.262Z [DEBUG] Making API call: GET https://my.luxurydmc.travel/api/v1/mail/luxurydmc.travel/mailboxes?page=1&per_page=50
2025-10-31T08:11:17.263Z [DEBUG] Basic Auth attempt for user: admin
2025-10-31T08:11:17.264Z [INFO] Basic Auth successful for user: admin
2025-10-31T08:11:17.264Z [INFO] Serving config with valid domains: {"domains":["luxurydmc.travel","luxurydestinationtourism.com"],"brandName":"Streamway"}
2025-10-31T08:11:17.265Z [INFO] GET /api/config - 200
2025-10-31T08:11:17.393Z [DEBUG] API call successful: GET https://my.luxurydmc.travel/api/v1/users?page=1&per_page=50
2025-10-31T08:11:17.394Z [DEBUG] API call successful: GET https://my.luxurydmc.travel/api/v1/groups/gid-5d8b1201-3e87-415f-ab4c-66bf5ed523f3
2025-10-31T08:11:17.394Z [DEBUG] API call successful: GET https://my.luxurydmc.travel/api/v1/mail/luxurydmc.travel/mailboxes?page=1&per_page=50
2025-10-31T08:11:17.394Z [DEBUG] API call successful: GET https://my.luxurydmc.travel/api/v1/users?page=1&per_page=50
2025-10-31T08:11:17.396Z [DEBUG] Making API call: GET https://my.luxurydmc.travel/api/v1/mail/luxurydmc.travel/mailboxes?page=2&per_page=50
2025-10-31T08:11:17.397Z [DEBUG] Making API call: GET https://my.luxurydmc.travel/api/v1/users?page=2&per_page=50
2025-10-31T08:11:17.440Z [DEBUG] Making API call: GET https://my.luxurydmc.travel/api/v1/users?page=2&per_page=50
2025-10-31T08:11:17.457Z [DEBUG] API call successful: GET https://my.luxurydmc.travel/api/v1/mail/luxurydmc.travel/mailboxes?page=2&per_page=50
2025-10-31T08:11:17.458Z [DEBUG] API call successful: GET https://my.luxurydmc.travel/api/v1/users?page=2&per_page=50
2025-10-31T08:11:17.458Z [DEBUG] Making API call: GET https://my.luxurydmc.travel/api/v1/mail/luxurydestinationtourism.com/mailboxes?page=1&per_page=50
2025-10-31T08:11:17.514Z [DEBUG] API call successful: GET https://my.luxurydmc.travel/api/v1/users?page=2&per_page=50
2025-10-31T08:11:17.514Z [INFO] Found 32 users in group, returning 25 for page 1.
2025-10-31T08:11:17.514Z [INFO] GET /api/users - 200
2025-10-31T08:11:17.570Z [DEBUG] API call successful: GET https://my.luxurydmc.travel/api/v1/mail/luxurydestinationtourism.com/mailboxes?page=1&per_page=50
2025-10-31T08:11:17.571Z [DEBUG] Making API call: GET https://my.luxurydmc.travel/api/v1/mail/luxurydestinationtourism.com/mailboxes?page=2&per_page=50
2025-10-31T08:11:17.626Z [DEBUG] API call successful: GET https://my.luxurydmc.travel/api/v1/mail/luxurydestinationtourism.com/mailboxes?page=2&per_page=50
2025-10-31T08:11:17.627Z [INFO] Found 1 total mailboxes, returning 1 after exclusions for page 1.
2025-10-31T08:11:17.628Z [INFO] GET /api/mailboxes - 200
2025-10-31T08:11:19.321Z [DEBUG] Basic Auth attempt for user: admin
2025-10-31T08:11:19.322Z [INFO] Basic Auth successful for user: admin
2025-10-31T08:11:19.322Z [INFO] Request received to list mailboxes (page: 1, per_page: 25, search: ramj).
2025-10-31T08:11:19.323Z [INFO] Using configured mail domains: luxurydmc.travel, luxurydestinationtourism.com
2025-10-31T08:11:19.323Z [DEBUG] Making API call: GET https://my.luxurydmc.travel/api/v1/users?page=1&per_page=50
2025-10-31T08:11:19.325Z [DEBUG] Making API call: GET https://my.luxurydmc.travel/api/v1/mail/luxurydmc.travel/mailboxes?page=1&per_page=50
2025-10-31T08:11:19.328Z [DEBUG] Basic Auth attempt for user: admin
2025-10-31T08:11:19.329Z [INFO] Basic Auth successful for user: admin
2025-10-31T08:11:19.329Z [INFO] Request received to list users (page: 1, per_page: 25, search: ).
2025-10-31T08:11:19.330Z [DEBUG] Basic Auth attempt for user: admin
2025-10-31T08:11:19.330Z [INFO] Basic Auth successful for user: admin
2025-10-31T08:11:19.330Z [INFO] Serving config with valid domains: {"domains":["luxurydmc.travel","luxurydestinationtourism.com"],"brandName":"Streamway"}
2025-10-31T08:11:19.331Z [DEBUG] Making API call: GET https://my.luxurydmc.travel/api/v1/users?page=1&per_page=50
2025-10-31T08:11:19.332Z [DEBUG] Making API call: GET https://my.luxurydmc.travel/api/v1/groups/gid-5d8b1201-3e87-415f-ab4c-66bf5ed523f3
2025-10-31T08:11:19.334Z [INFO] GET /api/config - 200
2025-10-31T08:11:19.383Z [DEBUG] API call successful: GET https://my.luxurydmc.travel/api/v1/mail/luxurydmc.travel/mailboxes?page=1&per_page=50
2025-10-31T08:11:19.383Z [DEBUG] Making API call: GET https://my.luxurydmc.travel/api/v1/mail/luxurydmc.travel/mailboxes?page=2&per_page=50
2025-10-31T08:11:19.439Z [DEBUG] API call successful: GET https://my.luxurydmc.travel/api/v1/users?page=1&per_page=50
2025-10-31T08:11:19.440Z [DEBUG] Making API call: GET https://my.luxurydmc.travel/api/v1/users?page=2&per_page=50
2025-10-31T08:11:19.442Z [DEBUG] API call successful: GET https://my.luxurydmc.travel/api/v1/groups/gid-5d8b1201-3e87-415f-ab4c-66bf5ed523f3
2025-10-31T08:11:19.487Z [DEBUG] API call successful: GET https://my.luxurydmc.travel/api/v1/users?page=1&per_page=50
2025-10-31T08:11:19.487Z [DEBUG] API call successful: GET https://my.luxurydmc.travel/api/v1/mail/luxurydmc.travel/mailboxes?page=2&per_page=50
2025-10-31T08:11:19.487Z [DEBUG] Making API call: GET https://my.luxurydmc.travel/api/v1/users?page=2&per_page=50
2025-10-31T08:11:19.488Z [DEBUG] Making API call: GET https://my.luxurydmc.travel/api/v1/mail/luxurydestinationtourism.com/mailboxes?page=1&per_page=50
2025-10-31T08:11:19.538Z [DEBUG] API call successful: GET https://my.luxurydmc.travel/api/v1/users?page=2&per_page=50
2025-10-31T08:11:19.593Z [DEBUG] API call successful: GET https://my.luxurydmc.travel/api/v1/mail/luxurydestinationtourism.com/mailboxes?page=1&per_page=50
2025-10-31T08:11:19.593Z [DEBUG] Making API call: GET https://my.luxurydmc.travel/api/v1/mail/luxurydestinationtourism.com/mailboxes?page=2&per_page=50
2025-10-31T08:11:19.594Z [DEBUG] API call successful: GET https://my.luxurydmc.travel/api/v1/users?page=2&per_page=50
2025-10-31T08:11:19.594Z [INFO] Found 32 users in group, returning 25 for page 1.
2025-10-31T08:11:19.595Z [INFO] GET /api/users - 200
2025-10-31T08:11:19.654Z [DEBUG] API call successful: GET https://my.luxurydmc.travel/api/v1/mail/luxurydestinationtourism.com/mailboxes?page=2&per_page=50
2025-10-31T08:11:19.655Z [INFO] Found 0 total mailboxes, returning 0 after exclusions for page 1.
2025-10-31T08:11:19.655Z [INFO] GET /api/mailboxes - 200
2025-10-31T08:11:21.627Z [DEBUG] Basic Auth attempt for user: admin
2025-10-31T08:11:21.628Z [INFO] Basic Auth successful for user: admin
2025-10-31T08:11:21.628Z [INFO] Request received to list users (page: 1, per_page: 25, search: ).
2025-10-31T08:11:21.628Z [DEBUG] Making API call: GET https://my.luxurydmc.travel/api/v1/users?page=1&per_page=50
2025-10-31T08:11:21.629Z [DEBUG] Making API call: GET https://my.luxurydmc.travel/api/v1/groups/gid-5d8b1201-3e87-415f-ab4c-66bf5ed523f3
2025-10-31T08:11:21.632Z [DEBUG] Basic Auth attempt for user: admin
2025-10-31T08:11:21.632Z [INFO] Basic Auth successful for user: admin
2025-10-31T08:11:21.633Z [INFO] Request received to list mailboxes (page: 1, per_page: 25, search: ).
2025-10-31T08:11:21.633Z [INFO] Using configured mail domains: luxurydmc.travel, luxurydestinationtourism.com
2025-10-31T08:11:21.633Z [DEBUG] Making API call: GET https://my.luxurydmc.travel/api/v1/users?page=1&per_page=50
2025-10-31T08:11:21.634Z [DEBUG] Basic Auth attempt for user: admin
2025-10-31T08:11:21.635Z [INFO] Basic Auth successful for user: admin
2025-10-31T08:11:21.635Z [INFO] Serving config with valid domains: {"domains":["luxurydmc.travel","luxurydestinationtourism.com"],"brandName":"Streamway"}
2025-10-31T08:11:21.635Z [DEBUG] Making API call: GET https://my.luxurydmc.travel/api/v1/mail/luxurydmc.travel/mailboxes?page=1&per_page=50
2025-10-31T08:11:21.637Z [INFO] GET /api/config - 200
2025-10-31T08:11:21.695Z [DEBUG] API call successful: GET https://my.luxurydmc.travel/api/v1/groups/gid-5d8b1201-3e87-415f-ab4c-66bf5ed523f3
2025-10-31T08:11:21.745Z [DEBUG] API call successful: GET https://my.luxurydmc.travel/api/v1/users?page=1&per_page=50
2025-10-31T08:11:21.745Z [DEBUG] Making API call: GET https://my.luxurydmc.travel/api/v1/users?page=2&per_page=50
2025-10-31T08:11:21.758Z [DEBUG] API call successful: GET https://my.luxurydmc.travel/api/v1/mail/luxurydmc.travel/mailboxes?page=1&per_page=50
2025-10-31T08:11:21.758Z [DEBUG] Making API call: GET https://my.luxurydmc.travel/api/v1/mail/luxurydmc.travel/mailboxes?page=2&per_page=50
2025-10-31T08:11:21.787Z [DEBUG] API call successful: GET https://my.luxurydmc.travel/api/v1/users?page=1&per_page=50
2025-10-31T08:11:21.788Z [DEBUG] Making API call: GET https://my.luxurydmc.travel/api/v1/users?page=2&per_page=50
2025-10-31T08:11:21.798Z [DEBUG] API call successful: GET https://my.luxurydmc.travel/api/v1/users?page=2&per_page=50
2025-10-31T08:11:21.798Z [INFO] Found 32 users in group, returning 25 for page 1.
2025-10-31T08:11:21.798Z [INFO] GET /api/users - 200
2025-10-31T08:11:21.854Z [DEBUG] API call successful: GET https://my.luxurydmc.travel/api/v1/mail/luxurydmc.travel/mailboxes?page=2&per_page=50
2025-10-31T08:11:21.854Z [DEBUG] Making API call: GET https://my.luxurydmc.travel/api/v1/mail/luxurydestinationtourism.com/mailboxes?page=1&per_page=50
2025-10-31T08:11:21.855Z [DEBUG] API call successful: GET https://my.luxurydmc.travel/api/v1/users?page=2&per_page=50
2025-10-31T08:11:21.915Z [DEBUG] API call successful: GET https://my.luxurydmc.travel/api/v1/mail/luxurydestinationtourism.com/mailboxes?page=1&per_page=50
2025-10-31T08:11:21.915Z [DEBUG] Making API call: GET https://my.luxurydmc.travel/api/v1/mail/luxurydestinationtourism.com/mailboxes?page=2&per_page=50
2025-10-31T08:11:21.969Z [DEBUG] API call successful: GET https://my.luxurydmc.travel/api/v1/mail/luxurydestinationtourism.com/mailboxes?page=2&per_page=50
2025-10-31T08:11:21.969Z [INFO] Found 29 total mailboxes, returning 25 after exclusions for page 1.
2025-10-31T08:11:21.969Z [INFO] GET /api/mailboxes - 200
2025-10-31T08:16:43.701Z [INFO] GET / - 200
2025-10-31T08:16:43.720Z [INFO] GET /style.css - 200
2025-10-31T08:16:43.722Z [INFO] GET /script.js - 200
2025-10-31T08:16:43.776Z [DEBUG] Basic Auth attempt for user: admin
2025-10-31T08:16:43.777Z [INFO] Basic Auth successful for user: admin
2025-10-31T08:16:43.777Z [INFO] Request received to list users (page: 1, per_page: 25, search: ).
2025-10-31T08:16:43.777Z [DEBUG] Making API call: GET https://my.luxurydmc.travel/api/v1/users?page=1&per_page=50
2025-10-31T08:16:43.777Z [DEBUG] Making API call: GET https://my.luxurydmc.travel/api/v1/groups/gid-5d8b1201-3e87-415f-ab4c-66bf5ed523f3
2025-10-31T08:16:43.778Z [DEBUG] Basic Auth attempt for user: admin
2025-10-31T08:16:43.778Z [INFO] Basic Auth successful for user: admin
2025-10-31T08:16:43.778Z [INFO] Request received to list mailboxes (page: 1, per_page: 25, search: ).
2025-10-31T08:16:43.778Z [INFO] Using configured mail domains: luxurydmc.travel, luxurydestinationtourism.com
2025-10-31T08:16:43.778Z [DEBUG] Making API call: GET https://my.luxurydmc.travel/api/v1/users?page=1&per_page=50
2025-10-31T08:16:43.778Z [DEBUG] Making API call: GET https://my.luxurydmc.travel/api/v1/mail/luxurydmc.travel/mailboxes?page=1&per_page=50
2025-10-31T08:16:43.970Z [DEBUG] Basic Auth attempt for user: admin
2025-10-31T08:16:43.970Z [INFO] Basic Auth successful for user: admin
2025-10-31T08:16:43.970Z [INFO] Serving config with valid domains: {"domains":["luxurydmc.travel","luxurydestinationtourism.com"],"brandName":"Streamway"}
2025-10-31T08:16:43.971Z [INFO] GET /api/config - 200
2025-10-31T08:16:45.514Z [DEBUG] API call successful: GET https://my.luxurydmc.travel/api/v1/groups/gid-5d8b1201-3e87-415f-ab4c-66bf5ed523f3
2025-10-31T08:16:45.515Z [DEBUG] API call successful: GET https://my.luxurydmc.travel/api/v1/mail/luxurydmc.travel/mailboxes?page=1&per_page=50
2025-10-31T08:16:45.516Z [DEBUG] Making API call: GET https://my.luxurydmc.travel/api/v1/mail/luxurydmc.travel/mailboxes?page=2&per_page=50
2025-10-31T08:16:45.996Z [DEBUG] API call successful: GET https://my.luxurydmc.travel/api/v1/users?page=1&per_page=50
2025-10-31T08:16:45.997Z [DEBUG] Making API call: GET https://my.luxurydmc.travel/api/v1/users?page=2&per_page=50
2025-10-31T08:16:46.187Z [DEBUG] API call successful: GET https://my.luxurydmc.travel/api/v1/users?page=1&per_page=50
2025-10-31T08:16:46.188Z [DEBUG] Making API call: GET https://my.luxurydmc.travel/api/v1/users?page=2&per_page=50
2025-10-31T08:16:46.300Z [DEBUG] API call successful: GET https://my.luxurydmc.travel/api/v1/mail/luxurydmc.travel/mailboxes?page=2&per_page=50
2025-10-31T08:16:46.301Z [DEBUG] Making API call: GET https://my.luxurydmc.travel/api/v1/mail/luxurydestinationtourism.com/mailboxes?page=1&per_page=50
2025-10-31T08:16:46.445Z [DEBUG] API call successful: GET https://my.luxurydmc.travel/api/v1/users?page=2&per_page=50
2025-10-31T08:16:46.852Z [DEBUG] API call successful: GET https://my.luxurydmc.travel/api/v1/mail/luxurydestinationtourism.com/mailboxes?page=1&per_page=50
2025-10-31T08:16:46.852Z [DEBUG] API call successful: GET https://my.luxurydmc.travel/api/v1/users?page=2&per_page=50
2025-10-31T08:16:46.852Z [DEBUG] Making API call: GET https://my.luxurydmc.travel/api/v1/mail/luxurydestinationtourism.com/mailboxes?page=2&per_page=50
2025-10-31T08:16:46.852Z [INFO] Found 32 users in group, returning 25 for page 1.
2025-10-31T08:16:46.853Z [INFO] GET /api/users - 200
2025-10-31T08:16:47.144Z [DEBUG] API call successful: GET https://my.luxurydmc.travel/api/v1/mail/luxurydestinationtourism.com/mailboxes?page=2&per_page=50
2025-10-31T08:16:47.145Z [INFO] Found 29 total mailboxes, returning 25 after exclusions for page 1.
2025-10-31T08:16:47.145Z [INFO] GET /api/mailboxes - 200
2025-10-31T08:17:00.180Z [DEBUG] Basic Auth attempt for user: admin
2025-10-31T08:17:00.180Z [INFO] Basic Auth successful for user: admin
2025-10-31T08:17:00.180Z [INFO] Request received to list mailboxes (page: 2, per_page: 25, search: ).
2025-10-31T08:17:00.180Z [INFO] Using configured mail domains: luxurydmc.travel, luxurydestinationtourism.com
2025-10-31T08:17:00.180Z [DEBUG] Making API call: GET https://my.luxurydmc.travel/api/v1/users?page=1&per_page=50
2025-10-31T08:17:00.180Z [DEBUG] Basic Auth attempt for user: admin
2025-10-31T08:17:00.180Z [INFO] Basic Auth successful for user: admin
2025-10-31T08:17:00.181Z [INFO] Request received to list users (page: 1, per_page: 25, search: ).
2025-10-31T08:17:00.181Z [DEBUG] Making API call: GET https://my.luxurydmc.travel/api/v1/mail/luxurydmc.travel/mailboxes?page=1&per_page=50
2025-10-31T08:17:00.181Z [DEBUG] Making API call: GET https://my.luxurydmc.travel/api/v1/users?page=1&per_page=50
2025-10-31T08:17:00.181Z [DEBUG] Making API call: GET https://my.luxurydmc.travel/api/v1/groups/gid-5d8b1201-3e87-415f-ab4c-66bf5ed523f3
2025-10-31T08:17:00.182Z [DEBUG] Basic Auth attempt for user: admin
2025-10-31T08:17:00.182Z [INFO] Basic Auth successful for user: admin
2025-10-31T08:17:00.182Z [INFO] Serving config with valid domains: {"domains":["luxurydmc.travel","luxurydestinationtourism.com"],"brandName":"Streamway"}
2025-10-31T08:17:00.182Z [INFO] GET /api/config - 200
2025-10-31T08:17:00.541Z [DEBUG] API call successful: GET https://my.luxurydmc.travel/api/v1/users?page=1&per_page=50
2025-10-31T08:17:00.541Z [DEBUG] API call successful: GET https://my.luxurydmc.travel/api/v1/mail/luxurydmc.travel/mailboxes?page=1&per_page=50
2025-10-31T08:17:00.542Z [DEBUG] Making API call: GET https://my.luxurydmc.travel/api/v1/mail/luxurydmc.travel/mailboxes?page=2&per_page=50
2025-10-31T08:17:00.543Z [DEBUG] Making API call: GET https://my.luxurydmc.travel/api/v1/users?page=2&per_page=50
2025-10-31T08:17:00.557Z [DEBUG] API call successful: GET https://my.luxurydmc.travel/api/v1/users?page=1&per_page=50
2025-10-31T08:17:00.558Z [DEBUG] API call successful: GET https://my.luxurydmc.travel/api/v1/groups/gid-5d8b1201-3e87-415f-ab4c-66bf5ed523f3
2025-10-31T08:17:00.559Z [DEBUG] Making API call: GET https://my.luxurydmc.travel/api/v1/users?page=2&per_page=50
2025-10-31T08:17:00.633Z [DEBUG] API call successful: GET https://my.luxurydmc.travel/api/v1/mail/luxurydmc.travel/mailboxes?page=2&per_page=50
2025-10-31T08:17:00.634Z [DEBUG] API call successful: GET https://my.luxurydmc.travel/api/v1/users?page=2&per_page=50
2025-10-31T08:17:00.635Z [DEBUG] Making API call: GET https://my.luxurydmc.travel/api/v1/mail/luxurydestinationtourism.com/mailboxes?page=1&per_page=50
2025-10-31T08:17:00.848Z [DEBUG] API call successful: GET https://my.luxurydmc.travel/api/v1/users?page=2&per_page=50
2025-10-31T08:17:00.849Z [INFO] Found 32 users in group, returning 25 for page 1.
2025-10-31T08:17:00.849Z [INFO] GET /api/users - 200
2025-10-31T08:17:00.976Z [DEBUG] API call successful: GET https://my.luxurydmc.travel/api/v1/mail/luxurydestinationtourism.com/mailboxes?page=1&per_page=50
2025-10-31T08:17:00.977Z [DEBUG] Making API call: GET https://my.luxurydmc.travel/api/v1/mail/luxurydestinationtourism.com/mailboxes?page=2&per_page=50
2025-10-31T08:17:01.065Z [DEBUG] API call successful: GET https://my.luxurydmc.travel/api/v1/mail/luxurydestinationtourism.com/mailboxes?page=2&per_page=50
2025-10-31T08:17:01.066Z [INFO] Found 29 total mailboxes, returning 4 after exclusions for page 2.
2025-10-31T08:17:01.066Z [INFO] GET /api/mailboxes - 200
2025-10-31T08:17:04.504Z [DEBUG] Basic Auth attempt for user: admin
2025-10-31T08:17:04.504Z [INFO] Basic Auth successful for user: admin
2025-10-31T08:17:04.504Z [INFO] Request received to list users (page: 1, per_page: 25, search: ).
2025-10-31T08:17:04.505Z [DEBUG] Basic Auth attempt for user: admin
2025-10-31T08:17:04.505Z [INFO] Basic Auth successful for user: admin
2025-10-31T08:17:04.505Z [INFO] Request received to list mailboxes (page: 1, per_page: 25, search: ).
2025-10-31T08:17:04.505Z [INFO] Using configured mail domains: luxurydmc.travel, luxurydestinationtourism.com
2025-10-31T08:17:04.505Z [DEBUG] Making API call: GET https://my.luxurydmc.travel/api/v1/users?page=1&per_page=50
2025-10-31T08:17:04.505Z [DEBUG] Making API call: GET https://my.luxurydmc.travel/api/v1/users?page=1&per_page=50
2025-10-31T08:17:04.506Z [DEBUG] Making API call: GET https://my.luxurydmc.travel/api/v1/groups/gid-5d8b1201-3e87-415f-ab4c-66bf5ed523f3
2025-10-31T08:17:04.506Z [DEBUG] Making API call: GET https://my.luxurydmc.travel/api/v1/mail/luxurydmc.travel/mailboxes?page=1&per_page=50
2025-10-31T08:17:04.506Z [DEBUG] Basic Auth attempt for user: admin
2025-10-31T08:17:04.507Z [INFO] Basic Auth successful for user: admin
2025-10-31T08:17:04.507Z [INFO] Serving config with valid domains: {"domains":["luxurydmc.travel","luxurydestinationtourism.com"],"brandName":"Streamway"}
2025-10-31T08:17:04.507Z [INFO] GET /api/config - 200
2025-10-31T08:17:04.608Z [DEBUG] API call successful: GET https://my.luxurydmc.travel/api/v1/users?page=1&per_page=50
2025-10-31T08:17:04.609Z [DEBUG] Making API call: GET https://my.luxurydmc.travel/api/v1/users?page=2&per_page=50
2025-10-31T08:17:04.625Z [DEBUG] API call successful: GET https://my.luxurydmc.travel/api/v1/users?page=1&per_page=50
2025-10-31T08:17:04.626Z [DEBUG] Making API call: GET https://my.luxurydmc.travel/api/v1/users?page=2&per_page=50
2025-10-31T08:17:04.626Z [DEBUG] API call successful: GET https://my.luxurydmc.travel/api/v1/mail/luxurydmc.travel/mailboxes?page=1&per_page=50
2025-10-31T08:17:04.626Z [DEBUG] API call successful: GET https://my.luxurydmc.travel/api/v1/groups/gid-5d8b1201-3e87-415f-ab4c-66bf5ed523f3
2025-10-31T08:17:04.627Z [DEBUG] Making API call: GET https://my.luxurydmc.travel/api/v1/mail/luxurydmc.travel/mailboxes?page=2&per_page=50
2025-10-31T08:17:04.702Z [DEBUG] API call successful: GET https://my.luxurydmc.travel/api/v1/users?page=2&per_page=50
2025-10-31T08:17:04.799Z [DEBUG] API call successful: GET https://my.luxurydmc.travel/api/v1/mail/luxurydmc.travel/mailboxes?page=2&per_page=50
2025-10-31T08:17:04.799Z [DEBUG] API call successful: GET https://my.luxurydmc.travel/api/v1/users?page=2&per_page=50
2025-10-31T08:17:04.799Z [DEBUG] Making API call: GET https://my.luxurydmc.travel/api/v1/mail/luxurydestinationtourism.com/mailboxes?page=1&per_page=50
2025-10-31T08:17:04.800Z [INFO] Found 32 users in group, returning 25 for page 1.
2025-10-31T08:17:04.800Z [INFO] GET /api/users - 200
2025-10-31T08:17:04.933Z [DEBUG] API call successful: GET https://my.luxurydmc.travel/api/v1/mail/luxurydestinationtourism.com/mailboxes?page=1&per_page=50
2025-10-31T08:17:04.934Z [DEBUG] Making API call: GET https://my.luxurydmc.travel/api/v1/mail/luxurydestinationtourism.com/mailboxes?page=2&per_page=50
2025-10-31T08:17:05.036Z [DEBUG] API call successful: GET https://my.luxurydmc.travel/api/v1/mail/luxurydestinationtourism.com/mailboxes?page=2&per_page=50
2025-10-31T08:17:05.037Z [INFO] Found 29 total mailboxes, returning 25 after exclusions for page 1.
2025-10-31T08:17:05.038Z [INFO] GET /api/mailboxes - 200
2025-10-31T08:17:13.979Z [DEBUG] Basic Auth attempt for user: admin
2025-10-31T08:17:13.979Z [INFO] Basic Auth successful for user: admin
2025-10-31T08:17:13.980Z [DEBUG] Making API call: DELETE https://my.luxurydmc.travel/api/v1/mail/luxurydmc.travel/mailboxes/ram
2025-10-31T08:17:14.158Z [DEBUG] API call successful: DELETE https://my.luxurydmc.travel/api/v1/mail/luxurydmc.travel/mailboxes/ram
2025-10-31T08:17:14.175Z [INFO] [AUDIT] Deleted mailbox 'ram@luxurydmc.travel'
2025-10-31T08:17:14.176Z [INFO] DELETE /api/mailboxes/luxurydmc.travel/ram - 200
2025-10-31T08:17:14.186Z [DEBUG] Basic Auth attempt for user: admin
2025-10-31T08:17:14.186Z [INFO] Basic Auth successful for user: admin
2025-10-31T08:17:14.186Z [INFO] Request received to list users (page: 1, per_page: 25, search: ).
2025-10-31T08:17:14.186Z [DEBUG] Making API call: GET https://my.luxurydmc.travel/api/v1/users?page=1&per_page=50
2025-10-31T08:17:14.187Z [DEBUG] Making API call: GET https://my.luxurydmc.travel/api/v1/groups/gid-5d8b1201-3e87-415f-ab4c-66bf5ed523f3
2025-10-31T08:17:14.188Z [DEBUG] Basic Auth attempt for user: admin
2025-10-31T08:17:14.189Z [INFO] Basic Auth successful for user: admin
2025-10-31T08:17:14.189Z [INFO] Request received to list mailboxes (page: 1, per_page: 25, search: ).
2025-10-31T08:17:14.189Z [INFO] Using configured mail domains: luxurydmc.travel, luxurydestinationtourism.com
2025-10-31T08:17:14.189Z [DEBUG] Making API call: GET https://my.luxurydmc.travel/api/v1/users?page=1&per_page=50
2025-10-31T08:17:14.190Z [DEBUG] Basic Auth attempt for user: admin
2025-10-31T08:17:14.190Z [INFO] Basic Auth successful for user: admin
2025-10-31T08:17:14.190Z [INFO] Serving config with valid domains: {"domains":["luxurydmc.travel","luxurydestinationtourism.com"],"brandName":"Streamway"}
2025-10-31T08:17:14.190Z [DEBUG] Making API call: GET https://my.luxurydmc.travel/api/v1/mail/luxurydmc.travel/mailboxes?page=1&per_page=50
2025-10-31T08:17:14.190Z [INFO] GET /api/config - 200
2025-10-31T08:17:14.299Z [DEBUG] API call successful: GET https://my.luxurydmc.travel/api/v1/groups/gid-5d8b1201-3e87-415f-ab4c-66bf5ed523f3
2025-10-31T08:17:14.715Z [DEBUG] API call successful: GET https://my.luxurydmc.travel/api/v1/users?page=1&per_page=50
2025-10-31T08:17:14.716Z [DEBUG] API call successful: GET https://my.luxurydmc.travel/api/v1/mail/luxurydmc.travel/mailboxes?page=1&per_page=50
2025-10-31T08:17:14.717Z [DEBUG] Making API call: GET https://my.luxurydmc.travel/api/v1/mail/luxurydmc.travel/mailboxes?page=2&per_page=50
2025-10-31T08:17:14.718Z [DEBUG] Making API call: GET https://my.luxurydmc.travel/api/v1/users?page=2&per_page=50
2025-10-31T08:17:14.720Z [DEBUG] API call successful: GET https://my.luxurydmc.travel/api/v1/users?page=1&per_page=50
2025-10-31T08:17:14.721Z [DEBUG] Making API call: GET https://my.luxurydmc.travel/api/v1/users?page=2&per_page=50
2025-10-31T08:17:14.788Z [DEBUG] API call successful: GET https://my.luxurydmc.travel/api/v1/mail/luxurydmc.travel/mailboxes?page=2&per_page=50
2025-10-31T08:17:14.789Z [DEBUG] API call successful: GET https://my.luxurydmc.travel/api/v1/users?page=2&per_page=50
2025-10-31T08:17:14.789Z [DEBUG] Making API call: GET https://my.luxurydmc.travel/api/v1/mail/luxurydestinationtourism.com/mailboxes?page=1&per_page=50
2025-10-31T08:17:14.789Z [INFO] Found 32 users in group, returning 25 for page 1.
2025-10-31T08:17:14.789Z [INFO] GET /api/users - 200
2025-10-31T08:17:15.054Z [DEBUG] API call successful: GET https://my.luxurydmc.travel/api/v1/users?page=2&per_page=50
2025-10-31T08:17:15.108Z [DEBUG] API call successful: GET https://my.luxurydmc.travel/api/v1/mail/luxurydestinationtourism.com/mailboxes?page=1&per_page=50
2025-10-31T08:17:15.109Z [DEBUG] Making API call: GET https://my.luxurydmc.travel/api/v1/mail/luxurydestinationtourism.com/mailboxes?page=2&per_page=50
2025-10-31T08:17:15.160Z [DEBUG] API call successful: GET https://my.luxurydmc.travel/api/v1/mail/luxurydestinationtourism.com/mailboxes?page=2&per_page=50
2025-10-31T08:17:15.160Z [INFO] Found 28 total mailboxes, returning 25 after exclusions for page 1.
2025-10-31T08:17:15.161Z [INFO] GET /api/mailboxes - 200
2025-10-31T08:17:19.945Z [DEBUG] Basic Auth attempt for user: admin
2025-10-31T08:17:19.946Z [INFO] Basic Auth successful for user: admin
2025-10-31T08:17:19.946Z [INFO] Request received to list users (page: 1, per_page: 25, search: ra).
2025-10-31T08:17:19.947Z [DEBUG] Making API call: GET https://my.luxurydmc.travel/api/v1/users?page=1&per_page=50
2025-10-31T08:17:19.948Z [DEBUG] Making API call: GET https://my.luxurydmc.travel/api/v1/groups/gid-5d8b1201-3e87-415f-ab4c-66bf5ed523f3
2025-10-31T08:17:19.949Z [DEBUG] Basic Auth attempt for user: admin
2025-10-31T08:17:19.950Z [INFO] Basic Auth successful for user: admin
2025-10-31T08:17:19.950Z [INFO] Request received to list mailboxes (page: 1, per_page: 25, search: ).
2025-10-31T08:17:19.950Z [INFO] Using configured mail domains: luxurydmc.travel, luxurydestinationtourism.com
2025-10-31T08:17:19.950Z [DEBUG] Making API call: GET https://my.luxurydmc.travel/api/v1/users?page=1&per_page=50
2025-10-31T08:17:19.951Z [DEBUG] Basic Auth attempt for user: admin
2025-10-31T08:17:19.952Z [INFO] Basic Auth successful for user: admin
2025-10-31T08:17:19.952Z [INFO] Serving config with valid domains: {"domains":["luxurydmc.travel","luxurydestinationtourism.com"],"brandName":"Streamway"}
2025-10-31T08:17:19.952Z [DEBUG] Making API call: GET https://my.luxurydmc.travel/api/v1/mail/luxurydmc.travel/mailboxes?page=1&per_page=50
2025-10-31T08:17:19.953Z [INFO] GET /api/config - 200
2025-10-31T08:17:20.120Z [DEBUG] API call successful: GET https://my.luxurydmc.travel/api/v1/groups/gid-5d8b1201-3e87-415f-ab4c-66bf5ed523f3
2025-10-31T08:17:20.280Z [DEBUG] API call successful: GET https://my.luxurydmc.travel/api/v1/users?page=1&per_page=50
2025-10-31T08:17:20.281Z [DEBUG] API call successful: GET https://my.luxurydmc.travel/api/v1/mail/luxurydmc.travel/mailboxes?page=1&per_page=50
2025-10-31T08:17:20.282Z [DEBUG] Making API call: GET https://my.luxurydmc.travel/api/v1/mail/luxurydmc.travel/mailboxes?page=2&per_page=50
2025-10-31T08:17:20.283Z [DEBUG] Making API call: GET https://my.luxurydmc.travel/api/v1/users?page=2&per_page=50
2025-10-31T08:17:20.329Z [DEBUG] API call successful: GET https://my.luxurydmc.travel/api/v1/users?page=1&per_page=50
2025-10-31T08:17:20.330Z [DEBUG] Making API call: GET https://my.luxurydmc.travel/api/v1/users?page=2&per_page=50
2025-10-31T08:17:20.389Z [DEBUG] API call successful: GET https://my.luxurydmc.travel/api/v1/mail/luxurydmc.travel/mailboxes?page=2&per_page=50
2025-10-31T08:17:20.390Z [DEBUG] API call successful: GET https://my.luxurydmc.travel/api/v1/users?page=2&per_page=50
2025-10-31T08:17:20.391Z [DEBUG] Making API call: GET https://my.luxurydmc.travel/api/v1/mail/luxurydestinationtourism.com/mailboxes?page=1&per_page=50
2025-10-31T08:17:20.392Z [INFO] Found 26 users in group, returning 25 for page 1.
2025-10-31T08:17:20.393Z [INFO] GET /api/users - 200
2025-10-31T08:17:20.413Z [DEBUG] Basic Auth attempt for user: admin
2025-10-31T08:17:20.413Z [INFO] Basic Auth successful for user: admin
2025-10-31T08:17:20.414Z [INFO] Request received to list users (page: 1, per_page: 25, search: ram).
2025-10-31T08:17:20.414Z [DEBUG] Basic Auth attempt for user: admin
2025-10-31T08:17:20.414Z [INFO] Basic Auth successful for user: admin
2025-10-31T08:17:20.415Z [INFO] Serving config with valid domains: {"domains":["luxurydmc.travel","luxurydestinationtourism.com"],"brandName":"Streamway"}
2025-10-31T08:17:20.415Z [DEBUG] Making API call: GET https://my.luxurydmc.travel/api/v1/users?page=1&per_page=50
2025-10-31T08:17:20.415Z [DEBUG] Making API call: GET https://my.luxurydmc.travel/api/v1/groups/gid-5d8b1201-3e87-415f-ab4c-66bf5ed523f3
2025-10-31T08:17:20.416Z [INFO] GET /api/config - 200
2025-10-31T08:17:20.445Z [DEBUG] API call successful: GET https://my.luxurydmc.travel/api/v1/users?page=2&per_page=50
2025-10-31T08:17:20.502Z [DEBUG] API call successful: GET https://my.luxurydmc.travel/api/v1/mail/luxurydestinationtourism.com/mailboxes?page=1&per_page=50
2025-10-31T08:17:20.503Z [DEBUG] API call successful: GET https://my.luxurydmc.travel/api/v1/groups/gid-5d8b1201-3e87-415f-ab4c-66bf5ed523f3
2025-10-31T08:17:20.503Z [DEBUG] Making API call: GET https://my.luxurydmc.travel/api/v1/mail/luxurydestinationtourism.com/mailboxes?page=2&per_page=50
2025-10-31T08:17:20.508Z [DEBUG] API call successful: GET https://my.luxurydmc.travel/api/v1/users?page=1&per_page=50
2025-10-31T08:17:20.509Z [DEBUG] Making API call: GET https://my.luxurydmc.travel/api/v1/users?page=2&per_page=50
2025-10-31T08:17:20.631Z [DEBUG] API call successful: GET https://my.luxurydmc.travel/api/v1/mail/luxurydestinationtourism.com/mailboxes?page=2&per_page=50
2025-10-31T08:17:20.632Z [INFO] Found 28 total mailboxes, returning 25 after exclusions for page 1.
2025-10-31T08:17:20.633Z [INFO] GET /api/mailboxes - 200
2025-10-31T08:17:20.641Z [DEBUG] Basic Auth attempt for user: admin
2025-10-31T08:17:20.642Z [INFO] Basic Auth successful for user: admin
2025-10-31T08:17:20.642Z [INFO] Request received to list mailboxes (page: 1, per_page: 25, search: ).
2025-10-31T08:17:20.642Z [INFO] Using configured mail domains: luxurydmc.travel, luxurydestinationtourism.com
2025-10-31T08:17:20.643Z [DEBUG] Making API call: GET https://my.luxurydmc.travel/api/v1/users?page=1&per_page=50
2025-10-31T08:17:20.644Z [DEBUG] Making API call: GET https://my.luxurydmc.travel/api/v1/mail/luxurydmc.travel/mailboxes?page=1&per_page=50
2025-10-31T08:17:20.690Z [DEBUG] API call successful: GET https://my.luxurydmc.travel/api/v1/users?page=2&per_page=50
2025-10-31T08:17:20.691Z [INFO] Found 1 users in group, returning 1 for page 1.
2025-10-31T08:17:20.691Z [INFO] GET /api/users - 200
2025-10-31T08:17:20.941Z [DEBUG] API call successful: GET https://my.luxurydmc.travel/api/v1/mail/luxurydmc.travel/mailboxes?page=1&per_page=50
2025-10-31T08:17:20.941Z [DEBUG] API call successful: GET https://my.luxurydmc.travel/api/v1/users?page=1&per_page=50
2025-10-31T08:17:20.942Z [DEBUG] Making API call: GET https://my.luxurydmc.travel/api/v1/mail/luxurydmc.travel/mailboxes?page=2&per_page=50
2025-10-31T08:17:20.943Z [DEBUG] Making API call: GET https://my.luxurydmc.travel/api/v1/users?page=2&per_page=50
2025-10-31T08:17:21.022Z [DEBUG] API call successful: GET https://my.luxurydmc.travel/api/v1/mail/luxurydmc.travel/mailboxes?page=2&per_page=50
2025-10-31T08:17:21.022Z [DEBUG] API call successful: GET https://my.luxurydmc.travel/api/v1/users?page=2&per_page=50
2025-10-31T08:17:21.023Z [DEBUG] Making API call: GET https://my.luxurydmc.travel/api/v1/mail/luxurydestinationtourism.com/mailboxes?page=1&per_page=50
2025-10-31T08:17:21.288Z [DEBUG] API call successful: GET https://my.luxurydmc.travel/api/v1/mail/luxurydestinationtourism.com/mailboxes?page=1&per_page=50
2025-10-31T08:17:21.289Z [DEBUG] Making API call: GET https://my.luxurydmc.travel/api/v1/mail/luxurydestinationtourism.com/mailboxes?page=2&per_page=50
2025-10-31T08:17:21.442Z [DEBUG] API call successful: GET https://my.luxurydmc.travel/api/v1/mail/luxurydestinationtourism.com/mailboxes?page=2&per_page=50
2025-10-31T08:17:21.442Z [INFO] Found 28 total mailboxes, returning 25 after exclusions for page 1.
2025-10-31T08:17:21.443Z [INFO] GET /api/mailboxes - 200
2025-10-31T08:17:25.568Z [DEBUG] Basic Auth attempt for user: admin
2025-10-31T08:17:25.568Z [INFO] Basic Auth successful for user: admin
2025-10-31T08:17:25.568Z [INFO] Request received to delete user with ID: uid-147cc16a-c470-44f2-897b-2a008faaa6cc
2025-10-31T08:17:25.569Z [DEBUG] Making API call: DELETE https://my.luxurydmc.travel/api/v1/users/uid-147cc16a-c470-44f2-897b-2a008faaa6cc
2025-10-31T08:17:25.706Z [DEBUG] API call successful: DELETE https://my.luxurydmc.travel/api/v1/users/uid-147cc16a-c470-44f2-897b-2a008faaa6cc
2025-10-31T08:17:25.712Z [INFO] [AUDIT] Deleted user with ID 'uid-147cc16a-c470-44f2-897b-2a008faaa6cc'
2025-10-31T08:17:25.712Z [INFO] Successfully deleted user uid-147cc16a-c470-44f2-897b-2a008faaa6cc.
2025-10-31T08:17:25.712Z [INFO] DELETE /api/users/uid-147cc16a-c470-44f2-897b-2a008faaa6cc - 200
2025-10-31T08:17:25.716Z [DEBUG] Basic Auth attempt for user: admin
2025-10-31T08:17:25.716Z [INFO] Basic Auth successful for user: admin
2025-10-31T08:17:25.717Z [INFO] Request received to list users (page: 1, per_page: 25, search: ram).
2025-10-31T08:17:25.717Z [DEBUG] Making API call: GET https://my.luxurydmc.travel/api/v1/users?page=1&per_page=50
2025-10-31T08:17:25.717Z [DEBUG] Making API call: GET https://my.luxurydmc.travel/api/v1/groups/gid-5d8b1201-3e87-415f-ab4c-66bf5ed523f3
2025-10-31T08:17:25.717Z [DEBUG] Basic Auth attempt for user: admin
2025-10-31T08:17:25.717Z [INFO] Basic Auth successful for user: admin
2025-10-31T08:17:25.718Z [INFO] Request received to list mailboxes (page: 1, per_page: 25, search: ).
2025-10-31T08:17:25.718Z [INFO] Using configured mail domains: luxurydmc.travel, luxurydestinationtourism.com
2025-10-31T08:17:25.718Z [DEBUG] Making API call: GET https://my.luxurydmc.travel/api/v1/users?page=1&per_page=50
2025-10-31T08:17:25.718Z [DEBUG] Basic Auth attempt for user: admin
2025-10-31T08:17:25.718Z [INFO] Basic Auth successful for user: admin
2025-10-31T08:17:25.718Z [INFO] Serving config with valid domains: {"domains":["luxurydmc.travel","luxurydestinationtourism.com"],"brandName":"Streamway"}
2025-10-31T08:17:25.718Z [DEBUG] Making API call: GET https://my.luxurydmc.travel/api/v1/mail/luxurydmc.travel/mailboxes?page=1&per_page=50
2025-10-31T08:17:25.719Z [INFO] GET /api/config - 200
2025-10-31T08:17:25.784Z [DEBUG] API call successful: GET https://my.luxurydmc.travel/api/v1/groups/gid-5d8b1201-3e87-415f-ab4c-66bf5ed523f3
2025-10-31T08:17:25.839Z [DEBUG] API call successful: GET https://my.luxurydmc.travel/api/v1/users?page=1&per_page=50
2025-10-31T08:17:25.840Z [DEBUG] Making API call: GET https://my.luxurydmc.travel/api/v1/users?page=2&per_page=50
2025-10-31T08:17:25.856Z [DEBUG] API call successful: GET https://my.luxurydmc.travel/api/v1/mail/luxurydmc.travel/mailboxes?page=1&per_page=50
2025-10-31T08:17:25.857Z [DEBUG] Making API call: GET https://my.luxurydmc.travel/api/v1/mail/luxurydmc.travel/mailboxes?page=2&per_page=50
2025-10-31T08:17:25.894Z [DEBUG] API call successful: GET https://my.luxurydmc.travel/api/v1/users?page=1&per_page=50
2025-10-31T08:17:25.895Z [DEBUG] Making API call: GET https://my.luxurydmc.travel/api/v1/users?page=2&per_page=50
2025-10-31T08:17:25.908Z [DEBUG] API call successful: GET https://my.luxurydmc.travel/api/v1/users?page=2&per_page=50
2025-10-31T08:17:25.909Z [INFO] Found 0 users in group, returning 0 for page 1.
2025-10-31T08:17:25.909Z [INFO] GET /api/users - 200
2025-10-31T08:17:25.974Z [DEBUG] API call successful: GET https://my.luxurydmc.travel/api/v1/mail/luxurydmc.travel/mailboxes?page=2&per_page=50
2025-10-31T08:17:25.975Z [DEBUG] Making API call: GET https://my.luxurydmc.travel/api/v1/mail/luxurydestinationtourism.com/mailboxes?page=1&per_page=50
2025-10-31T08:17:26.097Z [DEBUG] API call successful: GET https://my.luxurydmc.travel/api/v1/users?page=2&per_page=50
2025-10-31T08:17:26.272Z [DEBUG] API call successful: GET https://my.luxurydmc.travel/api/v1/mail/luxurydestinationtourism.com/mailboxes?page=1&per_page=50
2025-10-31T08:17:26.273Z [DEBUG] Making API call: GET https://my.luxurydmc.travel/api/v1/mail/luxurydestinationtourism.com/mailboxes?page=2&per_page=50
2025-10-31T08:17:26.454Z [DEBUG] API call successful: GET https://my.luxurydmc.travel/api/v1/mail/luxurydestinationtourism.com/mailboxes?page=2&per_page=50
2025-10-31T08:17:26.454Z [INFO] Found 28 total mailboxes, returning 25 after exclusions for page 1.
2025-10-31T08:17:26.455Z [INFO] GET /api/mailboxes - 200
2025-10-31T08:17:30.337Z [DEBUG] Basic Auth attempt for user: admin
2025-10-31T08:17:30.338Z [INFO] Basic Auth successful for user: admin
2025-10-31T08:17:30.338Z [INFO] Request received to list users (page: 1, per_page: 25, search: ).
2025-10-31T08:17:30.338Z [DEBUG] Making API call: GET https://my.luxurydmc.travel/api/v1/users?page=1&per_page=50
2025-10-31T08:17:30.339Z [DEBUG] Making API call: GET https://my.luxurydmc.travel/api/v1/groups/gid-5d8b1201-3e87-415f-ab4c-66bf5ed523f3
2025-10-31T08:17:30.341Z [DEBUG] Basic Auth attempt for user: admin
2025-10-31T08:17:30.341Z [INFO] Basic Auth successful for user: admin
2025-10-31T08:17:30.342Z [INFO] Request received to list mailboxes (page: 1, per_page: 25, search: ).
2025-10-31T08:17:30.343Z [INFO] Using configured mail domains: luxurydmc.travel, luxurydestinationtourism.com
2025-10-31T08:17:30.343Z [DEBUG] Making API call: GET https://my.luxurydmc.travel/api/v1/users?page=1&per_page=50
2025-10-31T08:17:30.344Z [DEBUG] Basic Auth attempt for user: admin
2025-10-31T08:17:30.344Z [INFO] Basic Auth successful for user: admin
2025-10-31T08:17:30.345Z [INFO] Serving config with valid domains: {"domains":["luxurydmc.travel","luxurydestinationtourism.com"],"brandName":"Streamway"}
2025-10-31T08:17:30.345Z [DEBUG] Making API call: GET https://my.luxurydmc.travel/api/v1/mail/luxurydmc.travel/mailboxes?page=1&per_page=50
2025-10-31T08:17:30.346Z [INFO] GET /api/config - 200
2025-10-31T08:17:30.519Z [DEBUG] API call successful: GET https://my.luxurydmc.travel/api/v1/groups/gid-5d8b1201-3e87-415f-ab4c-66bf5ed523f3
2025-10-31T08:17:30.822Z [DEBUG] API call successful: GET https://my.luxurydmc.travel/api/v1/users?page=1&per_page=50
2025-10-31T08:17:30.823Z [DEBUG] Making API call: GET https://my.luxurydmc.travel/api/v1/users?page=2&per_page=50
2025-10-31T08:17:30.825Z [DEBUG] API call successful: GET https://my.luxurydmc.travel/api/v1/mail/luxurydmc.travel/mailboxes?page=1&per_page=50
2025-10-31T08:17:30.826Z [DEBUG] Making API call: GET https://my.luxurydmc.travel/api/v1/mail/luxurydmc.travel/mailboxes?page=2&per_page=50
2025-10-31T08:17:30.828Z [DEBUG] API call successful: GET https://my.luxurydmc.travel/api/v1/users?page=1&per_page=50
2025-10-31T08:17:30.829Z [DEBUG] Making API call: GET https://my.luxurydmc.travel/api/v1/users?page=2&per_page=50
2025-10-31T08:17:30.976Z [DEBUG] API call successful: GET https://my.luxurydmc.travel/api/v1/users?page=2&per_page=50
2025-10-31T08:17:30.977Z [INFO] Found 31 users in group, returning 25 for page 1.
2025-10-31T08:17:30.978Z [INFO] GET /api/users - 200
2025-10-31T08:17:31.064Z [DEBUG] API call successful: GET https://my.luxurydmc.travel/api/v1/mail/luxurydmc.travel/mailboxes?page=2&per_page=50
2025-10-31T08:17:31.064Z [DEBUG] API call successful: GET https://my.luxurydmc.travel/api/v1/users?page=2&per_page=50
2025-10-31T08:17:31.065Z [DEBUG] Making API call: GET https://my.luxurydmc.travel/api/v1/mail/luxurydestinationtourism.com/mailboxes?page=1&per_page=50
2025-10-31T08:17:31.420Z [DEBUG] API call successful: GET https://my.luxurydmc.travel/api/v1/mail/luxurydestinationtourism.com/mailboxes?page=1&per_page=50
2025-10-31T08:17:31.421Z [DEBUG] Making API call: GET https://my.luxurydmc.travel/api/v1/mail/luxurydestinationtourism.com/mailboxes?page=2&per_page=50
2025-10-31T08:17:31.474Z [DEBUG] API call successful: GET https://my.luxurydmc.travel/api/v1/mail/luxurydestinationtourism.com/mailboxes?page=2&per_page=50
2025-10-31T08:17:31.475Z [INFO] Found 28 total mailboxes, returning 25 after exclusions for page 1.
2025-10-31T08:17:31.476Z [INFO] GET /api/mailboxes - 200
2025-10-31T08:17:35.601Z [DEBUG] Basic Auth attempt for user: admin
2025-10-31T08:17:35.602Z [INFO] Basic Auth successful for user: admin
2025-10-31T08:17:35.603Z [DEBUG] Making API call: GET https://my.luxurydmc.travel/api/v1/users?search=ra
2025-10-31T08:17:35.925Z [DEBUG] API call successful: GET https://my.luxurydmc.travel/api/v1/users?search=ra
2025-10-31T08:17:35.926Z [INFO] GET /api/users/ra/exists - 200
2025-10-31T08:17:36.501Z [DEBUG] Basic Auth attempt for user: admin
2025-10-31T08:17:36.502Z [INFO] Basic Auth successful for user: admin
2025-10-31T08:17:36.503Z [DEBUG] Making API call: GET https://my.luxurydmc.travel/api/v1/users?search=ram
2025-10-31T08:17:36.679Z [DEBUG] API call successful: GET https://my.luxurydmc.travel/api/v1/users?search=ram
2025-10-31T08:17:36.680Z [INFO] GET /api/users/ram/exists - 200
2025-10-31T08:17:38.792Z [DEBUG] Basic Auth attempt for user: admin
2025-10-31T08:17:38.792Z [INFO] Basic Auth successful for user: admin
2025-10-31T08:17:38.793Z [DEBUG] Making API call: GET https://my.luxurydmc.travel/api/v1/mail/luxurydmc.travel/mailboxes/ramjivan
2025-10-31T08:17:38.947Z [ERROR] API call failed: GET https://my.luxurydmc.travel/api/v1/mail/luxurydmc.travel/mailboxes/ramjivan {"status":404,"body":"{\n  \"status\": \"Not Found\",\n  \"message\": \"Mailbox not found\"\n}"}
2025-10-31T08:17:38.948Z [INFO] GET /api/mailboxes/luxurydmc.travel/ramjivan/exists - 200
2025-10-31T08:17:44.207Z [DEBUG] Basic Auth attempt for user: admin
2025-10-31T08:17:44.207Z [INFO] Basic Auth successful for user: admin
2025-10-31T08:17:44.207Z [INFO] Request received to create a new user.
2025-10-31T08:17:44.208Z [DEBUG] Making API call: POST https://my.luxurydmc.travel/api/v1/users
2025-10-31T08:17:44.666Z [DEBUG] API call successful: POST https://my.luxurydmc.travel/api/v1/users
2025-10-31T08:17:44.666Z [DEBUG] Making API call: GET https://my.luxurydmc.travel/api/v1/groups?search=luxurydmc
2025-10-31T08:17:44.756Z [DEBUG] API call successful: GET https://my.luxurydmc.travel/api/v1/groups?search=luxurydmc
2025-10-31T08:17:44.757Z [DEBUG] Making API call: GET https://my.luxurydmc.travel/api/v1/groups/gid-5d8b1201-3e87-415f-ab4c-66bf5ed523f3
2025-10-31T08:17:45.014Z [DEBUG] API call successful: GET https://my.luxurydmc.travel/api/v1/groups/gid-5d8b1201-3e87-415f-ab4c-66bf5ed523f3
2025-10-31T08:17:45.014Z [DEBUG] Making API call: PUT https://my.luxurydmc.travel/api/v1/groups/gid-5d8b1201-3e87-415f-ab4c-66bf5ed523f3/members
2025-10-31T08:17:46.013Z [DEBUG] API call successful: PUT https://my.luxurydmc.travel/api/v1/groups/gid-5d8b1201-3e87-415f-ab4c-66bf5ed523f3/members
2025-10-31T08:17:46.014Z [INFO] Successfully added user uid-77e17564-2250-45c2-9149-b4f3c93fadcb to group luxurydmc (gid-5d8b1201-3e87-415f-ab4c-66bf5ed523f3).
2025-10-31T08:17:46.029Z [INFO] Password for new user uid-77e17564-2250-45c2-9149-b4f3c93fadcb stored in KV.
2025-10-31T08:17:46.039Z [INFO] [AUDIT] Created user 'ram' (ID: uid-77e17564-2250-45c2-9149-b4f3c93fadcb)
2025-10-31T08:17:46.039Z [DEBUG] Making API call: POST https://my.luxurydmc.travel/api/v1/mail/luxurydmc.travel/mailboxes
2025-10-31T08:17:46.270Z [DEBUG] API call successful: POST https://my.luxurydmc.travel/api/v1/mail/luxurydmc.travel/mailboxes
2025-10-31T08:17:46.282Z [INFO] [AUDIT] Created default mailbox 'ramjivan@luxurydmc.travel' for 'ram'
2025-10-31T08:17:46.283Z [INFO] Successfully created user 'ram'.
2025-10-31T08:17:46.283Z [INFO] POST /api/users - 201
2025-10-31T08:17:46.318Z [DEBUG] Basic Auth attempt for user: admin
2025-10-31T08:17:46.318Z [INFO] Basic Auth successful for user: admin
2025-10-31T08:17:46.319Z [INFO] Request received to list users (page: 1, per_page: 25, search: ).
2025-10-31T08:17:46.319Z [DEBUG] Making API call: GET https://my.luxurydmc.travel/api/v1/users?page=1&per_page=50
2025-10-31T08:17:46.319Z [DEBUG] Making API call: GET https://my.luxurydmc.travel/api/v1/groups/gid-5d8b1201-3e87-415f-ab4c-66bf5ed523f3
2025-10-31T08:17:46.321Z [DEBUG] Basic Auth attempt for user: admin
2025-10-31T08:17:46.321Z [INFO] Basic Auth successful for user: admin
2025-10-31T08:17:46.321Z [INFO] Request received to list mailboxes (page: 1, per_page: 25, search: ).
2025-10-31T08:17:46.322Z [INFO] Using configured mail domains: luxurydmc.travel, luxurydestinationtourism.com
2025-10-31T08:17:46.322Z [DEBUG] Making API call: GET https://my.luxurydmc.travel/api/v1/users?page=1&per_page=50
2025-10-31T08:17:46.322Z [DEBUG] Making API call: GET https://my.luxurydmc.travel/api/v1/mail/luxurydmc.travel/mailboxes?page=1&per_page=50
2025-10-31T08:17:46.339Z [DEBUG] Basic Auth attempt for user: admin
2025-10-31T08:17:46.340Z [INFO] Basic Auth successful for user: admin
2025-10-31T08:17:46.340Z [INFO] Serving config with valid domains: {"domains":["luxurydmc.travel","luxurydestinationtourism.com"],"brandName":"Streamway"}
2025-10-31T08:17:46.340Z [INFO] GET /api/config - 200
2025-10-31T08:17:46.777Z [DEBUG] API call successful: GET https://my.luxurydmc.travel/api/v1/groups/gid-5d8b1201-3e87-415f-ab4c-66bf5ed523f3
2025-10-31T08:17:47.457Z [DEBUG] API call successful: GET https://my.luxurydmc.travel/api/v1/users?page=1&per_page=50
2025-10-31T08:17:47.458Z [DEBUG] Making API call: GET https://my.luxurydmc.travel/api/v1/users?page=2&per_page=50
2025-10-31T08:17:47.650Z [DEBUG] API call successful: GET https://my.luxurydmc.travel/api/v1/mail/luxurydmc.travel/mailboxes?page=1&per_page=50
2025-10-31T08:17:47.651Z [DEBUG] Making API call: GET https://my.luxurydmc.travel/api/v1/mail/luxurydmc.travel/mailboxes?page=2&per_page=50
2025-10-31T08:17:47.779Z [DEBUG] API call successful: GET https://my.luxurydmc.travel/api/v1/users?page=1&per_page=50
2025-10-31T08:17:47.779Z [DEBUG] API call successful: GET https://my.luxurydmc.travel/api/v1/users?page=2&per_page=50
2025-10-31T08:17:47.780Z [DEBUG] Making API call: GET https://my.luxurydmc.travel/api/v1/users?page=2&per_page=50
2025-10-31T08:17:47.781Z [INFO] Found 32 users in group, returning 25 for page 1.
2025-10-31T08:17:47.781Z [INFO] GET /api/users - 200
2025-10-31T08:17:48.054Z [DEBUG] API call successful: GET https://my.luxurydmc.travel/api/v1/mail/luxurydmc.travel/mailboxes?page=2&per_page=50
2025-10-31T08:17:48.055Z [DEBUG] Making API call: GET https://my.luxurydmc.travel/api/v1/mail/luxurydestinationtourism.com/mailboxes?page=1&per_page=50
2025-10-31T08:17:48.059Z [DEBUG] API call successful: GET https://my.luxurydmc.travel/api/v1/users?page=2&per_page=50
2025-10-31T08:17:48.449Z [DEBUG] API call successful: GET https://my.luxurydmc.travel/api/v1/mail/luxurydestinationtourism.com/mailboxes?page=1&per_page=50
2025-10-31T08:17:48.454Z [DEBUG] Making API call: GET https://my.luxurydmc.travel/api/v1/mail/luxurydestinationtourism.com/mailboxes?page=2&per_page=50
2025-10-31T08:17:48.660Z [DEBUG] API call successful: GET https://my.luxurydmc.travel/api/v1/mail/luxurydestinationtourism.com/mailboxes?page=2&per_page=50
2025-10-31T08:17:48.661Z [INFO] Found 29 total mailboxes, returning 25 after exclusions for page 1.
2025-10-31T08:17:48.661Z [INFO] GET /api/mailboxes - 200
2025-10-31T08:18:03.668Z [DEBUG] Basic Auth attempt for user: admin
2025-10-31T08:18:03.668Z [INFO] Basic Auth successful for user: admin
2025-10-31T08:18:03.668Z [INFO] Request received to list users (page: 1, per_page: 25, search: ).
2025-10-31T08:18:03.668Z [DEBUG] Making API call: GET https://my.luxurydmc.travel/api/v1/users?page=1&per_page=50
2025-10-31T08:18:03.669Z [DEBUG] Making API call: GET https://my.luxurydmc.travel/api/v1/groups/gid-5d8b1201-3e87-415f-ab4c-66bf5ed523f3
2025-10-31T08:18:03.669Z [DEBUG] Basic Auth attempt for user: admin
2025-10-31T08:18:03.669Z [INFO] Basic Auth successful for user: admin
2025-10-31T08:18:03.670Z [INFO] Request received to list mailboxes (page: 2, per_page: 25, search: ).
2025-10-31T08:18:03.670Z [INFO] Using configured mail domains: luxurydmc.travel, luxurydestinationtourism.com
2025-10-31T08:18:03.670Z [DEBUG] Making API call: GET https://my.luxurydmc.travel/api/v1/users?page=1&per_page=50
2025-10-31T08:18:03.670Z [DEBUG] Basic Auth attempt for user: admin
2025-10-31T08:18:03.670Z [INFO] Basic Auth successful for user: admin
2025-10-31T08:18:03.670Z [INFO] Serving config with valid domains: {"domains":["luxurydmc.travel","luxurydestinationtourism.com"],"brandName":"Streamway"}
2025-10-31T08:18:03.671Z [DEBUG] Making API call: GET https://my.luxurydmc.travel/api/v1/mail/luxurydmc.travel/mailboxes?page=1&per_page=50
2025-10-31T08:18:03.671Z [INFO] GET /api/config - 200
2025-10-31T08:18:04.002Z [DEBUG] API call successful: GET https://my.luxurydmc.travel/api/v1/users?page=1&per_page=50
2025-10-31T08:18:04.003Z [DEBUG] API call successful: GET https://my.luxurydmc.travel/api/v1/groups/gid-5d8b1201-3e87-415f-ab4c-66bf5ed523f3
2025-10-31T08:18:04.004Z [DEBUG] Making API call: GET https://my.luxurydmc.travel/api/v1/users?page=2&per_page=50
2025-10-31T08:18:04.212Z [DEBUG] API call successful: GET https://my.luxurydmc.travel/api/v1/users?page=1&per_page=50
2025-10-31T08:18:04.214Z [DEBUG] Making API call: GET https://my.luxurydmc.travel/api/v1/users?page=2&per_page=50
2025-10-31T08:18:04.348Z [DEBUG] API call successful: GET https://my.luxurydmc.travel/api/v1/mail/luxurydmc.travel/mailboxes?page=1&per_page=50
2025-10-31T08:18:04.348Z [DEBUG] API call successful: GET https://my.luxurydmc.travel/api/v1/users?page=2&per_page=50
2025-10-31T08:18:04.349Z [DEBUG] API call successful: GET https://my.luxurydmc.travel/api/v1/users?page=2&per_page=50
2025-10-31T08:18:04.350Z [DEBUG] Making API call: GET https://my.luxurydmc.travel/api/v1/mail/luxurydmc.travel/mailboxes?page=2&per_page=50
2025-10-31T08:18:04.351Z [INFO] Found 32 users in group, returning 25 for page 1.
2025-10-31T08:18:04.351Z [INFO] GET /api/users - 200
2025-10-31T08:18:04.676Z [DEBUG] API call successful: GET https://my.luxurydmc.travel/api/v1/mail/luxurydmc.travel/mailboxes?page=2&per_page=50
2025-10-31T08:18:04.676Z [DEBUG] Making API call: GET https://my.luxurydmc.travel/api/v1/mail/luxurydestinationtourism.com/mailboxes?page=1&per_page=50
2025-10-31T08:18:05.570Z [DEBUG] API call successful: GET https://my.luxurydmc.travel/api/v1/mail/luxurydestinationtourism.com/mailboxes?page=1&per_page=50
2025-10-31T08:18:05.572Z [DEBUG] Making API call: GET https://my.luxurydmc.travel/api/v1/mail/luxurydestinationtourism.com/mailboxes?page=2&per_page=50
2025-10-31T08:18:05.780Z [DEBUG] API call successful: GET https://my.luxurydmc.travel/api/v1/mail/luxurydestinationtourism.com/mailboxes?page=2&per_page=50
2025-10-31T08:18:05.781Z [INFO] Found 29 total mailboxes, returning 4 after exclusions for page 2.
2025-10-31T08:18:05.781Z [INFO] GET /api/mailboxes - 200
2025-10-31T08:19:44.193Z [DEBUG] Basic Auth attempt for user: admin
2025-10-31T08:19:44.193Z [INFO] Basic Auth successful for user: admin
2025-10-31T08:19:44.193Z [INFO] Request received to list users (page: 1, per_page: 25, search: ).
2025-10-31T08:19:44.193Z [DEBUG] Basic Auth attempt for user: admin
2025-10-31T08:19:44.193Z [INFO] Basic Auth successful for user: admin
2025-10-31T08:19:44.193Z [INFO] Request received to list mailboxes (page: 1, per_page: 25, search: ).
2025-10-31T08:19:44.193Z [INFO] Using configured mail domains: luxurydmc.travel, luxurydestinationtourism.com
2025-10-31T08:19:44.194Z [DEBUG] Making API call: GET https://my.luxurydmc.travel/api/v1/users?page=1&per_page=50
2025-10-31T08:19:44.194Z [DEBUG] Making API call: GET https://my.luxurydmc.travel/api/v1/users?page=1&per_page=50
2025-10-31T08:19:44.194Z [DEBUG] Making API call: GET https://my.luxurydmc.travel/api/v1/groups/gid-5d8b1201-3e87-415f-ab4c-66bf5ed523f3
2025-10-31T08:19:44.195Z [DEBUG] Making API call: GET https://my.luxurydmc.travel/api/v1/mail/luxurydmc.travel/mailboxes?page=1&per_page=50
2025-10-31T08:19:44.196Z [DEBUG] Basic Auth attempt for user: admin
2025-10-31T08:19:44.196Z [INFO] Basic Auth successful for user: admin
2025-10-31T08:19:44.196Z [INFO] Serving config with valid domains: {"domains":["luxurydmc.travel","luxurydestinationtourism.com"],"brandName":"Streamway"}
2025-10-31T08:19:44.196Z [INFO] GET /api/config - 200
2025-10-31T08:19:58.911Z [DEBUG] API call successful: GET https://my.luxurydmc.travel/api/v1/users?page=1&per_page=50
2025-10-31T08:19:58.911Z [DEBUG] API call successful: GET https://my.luxurydmc.travel/api/v1/groups/gid-5d8b1201-3e87-415f-ab4c-66bf5ed523f3
2025-10-31T08:19:58.911Z [DEBUG] API call successful: GET https://my.luxurydmc.travel/api/v1/mail/luxurydmc.travel/mailboxes?page=1&per_page=50
2025-10-31T08:19:58.911Z [DEBUG] Making API call: GET https://my.luxurydmc.travel/api/v1/mail/luxurydmc.travel/mailboxes?page=2&per_page=50
2025-10-31T08:19:58.912Z [DEBUG] Making API call: GET https://my.luxurydmc.travel/api/v1/users?page=2&per_page=50
2025-10-31T08:20:00.644Z [DEBUG] API call successful: GET https://my.luxurydmc.travel/api/v1/users?page=1&per_page=50
2025-10-31T08:20:00.645Z [DEBUG] Making API call: GET https://my.luxurydmc.travel/api/v1/users?page=2&per_page=50
2025-10-31T08:20:00.647Z [DEBUG] API call successful: GET https://my.luxurydmc.travel/api/v1/mail/luxurydmc.travel/mailboxes?page=2&per_page=50
2025-10-31T08:20:00.648Z [DEBUG] API call successful: GET https://my.luxurydmc.travel/api/v1/users?page=2&per_page=50
2025-10-31T08:20:00.648Z [DEBUG] Making API call: GET https://my.luxurydmc.travel/api/v1/mail/luxurydestinationtourism.com/mailboxes?page=1&per_page=50
2025-10-31T08:20:00.650Z [INFO] Found 32 users in group, returning 25 for page 1.
2025-10-31T08:20:00.651Z [INFO] GET /api/users - 200
2025-10-31T08:20:03.351Z [DEBUG] API call successful: GET https://my.luxurydmc.travel/api/v1/mail/luxurydestinationtourism.com/mailboxes?page=1&per_page=50
2025-10-31T08:20:03.352Z [DEBUG] API call successful: GET https://my.luxurydmc.travel/api/v1/users?page=2&per_page=50
2025-10-31T08:20:03.352Z [DEBUG] Making API call: GET https://my.luxurydmc.travel/api/v1/mail/luxurydestinationtourism.com/mailboxes?page=2&per_page=50
2025-10-31T08:20:03.511Z [DEBUG] API call successful: GET https://my.luxurydmc.travel/api/v1/mail/luxurydestinationtourism.com/mailboxes?page=2&per_page=50
2025-10-31T08:20:03.511Z [INFO] Found 29 total mailboxes, returning 25 after exclusions for page 1.
2025-10-31T08:20:03.512Z [INFO] GET /api/mailboxes - 200
2025-10-31T08:20:21.273Z [INFO] GET / - 200
2025-10-31T08:20:21.289Z [INFO] GET /style.css - 200
2025-10-31T08:20:21.289Z [INFO] GET /script.js - 200
2025-10-31T08:20:21.343Z [DEBUG] Basic Auth attempt for user: admin
2025-10-31T08:20:21.343Z [INFO] Basic Auth successful for user: admin
2025-10-31T08:20:21.343Z [INFO] Request received to list users (page: 1, per_page: 25, search: ).
2025-10-31T08:20:21.343Z [DEBUG] Making API call: GET https://my.luxurydmc.travel/api/v1/users?page=1&per_page=50
2025-10-31T08:20:21.343Z [DEBUG] Making API call: GET https://my.luxurydmc.travel/api/v1/groups/gid-5d8b1201-3e87-415f-ab4c-66bf5ed523f3
2025-10-31T08:20:21.344Z [DEBUG] Basic Auth attempt for user: admin
2025-10-31T08:20:21.344Z [INFO] Basic Auth successful for user: admin
2025-10-31T08:20:21.344Z [INFO] Request received to list mailboxes (page: 1, per_page: 25, search: ).
2025-10-31T08:20:21.345Z [INFO] Using configured mail domains: luxurydmc.travel, luxurydestinationtourism.com
2025-10-31T08:20:21.345Z [DEBUG] Making API call: GET https://my.luxurydmc.travel/api/v1/users?page=1&per_page=50
2025-10-31T08:20:21.345Z [DEBUG] Making API call: GET https://my.luxurydmc.travel/api/v1/mail/luxurydmc.travel/mailboxes?page=1&per_page=50
2025-10-31T08:20:21.345Z [DEBUG] Basic Auth attempt for user: admin
2025-10-31T08:20:21.346Z [INFO] Basic Auth successful for user: admin
2025-10-31T08:20:21.346Z [INFO] Serving config with valid domains: {"domains":["luxurydmc.travel","luxurydestinationtourism.com"],"brandName":"Streamway"}
2025-10-31T08:20:21.346Z [INFO] GET /api/config - 200
2025-10-31T08:20:21.863Z [DEBUG] API call successful: GET https://my.luxurydmc.travel/api/v1/groups/gid-5d8b1201-3e87-415f-ab4c-66bf5ed523f3
2025-10-31T08:20:22.310Z [DEBUG] API call successful: GET https://my.luxurydmc.travel/api/v1/users?page=1&per_page=50
2025-10-31T08:20:22.310Z [DEBUG] Making API call: GET https://my.luxurydmc.travel/api/v1/users?page=2&per_page=50
2025-10-31T08:20:22.311Z [DEBUG] API call successful: GET https://my.luxurydmc.travel/api/v1/mail/luxurydmc.travel/mailboxes?page=1&per_page=50
2025-10-31T08:20:22.312Z [DEBUG] Making API call: GET https://my.luxurydmc.travel/api/v1/mail/luxurydmc.travel/mailboxes?page=2&per_page=50
2025-10-31T08:20:22.774Z [DEBUG] API call successful: GET https://my.luxurydmc.travel/api/v1/users?page=1&per_page=50
2025-10-31T08:20:22.775Z [DEBUG] API call successful: GET https://my.luxurydmc.travel/api/v1/users?page=2&per_page=50
2025-10-31T08:20:22.776Z [DEBUG] Making API call: GET https://my.luxurydmc.travel/api/v1/users?page=2&per_page=50
2025-10-31T08:20:22.777Z [INFO] Found 32 users in group, returning 25 for page 1.
2025-10-31T08:20:22.778Z [INFO] GET /api/users - 200
2025-10-31T08:20:22.868Z [DEBUG] API call successful: GET https://my.luxurydmc.travel/api/v1/mail/luxurydmc.travel/mailboxes?page=2&per_page=50
2025-10-31T08:20:22.869Z [DEBUG] Making API call: GET https://my.luxurydmc.travel/api/v1/mail/luxurydestinationtourism.com/mailboxes?page=1&per_page=50
2025-10-31T08:20:23.089Z [DEBUG] API call successful: GET https://my.luxurydmc.travel/api/v1/users?page=2&per_page=50
2025-10-31T08:20:23.767Z [DEBUG] API call successful: GET https://my.luxurydmc.travel/api/v1/mail/luxurydestinationtourism.com/mailboxes?page=1&per_page=50
2025-10-31T08:20:23.768Z [DEBUG] Making API call: GET https://my.luxurydmc.travel/api/v1/mail/luxurydestinationtourism.com/mailboxes?page=2&per_page=50
2025-10-31T08:20:23.883Z [DEBUG] API call successful: GET https://my.luxurydmc.travel/api/v1/mail/luxurydestinationtourism.com/mailboxes?page=2&per_page=50
2025-10-31T08:20:23.883Z [INFO] Found 29 total mailboxes, returning 25 after exclusions for page 1.
2025-10-31T08:20:23.884Z [INFO] GET /api/mailboxes - 200
2025-10-31T08:20:47.649Z [DEBUG] Basic Auth attempt for user: admin
2025-10-31T08:20:47.649Z [INFO] Basic Auth successful for user: admin
2025-10-31T08:20:47.649Z [INFO] Request received to list users (page: 1, per_page: 25, search: ra).
2025-10-31T08:20:47.649Z [DEBUG] Making API call: GET https://my.luxurydmc.travel/api/v1/users?page=1&per_page=50
2025-10-31T08:20:47.650Z [DEBUG] Making API call: GET https://my.luxurydmc.travel/api/v1/groups/gid-5d8b1201-3e87-415f-ab4c-66bf5ed523f3
2025-10-31T08:20:47.650Z [DEBUG] Basic Auth attempt for user: admin
2025-10-31T08:20:47.651Z [INFO] Basic Auth successful for user: admin
2025-10-31T08:20:47.651Z [INFO] Request received to list mailboxes (page: 1, per_page: 25, search: ).
2025-10-31T08:20:47.651Z [INFO] Using configured mail domains: luxurydmc.travel, luxurydestinationtourism.com
2025-10-31T08:20:47.651Z [DEBUG] Making API call: GET https://my.luxurydmc.travel/api/v1/users?page=1&per_page=50
2025-10-31T08:20:47.651Z [DEBUG] Basic Auth attempt for user: admin
2025-10-31T08:20:47.651Z [INFO] Basic Auth successful for user: admin
2025-10-31T08:20:47.651Z [INFO] Serving config with valid domains: {"domains":["luxurydmc.travel","luxurydestinationtourism.com"],"brandName":"Streamway"}
2025-10-31T08:20:47.651Z [DEBUG] Making API call: GET https://my.luxurydmc.travel/api/v1/mail/luxurydmc.travel/mailboxes?page=1&per_page=50
2025-10-31T08:20:47.652Z [INFO] GET /api/config - 200
2025-10-31T08:20:47.981Z [DEBUG] API call successful: GET https://my.luxurydmc.travel/api/v1/groups/gid-5d8b1201-3e87-415f-ab4c-66bf5ed523f3
2025-10-31T08:20:48.441Z [DEBUG] Basic Auth attempt for user: admin
2025-10-31T08:20:48.442Z [INFO] Basic Auth successful for user: admin
2025-10-31T08:20:48.442Z [INFO] Request received to list users (page: 1, per_page: 25, search: ram).
2025-10-31T08:20:48.442Z [DEBUG] Making API call: GET https://my.luxurydmc.travel/api/v1/users?page=1&per_page=50
2025-10-31T08:20:48.443Z [DEBUG] Making API call: GET https://my.luxurydmc.travel/api/v1/groups/gid-5d8b1201-3e87-415f-ab4c-66bf5ed523f3
2025-10-31T08:20:48.749Z [DEBUG] Basic Auth attempt for user: admin
2025-10-31T08:20:48.749Z [INFO] Basic Auth successful for user: admin
2025-10-31T08:20:48.749Z [INFO] Serving config with valid domains: {"domains":["luxurydmc.travel","luxurydestinationtourism.com"],"brandName":"Streamway"}
2025-10-31T08:20:48.750Z [INFO] GET /api/config - 200
2025-10-31T08:20:48.816Z [DEBUG] API call successful: GET https://my.luxurydmc.travel/api/v1/users?page=1&per_page=50
2025-10-31T08:20:48.817Z [DEBUG] Making API call: GET https://my.luxurydmc.travel/api/v1/users?page=2&per_page=50
2025-10-31T08:20:49.480Z [DEBUG] API call successful: GET https://my.luxurydmc.travel/api/v1/mail/luxurydmc.travel/mailboxes?page=1&per_page=50
2025-10-31T08:20:49.480Z [DEBUG] API call successful: GET https://my.luxurydmc.travel/api/v1/users?page=2&per_page=50
2025-10-31T08:20:49.480Z [DEBUG] Making API call: GET https://my.luxurydmc.travel/api/v1/mail/luxurydmc.travel/mailboxes?page=2&per_page=50
2025-10-31T08:20:49.481Z [INFO] Found 26 users in group, returning 25 for page 1.
2025-10-31T08:20:49.481Z [INFO] GET /api/users - 200
2025-10-31T08:20:49.485Z [DEBUG] API call successful: GET https://my.luxurydmc.travel/api/v1/users?page=1&per_page=50
2025-10-31T08:20:49.486Z [DEBUG] Making API call: GET https://my.luxurydmc.travel/api/v1/users?page=2&per_page=50
2025-10-31T08:20:49.582Z [DEBUG] API call successful: GET https://my.luxurydmc.travel/api/v1/users?page=1&per_page=50
2025-10-31T08:20:49.583Z [DEBUG] API call successful: GET https://my.luxurydmc.travel/api/v1/groups/gid-5d8b1201-3e87-415f-ab4c-66bf5ed523f3
2025-10-31T08:20:49.583Z [DEBUG] Making API call: GET https://my.luxurydmc.travel/api/v1/users?page=2&per_page=50
2025-10-31T08:20:49.586Z [DEBUG] API call successful: GET https://my.luxurydmc.travel/api/v1/mail/luxurydmc.travel/mailboxes?page=2&per_page=50
2025-10-31T08:20:49.586Z [DEBUG] Making API call: GET https://my.luxurydmc.travel/api/v1/mail/luxurydestinationtourism.com/mailboxes?page=1&per_page=50
2025-10-31T08:20:52.494Z [DEBUG] API call successful: GET https://my.luxurydmc.travel/api/v1/users?page=2&per_page=50
2025-10-31T08:20:52.495Z [DEBUG] API call successful: GET https://my.luxurydmc.travel/api/v1/mail/luxurydestinationtourism.com/mailboxes?page=1&per_page=50
2025-10-31T08:20:52.495Z [DEBUG] API call successful: GET https://my.luxurydmc.travel/api/v1/users?page=2&per_page=50
2025-10-31T08:20:52.495Z [DEBUG] Making API call: GET https://my.luxurydmc.travel/api/v1/mail/luxurydestinationtourism.com/mailboxes?page=2&per_page=50
2025-10-31T08:20:52.496Z [INFO] Found 1 users in group, returning 1 for page 1.
2025-10-31T08:20:52.497Z [INFO] GET /api/users - 200
2025-10-31T08:20:52.564Z [DEBUG] API call successful: GET https://my.luxurydmc.travel/api/v1/mail/luxurydestinationtourism.com/mailboxes?page=2&per_page=50
2025-10-31T08:20:52.564Z [INFO] Found 29 total mailboxes, returning 25 after exclusions for page 1.
2025-10-31T08:20:52.565Z [INFO] GET /api/mailboxes - 200
2025-10-31T08:20:52.569Z [DEBUG] Basic Auth attempt for user: admin
2025-10-31T08:20:52.569Z [INFO] Basic Auth successful for user: admin
2025-10-31T08:20:52.570Z [INFO] Request received to list mailboxes (page: 1, per_page: 25, search: ).
2025-10-31T08:20:52.570Z [INFO] Using configured mail domains: luxurydmc.travel, luxurydestinationtourism.com
2025-10-31T08:20:52.570Z [DEBUG] Making API call: GET https://my.luxurydmc.travel/api/v1/users?page=1&per_page=50
2025-10-31T08:20:52.570Z [DEBUG] Making API call: GET https://my.luxurydmc.travel/api/v1/mail/luxurydmc.travel/mailboxes?page=1&per_page=50
2025-10-31T08:20:54.034Z [DEBUG] API call successful: GET https://my.luxurydmc.travel/api/v1/users?page=1&per_page=50
2025-10-31T08:20:54.035Z [DEBUG] Making API call: GET https://my.luxurydmc.travel/api/v1/users?page=2&per_page=50
2025-10-31T08:20:54.037Z [DEBUG] API call successful: GET https://my.luxurydmc.travel/api/v1/mail/luxurydmc.travel/mailboxes?page=1&per_page=50
2025-10-31T08:20:54.038Z [DEBUG] Making API call: GET https://my.luxurydmc.travel/api/v1/mail/luxurydmc.travel/mailboxes?page=2&per_page=50
2025-10-31T08:20:54.112Z [DEBUG] API call successful: GET https://my.luxurydmc.travel/api/v1/users?page=2&per_page=50
2025-10-31T08:20:54.512Z [DEBUG] API call successful: GET https://my.luxurydmc.travel/api/v1/mail/luxurydmc.travel/mailboxes?page=2&per_page=50
2025-10-31T08:20:54.513Z [DEBUG] Making API call: GET https://my.luxurydmc.travel/api/v1/mail/luxurydestinationtourism.com/mailboxes?page=1&per_page=50
2025-10-31T08:20:54.620Z [DEBUG] API call successful: GET https://my.luxurydmc.travel/api/v1/mail/luxurydestinationtourism.com/mailboxes?page=1&per_page=50
2025-10-31T08:20:54.621Z [DEBUG] Making API call: GET https://my.luxurydmc.travel/api/v1/mail/luxurydestinationtourism.com/mailboxes?page=2&per_page=50
2025-10-31T08:20:54.784Z [DEBUG] API call successful: GET https://my.luxurydmc.travel/api/v1/mail/luxurydestinationtourism.com/mailboxes?page=2&per_page=50
2025-10-31T08:20:54.785Z [INFO] Found 29 total mailboxes, returning 25 after exclusions for page 1.
2025-10-31T08:20:54.785Z [INFO] GET /api/mailboxes - 200
2025-10-31T08:21:23.674Z [DEBUG] Basic Auth attempt for user: admin
2025-10-31T08:21:23.674Z [INFO] Basic Auth successful for user: admin
2025-10-31T08:21:23.676Z [INFO] GET /api/users/uid-77e17564-2250-45c2-9149-b4f3c93fadcb/password - 200
2025-10-31T08:21:25.289Z [DEBUG] Basic Auth attempt for user: admin
2025-10-31T08:21:25.289Z [INFO] Basic Auth successful for user: admin
2025-10-31T08:21:25.297Z [INFO] [AUDIT] Viewed password for user ID uid-77e17564-2250-45c2-9149-b4f3c93fadcb
2025-10-31T08:21:25.297Z [INFO] POST /api/logs/audit - 200
2025-10-31T08:21:44.512Z [DEBUG] Basic Auth attempt for user: admin
2025-10-31T08:21:44.513Z [INFO] Basic Auth successful for user: admin
2025-10-31T08:21:44.513Z [INFO] Request received to list users (page: 1, per_page: 25, search: ).
2025-10-31T08:21:44.513Z [DEBUG] Making API call: GET https://my.luxurydmc.travel/api/v1/users?page=1&per_page=50
2025-10-31T08:21:44.514Z [DEBUG] Making API call: GET https://my.luxurydmc.travel/api/v1/groups/gid-5d8b1201-3e87-415f-ab4c-66bf5ed523f3
2025-10-31T08:21:44.516Z [DEBUG] Basic Auth attempt for user: admin
2025-10-31T08:21:44.516Z [INFO] Basic Auth successful for user: admin
2025-10-31T08:21:44.517Z [INFO] Request received to list mailboxes (page: 1, per_page: 25, search: ).
2025-10-31T08:21:44.517Z [INFO] Using configured mail domains: luxurydmc.travel, luxurydestinationtourism.com
2025-10-31T08:21:44.517Z [DEBUG] Making API call: GET https://my.luxurydmc.travel/api/v1/users?page=1&per_page=50
2025-10-31T08:21:44.518Z [DEBUG] Basic Auth attempt for user: admin
2025-10-31T08:21:44.518Z [INFO] Basic Auth successful for user: admin
2025-10-31T08:21:44.519Z [INFO] Serving config with valid domains: {"domains":["luxurydmc.travel","luxurydestinationtourism.com"],"brandName":"Streamway"}
2025-10-31T08:21:44.519Z [DEBUG] Making API call: GET https://my.luxurydmc.travel/api/v1/mail/luxurydmc.travel/mailboxes?page=1&per_page=50
2025-10-31T08:21:44.520Z [INFO] GET /api/config - 200
2025-10-31T08:21:44.696Z [DEBUG] API call successful: GET https://my.luxurydmc.travel/api/v1/groups/gid-5d8b1201-3e87-415f-ab4c-66bf5ed523f3
2025-10-31T08:21:45.018Z [DEBUG] API call successful: GET https://my.luxurydmc.travel/api/v1/users?page=1&per_page=50
2025-10-31T08:21:45.019Z [DEBUG] Making API call: GET https://my.luxurydmc.travel/api/v1/users?page=2&per_page=50
2025-10-31T08:21:45.020Z [DEBUG] API call successful: GET https://my.luxurydmc.travel/api/v1/users?page=1&per_page=50
2025-10-31T08:21:45.021Z [DEBUG] Making API call: GET https://my.luxurydmc.travel/api/v1/users?page=2&per_page=50
2025-10-31T08:21:45.073Z [DEBUG] API call successful: GET https://my.luxurydmc.travel/api/v1/mail/luxurydmc.travel/mailboxes?page=1&per_page=50
2025-10-31T08:21:45.074Z [DEBUG] Making API call: GET https://my.luxurydmc.travel/api/v1/mail/luxurydmc.travel/mailboxes?page=2&per_page=50
2025-10-31T08:21:45.164Z [DEBUG] API call successful: GET https://my.luxurydmc.travel/api/v1/users?page=2&per_page=50
2025-10-31T08:21:45.165Z [INFO] Found 32 users in group, returning 25 for page 1.
2025-10-31T08:21:45.166Z [INFO] GET /api/users - 200
2025-10-31T08:21:45.318Z [DEBUG] API call successful: GET https://my.luxurydmc.travel/api/v1/mail/luxurydmc.travel/mailboxes?page=2&per_page=50
2025-10-31T08:21:45.319Z [DEBUG] API call successful: GET https://my.luxurydmc.travel/api/v1/users?page=2&per_page=50
2025-10-31T08:21:45.319Z [DEBUG] Making API call: GET https://my.luxurydmc.travel/api/v1/mail/luxurydestinationtourism.com/mailboxes?page=1&per_page=50
2025-10-31T08:21:45.633Z [DEBUG] API call successful: GET https://my.luxurydmc.travel/api/v1/mail/luxurydestinationtourism.com/mailboxes?page=1&per_page=50
2025-10-31T08:21:45.633Z [DEBUG] Making API call: GET https://my.luxurydmc.travel/api/v1/mail/luxurydestinationtourism.com/mailboxes?page=2&per_page=50
2025-10-31T08:21:45.718Z [DEBUG] API call successful: GET https://my.luxurydmc.travel/api/v1/mail/luxurydestinationtourism.com/mailboxes?page=2&per_page=50
2025-10-31T08:21:45.718Z [INFO] Found 29 total mailboxes, returning 25 after exclusions for page 1.
2025-10-31T08:21:45.719Z [INFO] GET /api/mailboxes - 200
2025-10-31T08:21:47.515Z [DEBUG] Basic Auth attempt for user: admin
2025-10-31T08:21:47.515Z [INFO] Basic Auth successful for user: admin
2025-10-31T08:21:47.517Z [INFO] GET /api/users/uid-3d1c5781-d7e9-454f-b605-7ffb3ddb1598/password - 404
2025-10-31T08:21:59.109Z [DEBUG] Basic Auth attempt for user: admin
2025-10-31T08:21:59.109Z [INFO] Basic Auth successful for user: admin
2025-10-31T08:21:59.109Z [INFO] Using configured mail domains: luxurydmc.travel, luxurydestinationtourism.com
2025-10-31T08:21:59.110Z [DEBUG] Making API call: GET https://my.luxurydmc.travel/api/v1/mail/luxurydmc.travel/mailboxes?page=1&per_page=50
2025-10-31T08:21:59.963Z [DEBUG] API call successful: GET https://my.luxurydmc.travel/api/v1/mail/luxurydmc.travel/mailboxes?page=1&per_page=50
2025-10-31T08:21:59.963Z [DEBUG] Making API call: GET https://my.luxurydmc.travel/api/v1/mail/luxurydmc.travel/mailboxes?page=2&per_page=50
2025-10-31T08:22:00.183Z [DEBUG] API call successful: GET https://my.luxurydmc.travel/api/v1/mail/luxurydmc.travel/mailboxes?page=2&per_page=50
2025-10-31T08:22:00.184Z [DEBUG] Making API call: GET https://my.luxurydmc.travel/api/v1/mail/luxurydestinationtourism.com/mailboxes?page=1&per_page=50
2025-10-31T08:22:00.286Z [DEBUG] API call successful: GET https://my.luxurydmc.travel/api/v1/mail/luxurydestinationtourism.com/mailboxes?page=1&per_page=50
2025-10-31T08:22:00.286Z [DEBUG] Making API call: GET https://my.luxurydmc.travel/api/v1/mail/luxurydestinationtourism.com/mailboxes?page=2&per_page=50
2025-10-31T08:22:00.499Z [DEBUG] Basic Auth attempt for user: admin
2025-10-31T08:22:00.500Z [INFO] Basic Auth successful for user: admin
2025-10-31T08:22:00.501Z [INFO] GET /api/users/uid-3d1c5781-d7e9-454f-b605-7ffb3ddb1598/password - 404
2025-10-31T08:22:00.619Z [DEBUG] API call successful: GET https://my.luxurydmc.travel/api/v1/mail/luxurydestinationtourism.com/mailboxes?page=2&per_page=50
2025-10-31T08:22:00.620Z [INFO] Found 1 mailboxes for user uid-3d1c5781-d7e9-454f-b605-7ffb3ddb1598.
2025-10-31T08:22:00.620Z [INFO] GET /api/mailboxes/user/uid-3d1c5781-d7e9-454f-b605-7ffb3ddb1598 - 200
